c,h,l,n,o,t,v,vw
4.85,5.15,4.6,3695,4.93,2016-01-04T05:00:00Z,620306,4.866189
4.87,4.94,4.76,3604,4.88,2016-01-05T05:00:00Z,513260,4.860115
4.73,4.86,4.56,3765,4.79,2016-01-06T05:00:00Z,727258,4.680256
4.6,4.72,4.56,3007,4.63,2016-01-07T05:00:00Z,1088349,4.623673
4.04,4.58,4.04,8291,4.53,2016-01-08T05:00:00Z,2275806,4.134051
3.65,4.05,3.54,5736,4.03,2016-01-11T05:00:00Z,1001768,3.678866
3.39,3.81,3.2401,4935,3.65,2016-01-12T05:00:00Z,981176,3.442289
3.26,3.59,3.26,3143,3.44,2016-01-13T05:00:00Z,1024105,3.353836
3.38,3.56,3.16,4669,3.27,2016-01-14T05:00:00Z,878479,3.384248
3.4,3.5,3.22,4775,3.4,2016-01-15T05:00:00Z,1023981,3.354081
3.07,3.5,2.93,4933,3.5,2016-01-19T05:00:00Z,1207763,3.142623
3.16,3.2864,2.95,4694,3.02,2016-01-20T05:00:00Z,989518,3.135044
3.29,3.33,3.15,3674,3.15,2016-01-21T05:00:00Z,553536,3.262993
3.34,3.4,3.17,2606,3.34,2016-01-22T05:00:00Z,553151,3.291612
3.15,3.34,3.15,2728,3.33,2016-01-25T05:00:00Z,414326,3.197778
3.3,3.3,3.11,2645,3.13,2016-01-26T05:00:00Z,477819,3.236246
3.25,3.35,3.2,3879,3.22,2016-01-27T05:00:00Z,904236,3.270822
3.0,3.335,2.99,3719,3.3,2016-01-28T05:00:00Z,864972,3.064849
3.04,3.325,2.96,5714,3.06,2016-01-29T05:00:00Z,1215812,3.045893
3.12,3.16,2.95,2578,3.03,2016-02-01T05:00:00Z,470664,3.069867
2.98,3.21,2.91,3198,3.08,2016-02-02T05:00:00Z,536357,2.992117
2.96,3.1,2.83,4438,2.99,2016-02-03T05:00:00Z,676929,2.94766
3.07,3.25,2.94,3460,2.94,2016-02-04T05:00:00Z,579065,3.082933
3.12,3.2,2.9982,3368,3.08,2016-02-05T05:00:00Z,721431,3.123552
2.89,3.1,2.8,2348,3.03,2016-02-08T05:00:00Z,539561,2.91578
2.65,2.95,2.55,3410,2.7,2016-02-09T05:00:00Z,715788,2.691919
2.61,2.8,2.6,2034,2.8,2016-02-10T05:00:00Z,428566,2.679807
2.49,2.59,2.47,2426,2.59,2016-02-11T05:00:00Z,473210,2.514771
2.48,2.53,2.44,3545,2.5,2016-02-12T05:00:00Z,632638,2.484709
2.65,2.68,2.475,3748,2.51,2016-02-16T05:00:00Z,776257,2.576876
2.88,2.93,2.51,3032,2.73,2016-02-17T05:00:00Z,784701,2.8185
2.82,2.9,2.79,2321,2.9,2016-02-18T05:00:00Z,414119,2.835923
2.92,2.955,2.71,2498,2.76,2016-02-19T05:00:00Z,1382756,2.824076
2.96,3.02,2.92,2095,3.0,2016-02-22T05:00:00Z,379466,2.965793
2.86,2.98,2.8,1439,2.94,2016-02-23T05:00:00Z,230121,2.862471
2.8,2.85,2.68,1891,2.83,2016-02-24T05:00:00Z,301086,2.800527
2.78,2.8899,2.69,1179,2.78,2016-02-25T05:00:00Z,165768,2.759034
2.87,2.91,2.755,1130,2.77,2016-02-26T05:00:00Z,161120,2.84977
2.9,3.09,2.83,2125,2.9,2016-02-29T05:00:00Z,407162,2.936363
2.79,2.95,2.77,1277,2.91,2016-03-01T05:00:00Z,174114,2.822853
3.02,3.08,2.82,1922,2.82,2016-03-02T05:00:00Z,311096,2.992494
3.13,3.32,3.0,1840,3.0,2016-03-03T05:00:00Z,355424,3.146004
3.13,3.33,3.12,1615,3.12,2016-03-04T05:00:00Z,302924,3.199546
3.22,3.3999,3.07,2430,3.1,2016-03-07T05:00:00Z,424722,3.23707
2.98,3.29,2.94,1718,3.2,2016-03-08T05:00:00Z,331773,3.026298
3.02,3.07,2.945,1794,3.0,2016-03-09T05:00:00Z,539429,3.002102
2.84,3.08,2.81,1794,3.01,2016-03-10T05:00:00Z,356642,2.898633
2.89,2.96,2.75,2337,2.9,2016-03-11T05:00:00Z,433687,2.830431
2.94,2.96,2.79,1732,2.87,2016-03-14T04:00:00Z,256706,2.917407
2.75,2.972,2.68,1085,2.93,2016-03-15T04:00:00Z,208549,2.749029
2.8,2.84,2.71,1180,2.73,2016-03-16T04:00:00Z,168286,2.785433
2.88,2.9,2.7715,1264,2.78,2016-03-17T04:00:00Z,230509,2.872673
3.01,3.08,2.85,3490,2.9,2016-03-18T04:00:00Z,2625806,2.97744
2.96,2.98,2.78,1586,2.97,2016-03-21T04:00:00Z,281796,2.923354
2.97,3.03,2.84,1329,2.92,2016-03-22T04:00:00Z,221640,2.972993
2.82,2.96,2.81,1672,2.95,2016-03-23T04:00:00Z,276489,2.844778
2.98,3.02,2.75,1792,2.83,2016-03-24T04:00:00Z,430440,2.906158
3.04,3.05,2.88,1685,2.96,2016-03-28T04:00:00Z,295565,2.999818
2.99,3.04,2.865,2197,3.0,2016-03-29T04:00:00Z,357916,2.97107
3.02,3.05,2.98,1647,3.01,2016-03-30T04:00:00Z,277780,3.016543
2.97,3.05,2.93,2804,3.0,2016-03-31T04:00:00Z,535800,2.980129
2.98,3.02,2.94,1749,2.95,2016-04-01T04:00:00Z,294996,2.983893
3.2,3.5,3.0,2837,3.01,2016-04-04T04:00:00Z,904349,3.274371
3.14,3.2101,3.07,1774,3.2,2016-04-05T04:00:00Z,355699,3.137811
3.4,3.41,3.11,2079,3.13,2016-04-06T04:00:00Z,511235,3.327547
4.03,4.05,3.39,5092,3.4,2016-04-07T04:00:00Z,1026296,3.801106
3.84,4.05,3.64,4510,3.93,2016-04-08T04:00:00Z,759927,3.81599
3.7,4.0,3.66,2968,3.83,2016-04-11T04:00:00Z,481163,3.769473
3.68,3.79,3.62,3705,3.7,2016-04-12T04:00:00Z,667578,3.700723
4.0,4.22,3.71,4213,3.71,2016-04-13T04:00:00Z,872302,4.003259
4.03,4.14,3.99,2603,4.02,2016-04-14T04:00:00Z,441278,4.050114
4.13,4.155,3.9572,1642,3.99,2016-04-15T04:00:00Z,277960,4.080493
4.28,4.39,4.08,3303,4.09,2016-04-18T04:00:00Z,649203,4.274808
4.4,4.6,4.34,3437,4.35,2016-04-19T04:00:00Z,583140,4.423748
4.55,4.75,4.38,3310,4.45,2016-04-20T04:00:00Z,683308,4.56638
4.51,4.73,4.43,2320,4.58,2016-04-21T04:00:00Z,452603,4.515481
4.82,4.9001,4.56,3791,4.56,2016-04-22T04:00:00Z,1334296,4.774171
4.66,4.83,4.55,2508,4.83,2016-04-25T04:00:00Z,384291,4.646545
4.67,4.72,4.6,1911,4.67,2016-04-26T04:00:00Z,314597,4.658472
4.79,4.82,4.624,1877,4.63,2016-04-27T04:00:00Z,307259,4.77344
4.87,5.18,4.81,5159,4.84,2016-04-28T04:00:00Z,1355609,5.03205
4.95,5.1,4.783,3221,4.88,2016-04-29T04:00:00Z,749367,4.896298
4.98,5.06,4.85,2220,5.02,2016-05-02T04:00:00Z,413991,4.943101
4.87,5.0,4.7,2213,4.9,2016-05-03T04:00:00Z,356627,4.821381
4.84,4.96,4.765,1859,4.8,2016-05-04T04:00:00Z,286413,4.845462
4.64,4.91,4.64,1513,4.87,2016-05-05T04:00:00Z,268480,4.695137
4.86,4.86,4.585,2655,4.63,2016-05-06T04:00:00Z,527078,4.793416
4.76,4.9,4.67,1724,4.87,2016-05-09T04:00:00Z,370811,4.811435
5.43,5.92,4.4,11091,4.59,2016-05-10T04:00:00Z,2236506,5.510815
5.85,6.17,5.41,7592,5.41,2016-05-11T04:00:00Z,1510153,5.899958
5.56,5.97,5.42,6243,5.89,2016-05-12T04:00:00Z,1121045,5.569693
5.69,6.02,5.51,4255,5.56,2016-05-13T04:00:00Z,912808,5.714397
5.81,6.0,5.7,3816,5.73,2016-05-16T04:00:00Z,658043,5.848128
5.91,6.13,5.69,4294,5.81,2016-05-17T04:00:00Z,966830,5.952436
5.92,6.16,5.855,2781,5.92,2016-05-18T04:00:00Z,395804,5.963879
6.03,6.14,5.845,2961,5.88,2016-05-19T04:00:00Z,434765,6.042163
6.27,6.42,6.03,4106,6.09,2016-05-20T04:00:00Z,862363,6.266425
6.57,6.69,6.27,4100,6.27,2016-05-23T04:00:00Z,779559,6.509941
6.7,6.84,6.5132,4875,6.67,2016-05-24T04:00:00Z,881622,6.706817
6.73,6.94,6.71,5953,6.81,2016-05-25T04:00:00Z,1004743,6.788818
6.58,6.76,6.41,3495,6.76,2016-05-26T04:00:00Z,568668,6.583697
6.65,6.8,6.5775,1872,6.6,2016-05-27T04:00:00Z,357016,6.680122
6.78,6.88,6.6304,2764,6.84,2016-05-31T04:00:00Z,601631,6.781284
6.78,6.82,6.41,3649,6.68,2016-06-01T04:00:00Z,558151,6.670599
6.85,6.9,6.58,2820,6.58,2016-06-02T04:00:00Z,485952,6.784769
6.77,6.87,6.61,2893,6.84,2016-06-03T04:00:00Z,573724,6.764719
7.13,7.15,6.74,6655,6.79,2016-06-06T04:00:00Z,1269941,7.062224
7.07,7.24,6.99,2965,7.13,2016-06-07T04:00:00Z,492070,7.104507
6.96,7.13,6.95,2540,7.1,2016-06-08T04:00:00Z,406324,6.999615
6.69,7.0499,6.69,2133,6.97,2016-06-09T04:00:00Z,431505,6.729443
6.59,6.87,6.5,1865,6.68,2016-06-10T04:00:00Z,283705,6.604346
6.51,6.73,6.49,1847,6.53,2016-06-13T04:00:00Z,243353,6.570589
6.34,6.68,6.28,2148,6.5,2016-06-14T04:00:00Z,321643,6.398048
6.39,6.67,6.34,2568,6.42,2016-06-15T04:00:00Z,510671,6.440199
6.58,6.58,6.26,2847,6.3,2016-06-16T04:00:00Z,564322,6.452162
6.85,6.92,6.58,2364,6.59,2016-06-17T04:00:00Z,950217,6.7669
7.16,7.22,6.93,2048,6.95,2016-06-20T04:00:00Z,563125,7.147654
7.21,7.23,6.945,2221,6.99,2016-06-21T04:00:00Z,432210,7.085053
6.99,7.2,6.92,3390,7.2,2016-06-22T04:00:00Z,595863,7.036681
7.48,7.5,7.03,3116,7.11,2016-06-23T04:00:00Z,654757,7.359312
7.5,7.5,6.95,4053,7.1,2016-06-24T04:00:00Z,1402747,7.407414
6.85,7.45,6.66,4368,7.45,2016-06-27T04:00:00Z,723418,6.880817
7.01,7.1,6.78,2546,6.78,2016-06-28T04:00:00Z,434500,6.986126
7.34,7.38,7.09,2868,7.12,2016-06-29T04:00:00Z,526186,7.280109
7.56,7.5862,7.03,3382,7.39,2016-06-30T04:00:00Z,692192,7.456722
7.6,7.73,7.48,2525,7.52,2016-07-01T04:00:00Z,468072,7.585354
7.4,7.66,7.26,3213,7.61,2016-07-05T04:00:00Z,535486,7.375111
7.64,7.67,7.19,3368,7.34,2016-07-06T04:00:00Z,674628,7.557324
8.9,9.34,8.54,11588,8.83,2016-07-07T04:00:00Z,2356655,8.82239
8.97,9.18,8.85,6570,8.88,2016-07-08T04:00:00Z,1693778,8.970126
9.24,9.27,8.9,4369,9.0,2016-07-11T04:00:00Z,799175,9.160526
9.66,9.73,9.3769,4924,9.38,2016-07-12T04:00:00Z,890480,9.612224
9.44,9.75,9.31,4457,9.75,2016-07-13T04:00:00Z,755477,9.475989
9.5,9.59,9.27,5789,9.52,2016-07-14T04:00:00Z,845927,9.436883
9.8,9.8,9.46,3943,9.6,2016-07-15T04:00:00Z,865571,9.663594
9.64,9.83,9.58,2877,9.76,2016-07-18T04:00:00Z,422508,9.698602
9.57,9.77,9.3375,3384,9.52,2016-07-19T04:00:00Z,677158,9.535152
9.32,9.63,9.31,3299,9.63,2016-07-20T04:00:00Z,469716,9.431752
9.15,9.52,9.13,3142,9.38,2016-07-21T04:00:00Z,465401,9.235728
9.27,9.32,8.96,2852,9.11,2016-07-22T04:00:00Z,435810,9.190781
9.05,9.24,8.97,1767,9.23,2016-07-25T04:00:00Z,266712,9.043675
9.15,9.34,8.96,2716,9.07,2016-07-26T04:00:00Z,393166,9.164074
9.25,9.42,9.03,2329,9.15,2016-07-27T04:00:00Z,306526,9.217104
9.12,9.3099,9.09,1904,9.12,2016-07-28T04:00:00Z,245957,9.156392
9.06,9.1999,8.92,2385,8.93,2016-07-29T04:00:00Z,325351,9.032905
9.04,9.27,8.94,1845,9.08,2016-08-01T04:00:00Z,244493,9.107127
9.09,9.19,8.96,1953,9.06,2016-08-02T04:00:00Z,311570,9.10049
9.29,9.29,9.0,4594,9.08,2016-08-03T04:00:00Z,798026,9.138314
9.27,9.76,9.14,3282,9.4,2016-08-04T04:00:00Z,453917,9.308288
9.27,9.45,9.21,2733,9.3,2016-08-05T04:00:00Z,455856,9.288845
9.36,9.61,9.3,1877,9.32,2016-08-08T04:00:00Z,268525,9.378631
9.3,9.62,9.23,2003,9.23,2016-08-09T04:00:00Z,378320,9.359782
9.16,9.36,9.11,4340,9.28,2016-08-10T04:00:00Z,629369,9.20904
9.2,9.47,8.83,2551,9.26,2016-08-11T04:00:00Z,421392,9.213817
9.06,9.3,9.01,3647,9.19,2016-08-12T04:00:00Z,603399,9.064646
9.64,9.675,9.07,3920,9.07,2016-08-15T04:00:00Z,663785,9.508075
9.3,9.59,9.28,2777,9.59,2016-08-16T04:00:00Z,427234,9.366205
9.96,10.21,9.5502,5379,9.67,2016-08-17T04:00:00Z,1039655,9.954772
10.08,10.1,9.9,3258,9.99,2016-08-18T04:00:00Z,675816,10.027089
10.15,10.18,9.94,2591,10.04,2016-08-19T04:00:00Z,390824,10.094297
10.31,10.33,9.96,2016,10.14,2016-08-22T04:00:00Z,283125,10.209121
10.34,10.485,10.12,3029,10.36,2016-08-23T04:00:00Z,473701,10.317188
9.92,10.43,9.87,2233,10.3,2016-08-24T04:00:00Z,347895,10.019977
10.1,10.23,9.92,1937,9.92,2016-08-25T04:00:00Z,313794,10.098378
9.97,10.16,9.9,2010,10.14,2016-08-26T04:00:00Z,266310,10.017594
10.16,10.17,9.99,1751,10.01,2016-08-29T04:00:00Z,286271,10.130349
10.28,10.44,10.12,1858,10.13,2016-08-30T04:00:00Z,319601,10.293742
10.35,10.42,10.1,4237,10.32,2016-08-31T04:00:00Z,785376,10.305369
10.17,10.39,10.02,2554,10.34,2016-09-01T04:00:00Z,357749,10.159605
10.54,10.6,10.17,2161,10.17,2016-09-02T04:00:00Z,447699,10.483023
10.49,10.6199,10.33,3188,10.48,2016-09-06T04:00:00Z,418031,10.436911
10.47,10.56,10.405,3657,10.49,2016-09-07T04:00:00Z,571997,10.458712
10.38,10.5501,10.37,2399,10.51,2016-09-08T04:00:00Z,341660,10.433664
9.85,10.33,9.82,3678,10.3,2016-09-09T04:00:00Z,595316,9.969943
10.27,10.335,9.55,4087,9.7,2016-09-12T04:00:00Z,532461,10.137791
9.97,10.27,9.85,3436,10.19,2016-09-13T04:00:00Z,658498,10.06083
9.87,10.04,9.75,3572,10.01,2016-09-14T04:00:00Z,495212,9.910752
10.21,10.25,9.88,3414,9.91,2016-09-15T04:00:00Z,559772,10.120527
10.06,10.26,10.05,2559,10.23,2016-09-16T04:00:00Z,984980,10.116437
10.02,10.31,9.87,3581,10.14,2016-09-19T04:00:00Z,660828,10.036275
9.98,10.22,9.8,2805,10.12,2016-09-20T04:00:00Z,363244,9.922574
9.99,10.19,9.8001,2453,10.03,2016-09-21T04:00:00Z,389759,9.943844
9.9,10.06,9.87,3634,10.06,2016-09-22T04:00:00Z,693117,9.941985
10.12,10.26,9.781,3384,9.9,2016-09-23T04:00:00Z,503337,10.121349
9.94,10.07,9.87,2489,10.02,2016-09-26T04:00:00Z,435893,9.938649
9.83,9.9816,9.72,2728,9.9,2016-09-27T04:00:00Z,382931,9.822269
10.35,10.42,9.54,5442,9.89,2016-09-28T04:00:00Z,957773,10.286592
10.8,10.92,10.31,6686,10.38,2016-09-29T04:00:00Z,1073691,10.767361
11.06,11.12,10.71,7165,10.95,2016-09-30T04:00:00Z,1175195,11.015834
11.14,11.33,10.991,4085,11.09,2016-10-03T04:00:00Z,610361,11.13357
10.74,11.12,10.67,2908,11.09,2016-10-04T04:00:00Z,415431,10.8387
10.85,11.03,10.82,2541,10.87,2016-10-05T04:00:00Z,368797,10.917699
10.56,10.79,10.462,1837,10.79,2016-10-06T04:00:00Z,240956,10.565872
10.46,10.66,10.34,1869,10.54,2016-10-07T04:00:00Z,493145,10.455801
10.65,10.68,10.46,1985,10.57,2016-10-10T04:00:00Z,224798,10.604251
10.61,10.74,10.071,2194,10.6,2016-10-11T04:00:00Z,284154,10.618134
10.93,10.96,10.51,3048,10.62,2016-10-12T04:00:00Z,361329,10.798472
10.93,11.02,10.78,3662,10.93,2016-10-13T04:00:00Z,429345,10.947165
10.9,10.99,10.65,2408,10.97,2016-10-14T04:00:00Z,295822,10.852085
10.8,10.93,10.66,1647,10.86,2016-10-17T04:00:00Z,203967,10.794333
10.89,11.0,10.84,2213,10.95,2016-10-18T04:00:00Z,360454,10.917607
10.92,10.96,10.62,1339,10.96,2016-10-19T04:00:00Z,174728,10.908412
10.95,10.98,10.81,1546,10.81,2016-10-20T04:00:00Z,206799,10.926563
10.86,10.98,10.64,1376,10.81,2016-10-21T04:00:00Z,171086,10.871386
10.82,11.02,10.78,1678,10.91,2016-10-24T04:00:00Z,245136,10.842316
10.65,10.88,10.63,2808,10.82,2016-10-25T04:00:00Z,585697,10.678903
10.43,10.65,10.32,4250,10.55,2016-10-26T04:00:00Z,711530,10.46287
10.22,10.64,10.17,3536,10.57,2016-10-27T04:00:00Z,699633,10.336639
9.99,10.43,9.95,2684,10.26,2016-10-28T04:00:00Z,495898,10.072155
9.75,10.2,9.7,2636,10.2,2016-10-31T04:00:00Z,670520,9.772682
9.75,9.95,9.65,2065,9.85,2016-11-01T04:00:00Z,330921,9.748727
9.65,9.8,9.55,2158,9.65,2016-11-02T04:00:00Z,362293,9.654756
9.55,9.7,9.55,1062,9.65,2016-11-03T04:00:00Z,215833,9.605125
9.6,9.75,9.35,1697,9.6,2016-11-04T04:00:00Z,224841,9.609981
9.8,9.9,9.65,2286,9.8,2016-11-07T05:00:00Z,526825,9.778162
9.6,9.8,9.5,1730,9.75,2016-11-08T05:00:00Z,268006,9.670388
10.0,10.075,9.46,3113,9.6,2016-11-09T05:00:00Z,471653,9.847732
10.55,10.7,10.1,3655,10.1,2016-11-10T05:00:00Z,829665,10.456077
10.95,11.0,10.5,4305,10.5,2016-11-11T05:00:00Z,852443,10.803212
11.1,11.25,10.65,4287,11.2,2016-11-14T05:00:00Z,604013,11.070929
11.15,11.2335,10.925,3180,11.1,2016-11-15T05:00:00Z,598954,11.123455
11.1,11.3,10.946,1999,11.15,2016-11-16T05:00:00Z,366129,11.158896
11.0,11.4,10.75,2681,11.2,2016-11-17T05:00:00Z,334870,11.110723
11.25,11.35,11.0,2054,11.05,2016-11-18T05:00:00Z,387067,11.205734
11.35,11.9,11.125,2057,11.9,2016-11-21T05:00:00Z,350081,11.359664
11.6,11.6,11.3,1826,11.35,2016-11-22T05:00:00Z,280678,11.511575
11.65,11.675,11.45,2613,11.6,2016-11-23T05:00:00Z,395669,11.610157
11.45,11.7284,11.4,818,11.65,2016-11-25T05:00:00Z,90872,11.478324
11.25,11.55,11.06,1581,11.45,2016-11-28T05:00:00Z,265847,11.334432
11.2,11.8,11.05,2760,11.8,2016-11-29T05:00:00Z,367564,11.215521
11.65,11.7,11.05,3274,11.2,2016-11-30T05:00:00Z,519734,11.51208
11.6,11.9,11.5,2750,11.75,2016-12-01T05:00:00Z,386671,11.689057
11.3,11.65,11.2,2133,11.65,2016-12-02T05:00:00Z,327853,11.327939
11.35,11.7,11.35,2109,11.5,2016-12-05T05:00:00Z,352615,11.454509
11.75,11.85,11.4,2489,11.45,2016-12-06T05:00:00Z,457685,11.686476
11.8,11.95,11.55,2567,11.65,2016-12-07T05:00:00Z,398497,11.805518
11.75,12.0,11.05,4431,11.3,2016-12-08T05:00:00Z,698966,11.678259
11.75,11.85,11.6,3337,11.85,2016-12-09T05:00:00Z,653776,11.710186
10.95,11.55,10.8,7061,11.35,2016-12-12T05:00:00Z,1223784,10.978222
10.55,11.15,10.5,4052,10.95,2016-12-13T05:00:00Z,623419,10.693666
10.5,10.8,10.45,2268,10.65,2016-12-14T05:00:00Z,341875,10.533875
10.4,10.75,10.35,2913,10.6,2016-12-15T05:00:00Z,464564,10.471908
10.4,10.75,10.2,4806,10.4,2016-12-16T05:00:00Z,1968095,10.410248
10.3,10.6,10.175,3494,10.45,2016-12-19T05:00:00Z,533717,10.323109
10.6,10.725,10.25,1419,10.25,2016-12-20T05:00:00Z,218575,10.585972
10.65,10.7,10.455,915,10.55,2016-12-21T05:00:00Z,139574,10.631943
10.5,10.65,10.3704,1173,10.65,2016-12-22T05:00:00Z,156383,10.497821
10.6,10.65,10.45,784,10.5,2016-12-23T05:00:00Z,115384,10.582719
10.9,10.95,10.5,1022,10.6,2016-12-27T05:00:00Z,132330,10.844397
10.75,10.95,10.425,1846,10.9,2016-12-28T05:00:00Z,281739,10.709499
10.9,10.925,10.5685,1316,10.8,2016-12-29T05:00:00Z,187880,10.792465
10.65,10.95,10.65,1781,10.9,2016-12-30T05:00:00Z,333179,10.754895
10.65,10.9795,10.4,2364,10.8,2017-01-03T05:00:00Z,353444,10.619963
10.95,10.95,10.5,1895,10.7,2017-01-04T05:00:00Z,417065,10.880041
10.7,10.9,10.45,2254,10.8,2017-01-05T05:00:00Z,423723,10.731654
10.6,10.8,10.55,855,10.7,2017-01-06T05:00:00Z,114356,10.656806
10.35,10.65,10.35,1658,10.5,2017-01-09T05:00:00Z,217330,10.450069
10.65,10.65,10.2,2166,10.3,2017-01-10T05:00:00Z,292355,10.534561
10.6,10.65,10.45,1845,10.6,2017-01-11T05:00:00Z,255118,10.569161
9.8,10.4,9.65,5725,10.35,2017-01-12T05:00:00Z,992129,9.830125
9.8,10.05,9.7,2071,9.8,2017-01-13T05:00:00Z,352663,9.801501
9.6,9.75,9.5,1989,9.75,2017-01-17T05:00:00Z,399367,9.593133
9.8,9.8,9.55,1351,9.7,2017-01-18T05:00:00Z,449105,9.681032
9.5,9.85,9.475,2098,9.8,2017-01-19T05:00:00Z,323270,9.54349
9.65,9.7,9.4,1523,9.55,2017-01-20T05:00:00Z,281516,9.566712
9.7,9.75,9.45,1832,9.6,2017-01-23T05:00:00Z,227098,9.620046
9.95,10.05,9.5,2194,9.7,2017-01-24T05:00:00Z,346902,9.877064
10.05,10.1,9.8,1719,9.95,2017-01-25T05:00:00Z,201060,9.952077
9.8,10.05,9.5,2624,9.95,2017-01-26T05:00:00Z,413838,9.754831
9.7,9.9,9.45,1887,9.75,2017-01-27T05:00:00Z,267309,9.647425
9.6,9.75,9.45,1673,9.55,2017-01-30T05:00:00Z,277583,9.568795
9.9,10.025,9.6,2209,9.6,2017-01-31T05:00:00Z,458980,9.830945
9.95,10.15,9.825,2413,10.0,2017-02-01T05:00:00Z,341029,9.943348
9.9,10.05,9.75,2041,9.95,2017-02-02T05:00:00Z,378101,9.910819
9.75,10.55,9.005,2719,9.1,2017-02-03T05:00:00Z,467906,9.887617
9.5,9.975,9.425,3147,9.95,2017-02-06T05:00:00Z,471989,9.537526
9.3,9.55,9.2,2225,9.55,2017-02-07T05:00:00Z,396958,9.343766
9.25,9.35,9.05,2055,9.3,2017-02-08T05:00:00Z,337688,9.189524
9.25,9.4,9.1,1908,9.2,2017-02-09T05:00:00Z,377594,9.280273
9.55,9.55,9.25,1508,9.35,2017-02-10T05:00:00Z,223761,9.467511
9.2,9.61,9.15,1499,9.5,2017-02-13T05:00:00Z,337693,9.292691
9.1,9.2,9.0,1587,9.15,2017-02-14T05:00:00Z,260779,9.132532
9.15,9.2,8.95,1738,9.1,2017-02-15T05:00:00Z,273267,9.098078
9.05,9.2,8.9,2045,9.2,2017-02-16T05:00:00Z,517240,9.0339
9.15,9.15,8.95,1671,9.05,2017-02-17T05:00:00Z,359948,9.087662
9.05,9.125,8.925,1973,9.05,2017-02-21T05:00:00Z,285951,9.026995
9.0,9.15,8.85,1796,9.0,2017-02-22T05:00:00Z,227919,9.014526
9.0,9.05,8.75,1842,8.95,2017-02-23T05:00:00Z,332800,8.953683
8.95,9.025,8.75,1458,8.9,2017-02-24T05:00:00Z,200107,8.937218
9.05,9.15,8.805,1395,8.9,2017-02-27T05:00:00Z,224898,9.044044
8.8,9.15,8.7,2750,9.0,2017-02-28T05:00:00Z,551783,8.846732
9.15,9.175,8.9,1643,8.9,2017-03-01T05:00:00Z,265356,9.115095
9.0,9.35,8.95,1424,9.1,2017-03-02T05:00:00Z,185975,9.05244
9.0,9.1,8.8,1634,9.0,2017-03-03T05:00:00Z,309434,8.943656
8.75,8.95,8.55,2216,8.9,2017-03-06T05:00:00Z,354667,8.713196
8.55,8.75,8.5,1890,8.7,2017-03-07T05:00:00Z,296097,8.592536
8.45,8.655,8.3,1542,8.55,2017-03-08T05:00:00Z,404151,8.512482
8.4,8.6,8.3,1776,8.5,2017-03-09T05:00:00Z,359975,8.414332
8.35,8.5,8.25,2604,8.4,2017-03-10T05:00:00Z,463554,8.364629
8.25,8.4,8.25,2220,8.3,2017-03-13T04:00:00Z,331002,8.309584
8.2,8.4,8.0,2167,8.25,2017-03-14T04:00:00Z,395362,8.178885
8.0,8.2,7.95,3620,8.2,2017-03-15T04:00:00Z,650898,8.052032
8.15,8.25,7.91,2536,8.05,2017-03-16T04:00:00Z,488589,8.136143
8.1,8.25,8.1,1659,8.1,2017-03-17T04:00:00Z,1450293,8.102291
8.2,8.35,7.95,2235,8.1,2017-03-20T04:00:00Z,350934,8.22581
8.05,8.3,7.9,2182,8.3,2017-03-21T04:00:00Z,294179,8.079444
7.9,8.1,7.8,1915,8.0,2017-03-22T04:00:00Z,332523,7.912585
8.15,8.225,7.9,2289,7.9,2017-03-23T04:00:00Z,301720,8.109211
7.95,8.2,7.95,1948,8.1,2017-03-24T04:00:00Z,371015,8.006608
8.0,8.05,7.75,1481,7.85,2017-03-27T04:00:00Z,275956,7.948655
8.05,8.125,7.9,1286,7.95,2017-03-28T04:00:00Z,313234,8.03261
8.35,8.4,7.95,1841,8.0,2017-03-29T04:00:00Z,302653,8.269125
8.05,8.35,8.0,1443,8.35,2017-03-30T04:00:00Z,262746,8.104189
8.15,8.25,7.95,2921,8.05,2017-03-31T04:00:00Z,635424,8.161051
8.15,8.15,7.95,2605,8.15,2017-04-03T04:00:00Z,377552,8.10071
8.1,8.25,8.05,1933,8.15,2017-04-04T04:00:00Z,298796,8.125586
7.85,8.2,7.75,2990,8.15,2017-04-05T04:00:00Z,576100,7.899168
7.85,7.95,7.65,2646,7.8,2017-04-06T04:00:00Z,502702,7.802378
8.35,8.4,8.0,3389,8.1,2017-04-07T04:00:00Z,618229,8.276176
8.65,8.8,8.3,3061,8.35,2017-04-10T04:00:00Z,487333,8.648271
8.7,8.9,8.65,2333,8.65,2017-04-11T04:00:00Z,401265,8.759423
8.55,8.9,8.5,2057,8.7,2017-04-12T04:00:00Z,358283,8.652427
8.45,8.7,8.4,1400,8.55,2017-04-13T04:00:00Z,225722,8.503627
8.45,8.625,8.4,1559,8.5,2017-04-17T04:00:00Z,217605,8.465427
8.7,8.7,8.45,1739,8.45,2017-04-18T04:00:00Z,302841,8.604538
8.7,8.8,8.5,1547,8.8,2017-04-19T04:00:00Z,274633,8.677603
8.85,8.9,8.7,1744,8.75,2017-04-20T04:00:00Z,324362,8.837203
8.8,8.95,8.75,1374,8.85,2017-04-21T04:00:00Z,210980,8.826541
9.2,9.25,8.874,2365,9.0,2017-04-24T04:00:00Z,393608,9.128821
9.45,9.5,9.05,1926,9.25,2017-04-25T04:00:00Z,270938,9.372481
9.35,9.45,9.2,2028,9.4,2017-04-26T04:00:00Z,299128,9.313662
9.3,9.475,9.2,1203,9.4,2017-04-27T04:00:00Z,192879,9.295763
9.05,9.3,9.0,1387,9.3,2017-04-28T04:00:00Z,192218,9.096323
8.9,9.1,8.8,1325,9.1,2017-05-01T04:00:00Z,206784,8.928187
8.95,9.05,8.8,1511,8.95,2017-05-02T04:00:00Z,209225,8.912845
8.65,8.85,8.65,1980,8.85,2017-05-03T04:00:00Z,418823,8.7386
8.8,9.9,8.5,3875,8.9,2017-05-04T04:00:00Z,638327,9.079083
9.0,9.05,8.75,2072,8.8,2017-05-05T04:00:00Z,286729,8.946229
8.9,9.025,8.7,1769,9.0,2017-05-08T04:00:00Z,257844,8.861563
8.85,8.9685,8.7,1566,8.95,2017-05-09T04:00:00Z,255325,8.847204
8.8,8.875,8.6,1752,8.75,2017-05-10T04:00:00Z,285215,8.778113
8.75,8.95,8.69,1683,8.8,2017-05-11T04:00:00Z,250018,8.767478
8.7,8.725,8.65,1069,8.7,2017-05-12T04:00:00Z,251395,8.690422
8.55,8.8,8.5,1532,8.65,2017-05-15T04:00:00Z,229507,8.593701
8.65,8.7,8.5,1190,8.55,2017-05-16T04:00:00Z,253103,8.619973
8.4,8.65,8.4,2137,8.45,2017-05-17T04:00:00Z,346867,8.479284
8.45,8.55,8.4,3091,8.4,2017-05-18T04:00:00Z,485052,8.473725
8.5,8.6,8.4,2022,8.45,2017-05-19T04:00:00Z,257772,8.499358
8.5,8.6,8.4,1421,8.5,2017-05-22T04:00:00Z,239115,8.501861
8.65,8.65,8.45,1016,8.55,2017-05-23T04:00:00Z,137884,8.601896
8.45,8.7,8.45,1929,8.6,2017-05-24T04:00:00Z,254306,8.545803
8.65,8.75,8.4,1991,8.5,2017-05-25T04:00:00Z,275047,8.61055
8.7,8.7,8.475,1175,8.6,2017-05-26T04:00:00Z,349747,8.665331
8.5,8.65,8.5,1769,8.65,2017-05-30T04:00:00Z,260134,8.546468
8.5,8.55,8.35,1706,8.55,2017-05-31T04:00:00Z,287894,8.483644
8.65,8.7,8.5,1815,8.5,2017-06-01T04:00:00Z,303966,8.616585
8.95,9.025,8.55,2675,8.55,2017-06-02T04:00:00Z,407506,8.875347
8.65,8.925,8.575,1295,8.9,2017-06-05T04:00:00Z,234645,8.703996
8.6,8.7,8.45,1092,8.55,2017-06-06T04:00:00Z,175721,8.592203
8.7,8.75,8.5,1172,8.6,2017-06-07T04:00:00Z,293441,8.630706
9.05,9.15,8.7,2330,8.75,2017-06-08T04:00:00Z,363336,9.039674
9.3,9.45,9.1,2486,9.1,2017-06-09T04:00:00Z,443045,9.292333
9.2,9.5,9.2,1425,9.3,2017-06-12T04:00:00Z,208399,9.276364
9.05,9.325,9.05,1234,9.3,2017-06-13T04:00:00Z,215625,9.12776
9.05,9.125,8.8,1477,9.1,2017-06-14T04:00:00Z,231342,8.986005
8.95,9.15,8.875,1318,9.0,2017-06-15T04:00:00Z,175728,8.964544
9.05,9.05,8.75,1316,8.85,2017-06-16T04:00:00Z,602802,8.956018
9.0,9.1,8.9,1621,9.05,2017-06-19T04:00:00Z,295222,8.991618
8.95,9.0,8.75,1401,9.0,2017-06-20T04:00:00Z,208921,8.890018
8.75,8.975,8.65,1876,8.9,2017-06-21T04:00:00Z,383338,8.765079
9.0,9.0,8.75,1287,8.8,2017-06-22T04:00:00Z,158993,8.92339
9.1,9.1,8.8,1588,8.95,2017-06-23T04:00:00Z,526240,9.066833
9.15,9.2,8.9,1246,9.1,2017-06-26T04:00:00Z,159569,9.104811
9.1,9.2,9.0,1764,9.2,2017-06-27T04:00:00Z,263132,9.124254
7.7,8.325,7.675,9836,8.3,2017-06-28T04:00:00Z,3489824,7.82771
7.65,7.75,7.55,6161,7.75,2017-06-29T04:00:00Z,2397435,7.655256
7.7,7.99,7.6,8276,7.6,2017-06-30T04:00:00Z,3154261,7.775557
7.7,7.8,7.65,2806,7.7,2017-07-03T04:00:00Z,469114,7.716991
7.7,7.8,7.6,4634,7.7,2017-07-05T04:00:00Z,2250096,7.697603
7.85,8.0,7.65,7476,7.7,2017-07-06T04:00:00Z,1518810,7.846313
7.85,7.95,7.7,3651,7.9,2017-07-07T04:00:00Z,551745,7.811752
7.75,7.9,7.75,3708,7.85,2017-07-10T04:00:00Z,477149,7.811517
7.65,7.8,7.6,1913,7.8,2017-07-11T04:00:00Z,297430,7.659802
7.6,7.75,7.575,3213,7.6,2017-07-12T04:00:00Z,701257,7.629974
7.65,7.75,7.6,3723,7.6,2017-07-13T04:00:00Z,682647,7.660089
7.7,7.7,7.6,2345,7.6,2017-07-14T04:00:00Z,386750,7.667583
7.6,7.75,7.6,2764,7.65,2017-07-17T04:00:00Z,545198,7.663059
7.85,7.85,7.575,2376,7.65,2017-07-18T04:00:00Z,490022,7.766389
8.0,8.05,7.75,2621,7.8,2017-07-19T04:00:00Z,670160,7.983082
7.9,8.1,7.85,1865,8.0,2017-07-20T04:00:00Z,373728,7.957247
8.0,8.05,7.9,2032,8.0,2017-07-21T04:00:00Z,422309,8.002181
7.9,8.0,7.85,1687,7.95,2017-07-24T04:00:00Z,410552,7.927738
7.95,8.1,7.9,1725,7.95,2017-07-25T04:00:00Z,428486,7.984779
8.0,8.1,7.9,1896,7.95,2017-07-26T04:00:00Z,324545,7.989791
7.95,8.05,7.9,2138,8.0,2017-07-27T04:00:00Z,325645,7.979232
8.0,8.15,7.95,2082,7.95,2017-07-28T04:00:00Z,294691,8.017852
7.8,8.05,7.8,3948,8.05,2017-07-31T04:00:00Z,705183,7.891821
8.4,8.5,8.06,5417,8.3,2017-08-01T04:00:00Z,2444139,8.353022
8.45,8.55,8.35,5156,8.45,2017-08-02T04:00:00Z,1750133,8.461295
8.4,8.5,8.275,2793,8.4,2017-08-03T04:00:00Z,468500,8.415432
8.75,8.875,8.65,6118,8.8,2017-08-04T04:00:00Z,1318150,8.748517
8.85,8.9,8.65,4869,8.9,2017-08-07T04:00:00Z,1544779,8.806696
9.05,9.1,8.8,4361,8.85,2017-08-08T04:00:00Z,751585,8.949489
8.8,9.05,8.75,3062,9.05,2017-08-09T04:00:00Z,564674,8.852918
8.9,9.0,8.75,3251,8.8,2017-08-10T04:00:00Z,1003757,8.849241
9.0,9.1,8.81,4222,8.85,2017-08-11T04:00:00Z,919539,8.990321
9.1,9.15,9.0,2711,9.1,2017-08-14T04:00:00Z,1150606,9.099023
9.0,9.2,8.975,2198,9.2,2017-08-15T04:00:00Z,458145,9.070353
8.95,9.2,8.95,2967,9.0,2017-08-16T04:00:00Z,926391,8.993084
8.75,9.0,8.75,2764,8.95,2017-08-17T04:00:00Z,495715,8.844209
8.8,8.875,8.16,2638,8.65,2017-08-18T04:00:00Z,624498,8.678334
8.8,8.875,8.65,2184,8.7,2017-08-21T04:00:00Z,395686,8.797157
8.85,8.95,8.8,1529,8.9,2017-08-22T04:00:00Z,276091,8.868792
8.9,8.95,8.85,1437,8.85,2017-08-23T04:00:00Z,443067,8.909214
9.0,9.15,8.975,1784,9.0,2017-08-24T04:00:00Z,224936,9.039671
9.05,9.15,8.95,2532,9.0,2017-08-25T04:00:00Z,293735,9.054308
9.0,9.15,8.9,3057,9.05,2017-08-28T04:00:00Z,1154267,9.006622
9.05,9.1,8.95,2398,9.0,2017-08-29T04:00:00Z,488467,9.035672
9.05,9.1,8.95,2161,9.1,2017-08-30T04:00:00Z,414015,9.029144
9.05,9.25,9.0,1853,9.1,2017-08-31T04:00:00Z,324948,9.092466
9.2,9.225,9.0,1488,9.0,2017-09-01T04:00:00Z,195087,9.170869
9.1,9.25,8.95,2480,9.15,2017-09-05T04:00:00Z,310150,9.106612
9.05,9.2,9.0,1463,9.2,2017-09-06T04:00:00Z,228774,9.077246
9.15,9.2,8.85,2592,9.1,2017-09-07T04:00:00Z,398171,9.037391
9.2,9.2,9.0,2908,9.15,2017-09-08T04:00:00Z,352914,9.124573
9.15,9.3,9.075,2284,9.25,2017-09-11T04:00:00Z,304079,9.178797
9.25,9.3,9.15,1624,9.25,2017-09-12T04:00:00Z,310086,9.240645
9.4,9.45,9.25,2224,9.25,2017-09-13T04:00:00Z,773301,9.381259
9.35,9.575,9.3,2236,9.45,2017-09-14T04:00:00Z,567470,9.421564
9.4,9.5,9.35,1201,9.35,2017-09-15T04:00:00Z,828859,9.393781
9.4,9.55,9.39,1706,9.4,2017-09-18T04:00:00Z,252643,9.458451
9.45,9.5,9.35,1743,9.4,2017-09-19T04:00:00Z,879086,9.447054
9.7,9.8,9.5,2201,9.5,2017-09-20T04:00:00Z,705441,9.705416
9.7,9.7,9.5,1679,9.7,2017-09-21T04:00:00Z,443077,9.634632
9.85,9.9,9.625,1701,9.65,2017-09-22T04:00:00Z,300040,9.811967
10.0,10.05,9.8,3330,9.8,2017-09-25T04:00:00Z,1411223,9.961293
9.85,10.1,9.85,2367,9.95,2017-09-26T04:00:00Z,1005931,9.930263
10.0,10.05,9.85,2717,9.85,2017-09-27T04:00:00Z,409064,9.976814
10.25,10.35,10.0,3865,10.0,2017-09-28T04:00:00Z,901680,10.212016
9.5,10.35,9.4,6446,10.25,2017-09-29T04:00:00Z,1389796,9.694915
9.7,9.775,9.425,4588,9.6,2017-10-02T04:00:00Z,644761,9.661802
9.45,9.725,9.0,5095,9.65,2017-10-03T04:00:00Z,1291378,9.336179
9.35,9.5,9.15,3419,9.5,2017-10-04T04:00:00Z,483519,9.348236
9.5,9.6,9.3,2566,9.4,2017-10-05T04:00:00Z,382907,9.475167
9.4,9.5,9.3,1551,9.45,2017-10-06T04:00:00Z,217062,9.4316
10.0,10.025,9.5,3562,9.55,2017-10-09T04:00:00Z,584263,9.891344
9.9,10.19,9.8,3605,10.1,2017-10-10T04:00:00Z,550308,9.917134
9.9,10.1,9.875,3404,9.95,2017-10-11T04:00:00Z,941820,9.961689
9.65,9.9,9.65,2268,9.9,2017-10-12T04:00:00Z,354777,9.746145
9.6,9.8,9.2785,2634,9.75,2017-10-13T04:00:00Z,369325,9.654472
9.75,9.85,9.45,2793,9.7,2017-10-16T04:00:00Z,582675,9.665393
9.85,9.9,9.675,2253,9.8,2017-10-17T04:00:00Z,366040,9.812733
9.95,10.1,9.7,2114,9.8,2017-10-18T04:00:00Z,450346,9.928669
9.8,10.0,9.7,1628,9.9,2017-10-19T04:00:00Z,377784,9.813105
9.95,10.0,9.8,1497,9.8,2017-10-20T04:00:00Z,250448,9.905354
10.05,10.15,9.925,3108,10.0,2017-10-23T04:00:00Z,818385,10.034672
10.1,10.2,9.975,2256,10.15,2017-10-24T04:00:00Z,431695,10.07796
10.05,10.15,9.875,1974,10.05,2017-10-25T04:00:00Z,353703,10.020104
10.25,10.25,10.05,2488,10.1,2017-10-26T04:00:00Z,566509,10.145641
10.45,10.45,10.1,2665,10.25,2017-10-27T04:00:00Z,443148,10.29103
10.3,10.45,10.15,2135,10.35,2017-10-30T04:00:00Z,525802,10.27205
10.25,10.45,10.2,2269,10.35,2017-10-31T04:00:00Z,435012,10.268834
10.15,10.4,10.05,2081,10.35,2017-11-01T04:00:00Z,300388,10.198639
10.225,10.3,10.125,1575,10.2,2017-11-02T04:00:00Z,254756,10.209059
10.1,10.15,10.025,1907,10.15,2017-11-03T04:00:00Z,325932,10.109552
10.15,10.275,10.05,1020,10.15,2017-11-06T05:00:00Z,168517,10.151855
9.85,10.2,9.8,2009,10.1,2017-11-07T05:00:00Z,308150,9.924388
9.8,9.95,9.65,1453,9.85,2017-11-08T05:00:00Z,253186,9.811103
10.0,10.05,9.75,2381,9.8,2017-11-09T05:00:00Z,541741,9.967917
9.9,10.15,9.85,1594,10.0,2017-11-10T05:00:00Z,215097,9.982696
9.75,9.9,9.7,1805,9.9,2017-11-13T05:00:00Z,485761,9.754914
9.8,9.9,9.75,1838,9.75,2017-11-14T05:00:00Z,254206,9.807701
10.0,10.1,9.6292,3255,9.75,2017-11-15T05:00:00Z,423293,9.969896
11.0,11.25,10.5,8031,11.0,2017-11-16T05:00:00Z,1881935,10.989671
11.15,11.225,10.85,8355,11.0,2017-11-17T05:00:00Z,1677207,11.026196
11.4,11.5,11.1,4394,11.1,2017-11-20T05:00:00Z,884199,11.365324
11.55,11.7,11.2,5150,11.35,2017-11-21T05:00:00Z,840294,11.539344
11.95,11.95,11.6,3600,11.6,2017-11-22T05:00:00Z,881007,11.861199
11.8,11.95,11.65,1811,11.9,2017-11-24T05:00:00Z,274234,11.792047
11.85,11.95,11.7,3481,11.85,2017-11-27T05:00:00Z,836268,11.848257
11.9,12.0,11.85,3855,11.95,2017-11-28T05:00:00Z,590945,11.926316
12.05,12.05,11.9,3859,11.9,2017-11-29T05:00:00Z,632100,11.997325
12.05,12.15,11.925,3056,12.05,2017-11-30T05:00:00Z,580065,12.0352
12.1,12.2,11.85,3170,12.1,2017-12-01T05:00:00Z,460306,12.054108
12.15,12.25,11.95,2816,12.2,2017-12-04T05:00:00Z,365893,12.125183
12.05,12.25,11.9,2212,12.25,2017-12-05T05:00:00Z,368512,12.026783
12.35,12.5,12.05,4059,12.05,2017-12-06T05:00:00Z,620032,12.358379
12.05,12.4,12.05,1405,12.4,2017-12-07T05:00:00Z,259294,12.13484
12.2,12.25,12.025,1710,12.15,2017-12-08T05:00:00Z,257855,12.150946
12.25,12.31,12.1,2053,12.3,2017-12-11T05:00:00Z,603973,12.250144
12.3,12.4,12.25,1743,12.3,2017-12-12T05:00:00Z,695541,12.293586
12.25,12.41,12.15,2565,12.3,2017-12-13T05:00:00Z,358444,12.273615
11.9,12.25,11.65,6350,12.2,2017-12-14T05:00:00Z,956697,11.954549
12.25,12.45,11.875,2529,11.9,2017-12-15T05:00:00Z,1473555,12.215203
12.35,12.5,12.225,3039,12.4,2017-12-18T05:00:00Z,1122562,12.333522
12.15,12.45,12.01,3923,12.15,2017-12-19T05:00:00Z,740256,12.245104
12.25,12.4,12.2,1932,12.2,2017-12-20T05:00:00Z,407366,12.279257
12.3,12.45,12.25,1367,12.35,2017-12-21T05:00:00Z,701421,12.315385
12.25,12.35,12.2,1077,12.25,2017-12-22T05:00:00Z,184559,12.261372
12.3,12.375,12.1,1584,12.25,2017-12-26T05:00:00Z,229093,12.239815
12.2,12.4,12.1,2065,12.3,2017-12-27T05:00:00Z,233236,12.235349
12.0,12.3,12.0,1649,12.2,2017-12-28T05:00:00Z,259309,12.058523
12.2,12.3,12.0,2770,12.1,2017-12-29T05:00:00Z,431190,12.202299
12.1,12.35,12.0,1752,12.3,2018-01-02T05:00:00Z,438273,12.112245
12.2,12.2,12.0,3054,12.15,2018-01-03T05:00:00Z,380724,12.105026
12.05,12.4,12.05,4524,12.3,2018-01-04T05:00:00Z,1318650,12.171556
12.1,12.1,11.95,2019,12.1,2018-01-05T05:00:00Z,463392,12.04845
11.9,12.15,11.8,2289,12.15,2018-01-08T05:00:00Z,726762,11.924723
12.0,12.05,11.8,2756,11.9,2018-01-09T05:00:00Z,1542362,11.927132
11.95,12.15,11.8837,1879,12.0,2018-01-10T05:00:00Z,298184,12.001324
12.1,12.15,11.9,3036,11.95,2018-01-11T05:00:00Z,726433,12.042023
12.05,12.3,11.95,1867,12.2,2018-01-12T05:00:00Z,1275843,12.084522
12.1,12.3,12.0,2821,12.15,2018-01-16T05:00:00Z,581577,12.120851
12.3,12.325,12.1,1983,12.2,2018-01-17T05:00:00Z,277866,12.235638
11.85,12.3,11.85,2747,12.3,2018-01-18T05:00:00Z,434252,11.989765
12.1,12.1,11.85,1917,11.85,2018-01-19T05:00:00Z,703617,12.020985
11.8,12.0166,11.75,2686,12.0,2018-01-22T05:00:00Z,419261,11.829003
11.85,11.95,11.65,2808,11.8,2018-01-23T05:00:00Z,381047,11.795421
11.85,11.95,11.7,1846,11.85,2018-01-24T05:00:00Z,588291,11.82334
12.0,12.0,11.8,2411,11.85,2018-01-25T05:00:00Z,580640,11.943054
12.0,12.05,11.85,2253,12.0,2018-01-26T05:00:00Z,350364,11.978811
11.8,11.95,11.7,2353,11.95,2018-01-29T05:00:00Z,382653,11.84065
11.8,11.9,11.7,1763,11.8,2018-01-30T05:00:00Z,260968,11.82255
11.8,12.05,11.7,2979,11.85,2018-01-31T05:00:00Z,497311,11.847641
13.5,13.55,12.41,11053,12.5,2018-02-01T05:00:00Z,6506425,13.138173
13.0,13.75,12.7,6851,13.6,2018-02-02T05:00:00Z,1102081,12.988239
12.9,13.35,12.8,5706,13.05,2018-02-05T05:00:00Z,1173035,13.043855
13.1,13.275,12.5,4898,12.7,2018-02-06T05:00:00Z,705078,13.021433
13.2,13.35,13.0,3222,13.1,2018-02-07T05:00:00Z,529711,13.194075
13.2,13.4,13.1,5356,13.2,2018-02-08T05:00:00Z,1069370,13.26365
13.15,13.3,12.6,5678,13.2,2018-02-09T05:00:00Z,1018465,12.98862
12.7,13.25,12.65,3845,13.15,2018-02-12T05:00:00Z,696411,12.867776
12.75,12.95,12.65,2959,12.65,2018-02-13T05:00:00Z,583949,12.748606
12.85,12.85,12.7,2226,12.7,2018-02-14T05:00:00Z,301488,12.794367
12.85,13.1,12.7,3117,12.9,2018-02-15T05:00:00Z,538307,12.839452
13.05,13.2,12.85,3082,12.85,2018-02-16T05:00:00Z,460459,13.042282
12.8,13.05,12.65,2270,12.95,2018-02-20T05:00:00Z,358923,12.808691
13.15,13.3,12.75,3446,12.75,2018-02-21T05:00:00Z,492613,13.151937
13.1,13.44,13.05,2127,13.25,2018-02-22T05:00:00Z,306056,13.177691
13.15,13.2,13.0,2675,13.2,2018-02-23T05:00:00Z,332178,13.08767
13.15,13.2,13.005,1371,13.15,2018-02-26T05:00:00Z,162413,13.123556
12.85,13.25,12.8,2554,13.2,2018-02-27T05:00:00Z,371919,12.911311
13.0,13.1,12.85,2326,12.85,2018-02-28T05:00:00Z,403922,12.987696
12.8,13.05,12.7,4452,12.95,2018-03-01T05:00:00Z,608451,12.862946
13.2,13.2,12.6,4192,12.7,2018-03-02T05:00:00Z,733246,12.980622
13.6,13.65,12.85,3739,13.05,2018-03-05T05:00:00Z,752075,13.394533
13.6,13.675,13.2,3041,13.6,2018-03-06T05:00:00Z,460043,13.530381
13.55,13.75,13.305,3752,13.5,2018-03-07T05:00:00Z,600659,13.598118
13.55,13.7,13.4,1989,13.7,2018-03-08T05:00:00Z,239070,13.535636
13.55,13.65,13.35,3323,13.6,2018-03-09T05:00:00Z,567849,13.492859
13.85,14.05,13.55,3481,13.6,2018-03-12T04:00:00Z,551363,13.822567
13.7,14.3,13.65,3276,14.0,2018-03-13T04:00:00Z,444544,13.912612
13.35,13.85,13.275,4243,13.75,2018-03-14T04:00:00Z,1698386,13.498328
13.1,13.35,13.1,2489,13.3,2018-03-15T04:00:00Z,453644,13.157575
13.25,13.35,13.05,2291,13.2,2018-03-16T04:00:00Z,1083743,13.239153
13.2,13.25,13.0,1871,13.25,2018-03-19T04:00:00Z,303720,13.153028
13.15,13.3,13.1,1124,13.15,2018-03-20T04:00:00Z,191440,13.174422
13.4,13.5,13.15,2248,13.2,2018-03-21T04:00:00Z,388289,13.355501
13.125,13.4,13.075,1816,13.3,2018-03-22T04:00:00Z,546740,13.207879
12.95,13.5,12.9,2869,13.15,2018-03-23T04:00:00Z,449983,13.125971
13.55,13.55,12.9,3054,13.05,2018-03-26T04:00:00Z,543686,13.300355
12.95,13.55,12.9,3400,13.55,2018-03-27T04:00:00Z,701393,13.068386
13.0,13.2,12.81,2995,12.95,2018-03-28T04:00:00Z,465313,13.013748
13.2,13.35,13.05,2398,13.1,2018-03-29T04:00:00Z,589910,13.210271
12.8,13.25,12.7,2958,13.15,2018-04-02T04:00:00Z,486397,12.926908
12.9,13.0,12.775,2711,12.85,2018-04-03T04:00:00Z,371503,12.887369
13.05,13.1,12.75,1462,12.75,2018-04-04T04:00:00Z,200589,12.9994
13.15,13.225,12.95,1281,13.1,2018-04-05T04:00:00Z,142605,13.125194
12.85,13.25,12.75,1814,13.1,2018-04-06T04:00:00Z,259624,12.927246
12.95,13.125,12.875,1507,12.95,2018-04-09T04:00:00Z,240041,12.981863
13.25,13.3,12.925,2907,13.1,2018-04-10T04:00:00Z,377343,13.18958
13.55,13.55,13.25,2642,13.25,2018-04-11T04:00:00Z,457197,13.449539
13.5,13.65,13.4,1260,13.55,2018-04-12T04:00:00Z,219543,13.525448
13.4,13.5752,13.3,1393,13.5,2018-04-13T04:00:00Z,181900,13.420754
13.35,13.55,13.3,1271,13.45,2018-04-16T04:00:00Z,184398,13.374843
13.35,13.55,13.3,1546,13.45,2018-04-17T04:00:00Z,193809,13.374933
13.4,13.6,13.35,1528,13.4,2018-04-18T04:00:00Z,233984,13.43061
13.35,13.49,13.25,1522,13.4,2018-04-19T04:00:00Z,196889,13.374513
13.25,13.45,12.805,1646,13.3,2018-04-20T04:00:00Z,279619,13.279103
13.35,13.35,13.175,1745,13.35,2018-04-23T04:00:00Z,253082,13.286823
13.3,13.6,13.2,2207,13.35,2018-04-24T04:00:00Z,212152,13.361454
13.1,13.2,13.025,2160,13.15,2018-04-25T04:00:00Z,374153,13.102819
13.2,13.3,13.0,1625,13.1,2018-04-26T04:00:00Z,209762,13.190525
13.35,13.4,13.15,3133,13.2,2018-04-27T04:00:00Z,394787,13.315218
13.7,13.75,13.35,3394,13.35,2018-04-30T04:00:00Z,557598,13.643735
13.7,13.9,13.35,2653,13.65,2018-05-01T04:00:00Z,392632,13.589935
13.95,13.95,13.75,2,13.75,2018-05-02T04:00:00Z,37115,13.936922
14.6,14.6,13.7,2,13.7,2018-05-03T04:00:00Z,58374,14.450956
14.8,14.95,14.5,6042,14.65,2018-05-04T04:00:00Z,982101,14.740466
14.95,15.1,14.8,4676,14.8,2018-05-07T04:00:00Z,764668,14.928821
14.7,14.85,14.4,4325,14.75,2018-05-08T04:00:00Z,547856,14.635606
13.25,14.3,13.225,14064,14.15,2018-05-09T04:00:00Z,3245837,13.720994
13.1,13.15,12.8,8292,13.15,2018-05-10T04:00:00Z,2036807,13.029549
13.05,13.3,12.925,6084,13.15,2018-05-11T04:00:00Z,2363902,13.135672
12.8,13.1,12.65,5869,13.1,2018-05-14T04:00:00Z,1601345,12.813967
12.95,13.0,12.75,3485,12.85,2018-05-15T04:00:00Z,1057816,12.882015
13.15,13.25,12.85,3119,12.85,2018-05-16T04:00:00Z,969134,13.093602
13.1,13.3,13.05,3372,13.1,2018-05-17T04:00:00Z,749311,13.166612
13.35,13.45,13.05,3345,13.15,2018-05-18T04:00:00Z,1605833,13.237269
13.25,13.5,13.15,3366,13.35,2018-05-21T04:00:00Z,705758,13.284428
13.1,13.3,13.075,2783,13.2,2018-05-22T04:00:00Z,508621,13.17255
12.75,13.05,12.7,4152,12.95,2018-05-23T04:00:00Z,938257,12.893851
12.4,12.8,12.3,6432,12.8,2018-05-24T04:00:00Z,1066614,12.465667
12.65,12.8,12.35,5523,12.4,2018-05-25T04:00:00Z,948962,12.578313
12.3,12.55,12.25,2644,12.5,2018-05-29T04:00:00Z,474053,12.349171
12.35,12.475,12.2,3640,12.4,2018-05-30T04:00:00Z,541496,12.320065
12.4,12.45,12.2,3821,12.35,2018-05-31T04:00:00Z,804284,12.351819
13.0,13.0,12.4,4007,12.4,2018-06-01T04:00:00Z,731002,12.810209
13.2,13.2,12.85,4422,13.0,2018-06-04T04:00:00Z,1034968,13.12137
13.05,13.15,12.9,2754,13.15,2018-06-05T04:00:00Z,388437,13.020759
13.1,13.225,13.0,1919,13.1,2018-06-06T04:00:00Z,306451,13.11783
13.2,13.2,12.95,2767,13.05,2018-06-07T04:00:00Z,382243,13.104245
13.3,13.45,13.05,2084,13.25,2018-06-08T04:00:00Z,371822,13.305743
13.2,13.4,13.1,2045,13.4,2018-06-11T04:00:00Z,274778,13.217718
13.3,13.35,13.1,2875,13.3,2018-06-12T04:00:00Z,518631,13.240671
12.8,13.45,12.8,3490,13.4,2018-06-13T04:00:00Z,611526,13.043124
12.9,12.95,12.7,2281,12.9,2018-06-14T04:00:00Z,406400,12.841529
12.6,12.8,12.55,2179,12.8,2018-06-15T04:00:00Z,712261,12.645634
12.65,12.7,12.06,3170,12.5,2018-06-18T04:00:00Z,527992,12.583704
12.85,12.9,12.5,2608,12.6,2018-06-19T04:00:00Z,501335,12.716408
13.1,13.225,12.5475,2182,12.9,2018-06-20T04:00:00Z,503075,13.057742
12.55,13.1,12.5,4082,13.1,2018-06-21T04:00:00Z,670055,12.76346
12.2,12.7,12.05,5778,12.65,2018-06-22T04:00:00Z,1520758,12.28752
12.35,12.5,12.0,4174,12.2,2018-06-25T04:00:00Z,530127,12.268059
12.75,12.9,12.275,4020,12.45,2018-06-26T04:00:00Z,541762,12.756665
11.75,12.85,11.75,6594,12.7,2018-06-27T04:00:00Z,1208184,11.989873
12.1,12.5,12.05,6192,12.5,2018-06-28T04:00:00Z,866985,12.173373
12.05,12.4,11.925,3898,12.2,2018-06-29T04:00:00Z,1319168,12.060267
12.05,12.35,11.95,4279,12.05,2018-07-02T04:00:00Z,828800,12.107064
11.7,12.1,11.7,3405,12.05,2018-07-03T04:00:00Z,576470,11.836917
11.8,11.95,11.65,3118,11.75,2018-07-05T04:00:00Z,519489,11.767058
12.15,12.15,11.75,2262,11.8,2018-07-06T04:00:00Z,376903,11.99238
12.5,12.55,12.05,3984,12.2,2018-07-09T04:00:00Z,1016363,12.458289
12.4,12.55,12.325,2212,12.5,2018-07-10T04:00:00Z,328778,12.423826
12.55,12.625,12.2,3587,12.2,2018-07-11T04:00:00Z,539758,12.491024
12.2,12.65,12.2,2962,12.55,2018-07-12T04:00:00Z,442980,12.30881
12.1,12.3,12.005,1439,12.25,2018-07-13T04:00:00Z,211727,12.134467
11.85,12.15,11.7,4766,12.1,2018-07-16T04:00:00Z,902287,11.875723
11.75,12.05,11.605,2418,11.95,2018-07-17T04:00:00Z,494941,11.836968
11.65,11.9,11.6,4177,11.8,2018-07-18T04:00:00Z,530342,11.665816
12.2,12.225,11.5,4044,11.65,2018-07-19T04:00:00Z,657482,12.000815
12.25,12.35,12.1,2113,12.15,2018-07-20T04:00:00Z,365011,12.233308
12.25,12.4,12.1,2823,12.25,2018-07-23T04:00:00Z,370633,12.251617
12.35,12.425,12.1,4346,12.2,2018-07-24T04:00:00Z,694176,12.288913
12.25,12.4,12.05,2412,12.4,2018-07-25T04:00:00Z,509114,12.20827
12.05,12.35,11.95,3224,12.2,2018-07-26T04:00:00Z,434886,12.158055
11.55,12.1,11.55,4233,12.1,2018-07-27T04:00:00Z,621478,11.645076
11.3,11.65,11.3,3015,11.5,2018-07-30T04:00:00Z,364713,11.429569
11.45,11.6,11.2,3683,11.4,2018-07-31T04:00:00Z,556692,11.438733
11.35,11.6,11.25,3091,11.4,2018-08-01T04:00:00Z,436591,11.383626
10.95,11.75,10.75,6204,10.95,2018-08-02T04:00:00Z,989112,11.145537
11.05,11.15,10.8,5011,10.8,2018-08-03T04:00:00Z,787834,11.02027
11.4,11.55,11.0,4011,11.0,2018-08-06T04:00:00Z,681539,11.38487
11.5,11.65,11.35,3007,11.4,2018-08-07T04:00:00Z,388688,11.498128
11.7,11.725,11.225,4476,11.5,2018-08-08T04:00:00Z,513383,11.615932
11.85,11.9,11.45,4810,11.7,2018-08-09T04:00:00Z,1145885,11.746363
11.55,11.9,11.5,2951,11.75,2018-08-10T04:00:00Z,413805,11.659514
11.7,11.825,11.45,3385,11.6,2018-08-13T04:00:00Z,870428,11.680959
11.4,11.75,11.375,2292,11.7,2018-08-14T04:00:00Z,353544,11.494454
11.35,11.5,11.3,3442,11.4,2018-08-15T04:00:00Z,470719,11.392652
11.4,11.625,11.3,2803,11.45,2018-08-16T04:00:00Z,334735,11.448782
11.25,11.36,11.15,2276,11.3,2018-08-17T04:00:00Z,464446,11.256071
11.15,11.5,11.15,2083,11.3,2018-08-20T04:00:00Z,286483,11.219227
11.3,11.4,11.125,3661,11.2,2018-08-21T04:00:00Z,750932,11.260935
11.4,11.425,11.2,2519,11.25,2018-08-22T04:00:00Z,355437,11.316921
11.2,11.4,11.2,1514,11.3,2018-08-23T04:00:00Z,544479,11.228177
11.15,11.25,11.1,1892,11.25,2018-08-24T04:00:00Z,282258,11.169787
11.05,11.25,11.0,2094,11.15,2018-08-27T04:00:00Z,343600,11.095905
11.05,11.1369,11.025,1706,11.1,2018-08-28T04:00:00Z,300335,11.067084
11.05,11.1,11.0,2032,11.0,2018-08-29T04:00:00Z,275789,11.04471
11.15,11.25,11.0,1913,11.05,2018-08-30T04:00:00Z,312011,11.104582
11.1,11.25,11.1,1414,11.1,2018-08-31T04:00:00Z,261327,11.150637
10.85,11.1,10.85,2218,11.1,2018-09-04T04:00:00Z,332669,10.938065
10.95,10.95,10.8,2891,10.9,2018-09-05T04:00:00Z,592027,10.909996
10.7,10.925,10.575,3189,10.9,2018-09-06T04:00:00Z,641920,10.713215
10.65,10.75,10.6,2721,10.7,2018-09-07T04:00:00Z,369766,10.651679
10.8,10.85,10.65,3278,10.7,2018-09-10T04:00:00Z,341313,10.7621
10.85,10.95,10.6,2210,10.75,2018-09-11T04:00:00Z,268381,10.828903
10.75,10.9,10.55,3058,10.75,2018-09-12T04:00:00Z,360192,10.7381
10.9,10.925,10.65,2047,10.8,2018-09-13T04:00:00Z,355794,10.845187
11.1,11.2,10.85,3239,10.85,2018-09-14T04:00:00Z,543772,11.072002
11.0,11.2,10.9,2692,11.15,2018-09-17T04:00:00Z,297387,11.047151
10.65,11.1,10.65,2434,11.1,2018-09-18T04:00:00Z,393650,10.765692
10.6,10.9,10.55,3575,10.65,2018-09-19T04:00:00Z,628488,10.671061
10.95,11.05,10.6,2873,10.6,2018-09-20T04:00:00Z,411412,10.922185
10.9,11.25,10.85,1612,10.9,2018-09-21T04:00:00Z,951494,10.907965
10.45,10.8865,10.4,3495,10.8,2018-09-24T04:00:00Z,546885,10.543563
10.7,10.75,10.4,3303,10.4,2018-09-25T04:00:00Z,365701,10.613724
10.95,11.025,10.7,3435,10.75,2018-09-26T04:00:00Z,519369,10.922477
10.5,10.95,10.5,2260,10.9,2018-09-27T04:00:00Z,381866,10.590245
10.7,10.9,10.4501,3014,10.5,2018-09-28T04:00:00Z,651810,10.729678
10.51,10.87,10.5,3650,10.78,2018-10-01T04:00:00Z,701206,10.575113
10.37,10.5,10.33,3516,10.46,2018-10-02T04:00:00Z,468100,10.390507
10.63,10.67,10.33,3007,10.43,2018-10-03T04:00:00Z,326791,10.566933
10.44,10.64,10.4,3891,10.59,2018-10-04T04:00:00Z,463562,10.48549
10.52,10.6,10.4,3620,10.49,2018-10-05T04:00:00Z,415005,10.491547
10.65,10.71,10.5,2385,10.53,2018-10-08T04:00:00Z,274498,10.623905
10.65,10.77,10.6,2814,10.66,2018-10-09T04:00:00Z,348866,10.678844
10.62,10.78,10.57,3902,10.66,2018-10-10T04:00:00Z,588012,10.645663
10.47,10.81,10.46,4401,10.57,2018-10-11T04:00:00Z,656542,10.604405
10.5,10.64,10.29,3946,10.58,2018-10-12T04:00:00Z,736199,10.471548
10.47,10.62,10.27,4731,10.49,2018-10-15T04:00:00Z,891969,10.463201
10.49,10.58,10.32,2109,10.56,2018-10-16T04:00:00Z,390867,10.484091
10.31,10.5476,10.29,1674,10.5,2018-10-17T04:00:00Z,571304,10.362071
10.18,10.34,10.17,2929,10.28,2018-10-18T04:00:00Z,531532,10.21321
10.24,10.34,10.1,2215,10.15,2018-10-19T04:00:00Z,369241,10.22988
10.12,10.3,10.09,2402,10.23,2018-10-22T04:00:00Z,427136,10.158265
10.1,10.215,10.0,2551,10.04,2018-10-23T04:00:00Z,373457,10.110531
9.94,10.16,9.92,2994,10.12,2018-10-24T04:00:00Z,359211,10.015207
10.08,10.18,9.9,2312,9.98,2018-10-25T04:00:00Z,371907,10.090947
10.12,10.18,9.89,2548,10.03,2018-10-26T04:00:00Z,283968,10.066617
9.99,10.29,9.92,2717,10.2,2018-10-29T04:00:00Z,357667,10.05784
10.2,10.3099,9.97,3422,10.0,2018-10-30T04:00:00Z,407937,10.190293
9.94,10.36,9.67,4043,10.27,2018-10-31T04:00:00Z,575923,9.902885
10.13,10.175,9.91,2090,10.02,2018-11-01T04:00:00Z,457916,10.100843
10.1,10.25,10.06,1918,10.19,2018-11-02T04:00:00Z,224756,10.119771
9.96,10.29,9.91,1468,10.13,2018-11-05T05:00:00Z,275788,9.987286
9.93,10.05,9.84,2270,9.98,2018-11-06T05:00:00Z,396500,9.942833
9.83,10.05,9.8,2303,9.93,2018-11-07T05:00:00Z,417844,9.850635
9.4,9.86,9.27,4320,9.82,2018-11-08T05:00:00Z,683579,9.486926
9.41,9.55,9.21,4242,9.37,2018-11-09T05:00:00Z,1269441,9.377023
9.18,9.455,9.13,2863,9.44,2018-11-12T05:00:00Z,393617,9.236801
9.12,9.27,9.03,3592,9.16,2018-11-13T05:00:00Z,589460,9.136314
9.11,9.21,8.915,5436,9.21,2018-11-14T05:00:00Z,1872798,9.039127
9.86,10.8186,9.56,16141,10.3,2018-11-15T05:00:00Z,2856188,10.019573
9.91,10.1166,9.46,7116,9.76,2018-11-16T05:00:00Z,1126599,9.873973
9.38,9.93,9.19,6015,9.85,2018-11-19T05:00:00Z,837626,9.410597
9.51,9.63,9.14,3809,9.36,2018-11-20T05:00:00Z,472547,9.500869
9.6,9.79,9.41,2315,9.51,2018-11-21T05:00:00Z,299774,9.64794
9.55,9.6,9.51,1255,9.54,2018-11-23T05:00:00Z,142410,9.554841
9.2,9.65,9.18,3228,9.6,2018-11-26T05:00:00Z,570203,9.325796
9.12,9.34,9.085,3276,9.24,2018-11-27T05:00:00Z,603182,9.20208
9.47,9.48,9.08,8378,9.13,2018-11-28T05:00:00Z,1759813,9.282779
9.62,9.63,9.2,4399,9.44,2018-11-29T05:00:00Z,602510,9.556576
9.52,9.71,9.28,4683,9.55,2018-11-30T05:00:00Z,833150,9.488309
9.37,9.73,9.16,4241,9.65,2018-12-03T05:00:00Z,675110,9.333179
8.97,9.5,8.84,4635,9.34,2018-12-04T05:00:00Z,663147,9.040214
8.91,9.04,8.76,4322,8.89,2018-12-06T05:00:00Z,933457,8.904085
8.73,9.1,8.72,2916,8.91,2018-12-07T05:00:00Z,572424,8.81214
8.69,8.79,8.59,4260,8.74,2018-12-10T05:00:00Z,821563,8.686609
8.7,8.86,8.57,2674,8.78,2018-12-11T05:00:00Z,494470,8.700036
9.01,9.02,8.72,3052,8.72,2018-12-12T05:00:00Z,635881,8.95989
8.68,9.29,8.66,3193,9.04,2018-12-13T05:00:00Z,711108,8.748506
8.33,8.66,8.3,4842,8.56,2018-12-14T05:00:00Z,829845,8.443316
8.28,8.46,8.24,3851,8.33,2018-12-17T05:00:00Z,853019,8.321906
8.07,8.44,8.01,4447,8.29,2018-12-18T05:00:00Z,2278921,8.246363
7.97,8.2,7.95,4518,8.0,2018-12-19T05:00:00Z,656098,8.061675
8.08,8.13,7.91,3296,7.97,2018-12-20T05:00:00Z,478229,8.050223
7.7,8.14,7.64,3349,8.14,2018-12-21T05:00:00Z,1203543,7.79965
7.67,7.83,7.57,2050,7.72,2018-12-24T05:00:00Z,353066,7.713337
7.87,7.88,7.45,4463,7.72,2018-12-26T05:00:00Z,713447,7.758
7.73,7.89,7.635,3493,7.78,2018-12-27T05:00:00Z,507623,7.723745
7.82,7.94,7.52,3078,7.76,2018-12-28T05:00:00Z,496691,7.734688
7.73,7.89,7.67,2624,7.88,2018-12-31T05:00:00Z,701232,7.737143
8.1,8.17,7.635,4105,7.68,2019-01-02T05:00:00Z,847218,8.037559
8.09,8.14,7.81,5413,8.03,2019-01-03T05:00:00Z,1011383,8.05397
8.42,8.44,8.14,4041,8.14,2019-01-04T05:00:00Z,798019,8.327766
7.93,8.42,7.67,6097,8.33,2019-01-07T05:00:00Z,1342745,7.941417
7.97,7.99,7.74,4423,7.95,2019-01-08T05:00:00Z,772646,7.920882
8.24,8.41,7.98,3841,8.01,2019-01-09T05:00:00Z,735819,8.230313
8.51,8.69,8.21,4464,8.25,2019-01-10T05:00:00Z,643160,8.48721
8.58,8.61,8.39,2681,8.45,2019-01-11T05:00:00Z,387041,8.551314
8.63,8.72,8.435,2089,8.55,2019-01-14T05:00:00Z,289458,8.645713
8.77,8.78,8.62,2816,8.64,2019-01-15T05:00:00Z,465744,8.721589
8.93,9.03,8.795,2848,8.8,2019-01-16T05:00:00Z,471918,8.921871
8.95,9.04,8.81,3318,8.92,2019-01-17T05:00:00Z,715318,8.949492
9.25,9.26,9.0,3363,9.04,2019-01-18T05:00:00Z,640808,9.189941
9.06,9.25,8.99,3021,9.25,2019-01-22T05:00:00Z,494381,9.108498
9.06,9.17,9.02,2055,9.11,2019-01-23T05:00:00Z,514073,9.078297
9.2,9.21,9.01,1648,9.06,2019-01-24T05:00:00Z,313998,9.157929
9.39,9.39,9.2101,3133,9.23,2019-01-25T05:00:00Z,604388,9.297616
9.06,9.34,9.0,3635,9.32,2019-01-28T05:00:00Z,601062,9.132294
9.1,9.23,9.01,2857,9.03,2019-01-29T05:00:00Z,454661,9.102061
9.5,9.63,9.1,5283,9.15,2019-01-30T05:00:00Z,717841,9.413379
9.32,10.11,9.26,6217,9.93,2019-01-31T05:00:00Z,976631,9.523088
9.76,10.01,9.49,4267,9.49,2019-02-01T05:00:00Z,633911,9.795498
10.06,10.22,9.85,4271,9.85,2019-02-04T05:00:00Z,749765,10.055943
10.13,10.21,10.01,3966,10.04,2019-02-05T05:00:00Z,1298826,10.123114
10.05,10.17,10.0,2761,10.14,2019-02-06T05:00:00Z,561428,10.066658
10.13,10.17,10.0,3837,10.05,2019-02-07T05:00:00Z,621415,10.115539
10.08,10.15,9.95,2888,10.04,2019-02-08T05:00:00Z,399628,10.051812
10.15,10.19,10.05,2555,10.09,2019-02-11T05:00:00Z,519714,10.151107
10.19,10.29,10.13,1904,10.22,2019-02-12T05:00:00Z,280038,10.184128
10.17,10.265,10.13,2715,10.2,2019-02-13T05:00:00Z,505478,10.184793
9.92,10.1606,9.91,3666,10.12,2019-02-14T05:00:00Z,615334,9.984838
10.02,10.085,9.9403,3133,9.98,2019-02-15T05:00:00Z,487872,10.019884
10.13,10.17,9.88,3356,9.99,2019-02-19T05:00:00Z,550781,10.07712
10.24,10.32,10.05,3192,10.13,2019-02-20T05:00:00Z,365570,10.234888
10.24,10.27,10.005,2740,10.17,2019-02-21T05:00:00Z,350119,10.17113
10.35,10.4,10.27,2870,10.3,2019-02-22T05:00:00Z,292209,10.33136
10.31,10.49,10.295,2347,10.42,2019-02-25T05:00:00Z,275764,10.33377
9.96,10.285,9.95,2821,10.25,2019-02-26T05:00:00Z,350680,10.015075
9.79,9.9378,9.68,3319,9.9,2019-02-27T05:00:00Z,484140,9.81307
9.77,9.88,9.67,3247,9.8,2019-02-28T05:00:00Z,624512,9.746673
9.93,10.025,9.77,2646,9.82,2019-03-01T05:00:00Z,546100,9.937889
9.8,10.0,9.78,2513,9.93,2019-03-04T05:00:00Z,377635,9.904995
9.81,9.85,9.645,2112,9.83,2019-03-05T05:00:00Z,384707,9.775845
9.66,9.81,9.64,2079,9.81,2019-03-06T05:00:00Z,610945,9.668639
9.57,9.66,9.51,2375,9.66,2019-03-07T05:00:00Z,234394,9.580689
9.67,9.74,9.43,3208,9.5,2019-03-08T05:00:00Z,418760,9.651819
9.73,9.82,9.64,1849,9.7,2019-03-11T04:00:00Z,240541,9.727336
9.66,9.73,9.58,2053,9.72,2019-03-12T04:00:00Z,236701,9.672181
9.55,9.72,9.4657,1756,9.7,2019-03-13T04:00:00Z,266639,9.587239
9.55,9.72,9.5,1931,9.56,2019-03-14T04:00:00Z,405897,9.575539
9.6,9.61,9.41,3671,9.54,2019-03-15T04:00:00Z,2315737,9.576199
9.61,9.72,9.58,2768,9.6,2019-03-18T04:00:00Z,563191,9.635971
9.44,9.67,9.33,2118,9.66,2019-03-19T04:00:00Z,543418,9.460789
9.36,9.47,9.25,2589,9.44,2019-03-20T04:00:00Z,407300,9.351962
9.5,9.69,9.34,1949,9.34,2019-03-21T04:00:00Z,436730,9.507692
9.11,9.44,9.08,2638,9.44,2019-03-22T04:00:00Z,340231,9.169126
9.26,9.33,9.07,2737,9.11,2019-03-25T04:00:00Z,357439,9.233297
9.29,9.39,9.2,1930,9.32,2019-03-26T04:00:00Z,293741,9.279882
9.22,9.29,9.06,1596,9.23,2019-03-27T04:00:00Z,272980,9.217056
9.36,9.38,9.1901,1531,9.22,2019-03-28T04:00:00Z,285834,9.337861
9.32,9.56,9.27,3436,9.43,2019-03-29T04:00:00Z,971376,9.337771
9.37,9.503,9.301,2230,9.38,2019-04-01T04:00:00Z,510530,9.381442
9.5,9.57,9.385,1898,9.43,2019-04-02T04:00:00Z,288079,9.468617
9.53,9.6524,9.47,1813,9.57,2019-04-03T04:00:00Z,559393,9.521743
9.83,9.875,9.54,2738,9.54,2019-04-04T04:00:00Z,504710,9.801192
9.92,9.96,9.7977,2537,9.81,2019-04-05T04:00:00Z,403550,9.877483
9.95,9.95,9.77,1572,9.89,2019-04-08T04:00:00Z,284210,9.907825
10.31,10.5,9.9112,6634,9.94,2019-04-09T04:00:00Z,1090051,10.280785
10.46,10.5,10.19,3270,10.27,2019-04-10T04:00:00Z,658312,10.428422
10.29,10.55,10.27,3025,10.48,2019-04-11T04:00:00Z,359196,10.375157
10.64,10.72,10.42,3549,10.53,2019-04-12T04:00:00Z,637807,10.618117
10.54,10.7,10.46,1782,10.69,2019-04-15T04:00:00Z,224205,10.546961
10.71,10.74,10.61,2332,10.61,2019-04-16T04:00:00Z,477312,10.693872
10.75,10.96,10.71,2826,10.76,2019-04-17T04:00:00Z,452523,10.785143
10.76,10.78,10.57,2350,10.72,2019-04-18T04:00:00Z,277903,10.694392
10.74,10.86,10.68,1969,10.76,2019-04-22T04:00:00Z,301165,10.747692
10.57,10.69,10.47,2969,10.68,2019-04-23T04:00:00Z,395970,10.589649
10.64,10.7,10.46,2288,10.57,2019-04-24T04:00:00Z,267874,10.593676
10.76,10.9,10.48,2699,10.65,2019-04-25T04:00:00Z,550375,10.753084
11.01,11.03,10.66,2908,10.71,2019-04-26T04:00:00Z,510896,10.952887
11.21,11.23,11.01,3025,11.09,2019-04-29T04:00:00Z,875308,11.174647
10.87,11.21,10.78,3561,11.18,2019-04-30T04:00:00Z,660495,10.924105
10.72,11.25,10.67,3230,10.91,2019-05-01T04:00:00Z,1019287,10.789482
10.83,10.96,10.69,1908,10.75,2019-05-02T04:00:00Z,244352,10.815571
10.88,10.99,10.8,2526,10.82,2019-05-03T04:00:00Z,444945,10.888731
10.8,10.87,10.48,2000,10.57,2019-05-06T04:00:00Z,383797,10.75878
10.71,10.8,10.6,2493,10.66,2019-05-07T04:00:00Z,397814,10.67603
10.49,10.76,10.49,3480,10.69,2019-05-08T04:00:00Z,616499,10.562727
9.71,10.23,9.29,6979,10.02,2019-05-09T04:00:00Z,1321598,9.74209
9.41,9.63,9.32,5150,9.6,2019-05-10T04:00:00Z,755623,9.503897
9.15,9.39,9.0868,4130,9.27,2019-05-13T04:00:00Z,518717,9.182704
9.17,9.27,9.1,2904,9.16,2019-05-14T04:00:00Z,326095,9.18359
9.14,9.22,9.06,2222,9.1,2019-05-15T04:00:00Z,264259,9.138509
9.21,9.28,9.15,1821,9.15,2019-05-16T04:00:00Z,236237,9.220131
9.14,9.2195,9.07,2243,9.15,2019-05-17T04:00:00Z,359574,9.135403
9.06,9.23,9.04,2512,9.14,2019-05-20T04:00:00Z,249048,9.116529
9.0,9.14,9.0,2403,9.1,2019-05-21T04:00:00Z,290612,9.051967
9.11,9.13,8.85,2354,8.96,2019-05-22T04:00:00Z,285815,9.044826
8.92,9.045,8.9,2992,9.03,2019-05-23T04:00:00Z,408570,8.94753
9.06,9.1,8.95,1564,8.96,2019-05-24T04:00:00Z,230108,9.046616
8.95,9.16,8.94,2040,9.04,2019-05-28T04:00:00Z,501893,8.966856
8.99,9.05,8.83,3255,8.9,2019-05-29T04:00:00Z,556102,8.967802
8.93,9.13,8.885,1922,8.94,2019-05-30T04:00:00Z,232579,8.948239
8.78,8.83,8.69,2571,8.81,2019-05-31T04:00:00Z,323588,8.756357
9.02,9.04,8.75,2706,8.78,2019-06-03T04:00:00Z,314309,8.970757
9.25,9.28,9.03,2142,9.11,2019-06-04T04:00:00Z,957595,9.18963
9.11,9.33,9.03,1842,9.25,2019-06-05T04:00:00Z,259566,9.105658
9.03,9.16,8.9,1622,9.11,2019-06-06T04:00:00Z,167033,9.019434
9.11,9.2,8.79,1573,9.04,2019-06-07T04:00:00Z,154121,9.098264
9.17,9.43,9.02,2033,9.15,2019-06-10T04:00:00Z,193895,9.195844
9.17,9.3,8.94,2510,9.25,2019-06-11T04:00:00Z,407675,9.076839
9.36,9.37,9.03,2250,9.11,2019-06-12T04:00:00Z,250552,9.286775
9.37,9.52,9.33,2027,9.38,2019-06-13T04:00:00Z,295548,9.441994
9.27,9.45,9.25,1347,9.4,2019-06-14T04:00:00Z,188806,9.302703
9.12,9.32,9.06,1864,9.27,2019-06-17T04:00:00Z,254752,9.159013
9.14,9.52,9.12,1997,9.12,2019-06-18T04:00:00Z,189317,9.191809
9.08,9.29,8.97,1427,9.19,2019-06-19T04:00:00Z,172485,9.093793
9.12,9.225,9.07,1452,9.2,2019-06-20T04:00:00Z,198421,9.134542
9.11,9.23,9.06,1825,9.09,2019-06-21T04:00:00Z,470615,9.11715
9.41,9.56,9.11,2409,9.11,2019-06-24T04:00:00Z,366566,9.34371
9.57,9.64,9.35,2332,9.4,2019-06-25T04:00:00Z,442219,9.538408
9.38,9.7061,9.38,1939,9.63,2019-06-26T04:00:00Z,208370,9.437029
9.57,9.585,9.36,2972,9.38,2019-06-27T04:00:00Z,383578,9.510996
9.47,9.69,9.42,3522,9.6,2019-06-28T04:00:00Z,1124377,9.494272
9.58,9.63,9.47,2127,9.58,2019-07-01T04:00:00Z,242452,9.568815
9.58,9.66,9.53,1802,9.61,2019-07-02T04:00:00Z,180360,9.588718
9.8,9.88,9.62,1986,9.62,2019-07-03T04:00:00Z,313709,9.77092
9.76,9.86,9.735,1732,9.78,2019-07-05T04:00:00Z,236955,9.776945
9.68,9.84,9.67,1453,9.77,2019-07-08T04:00:00Z,138212,9.733147
9.61,9.69,9.59,1762,9.66,2019-07-09T04:00:00Z,353906,9.614782
9.62,9.72,9.5,1901,9.65,2019-07-10T04:00:00Z,248778,9.596137
9.56,9.72,9.46,1621,9.65,2019-07-11T04:00:00Z,157434,9.538163
9.62,9.67,9.51,2170,9.57,2019-07-12T04:00:00Z,213628,9.606566
9.84,9.85,9.59,1976,9.61,2019-07-15T04:00:00Z,267219,9.782354
9.96,10.05,9.82,2895,9.85,2019-07-16T04:00:00Z,296908,9.968711
9.66,9.96,9.655,2135,9.96,2019-07-17T04:00:00Z,270185,9.75464
9.64,9.71,9.625,1434,9.65,2019-07-18T04:00:00Z,128527,9.662586
9.69,9.76,9.53,1960,9.6,2019-07-19T04:00:00Z,221821,9.689545
9.69,9.73,9.61,1777,9.68,2019-07-22T04:00:00Z,175602,9.665313
9.76,9.78,9.61,2768,9.69,2019-07-23T04:00:00Z,373377,9.697127
9.98,10.0,9.71,2410,9.71,2019-07-24T04:00:00Z,264951,9.945516
9.71,10.0,9.64,1188,9.99,2019-07-25T04:00:00Z,118923,9.768977
9.84,9.86,9.7,1320,9.72,2019-07-26T04:00:00Z,163216,9.811147
9.73,9.9,9.63,1714,9.84,2019-07-29T04:00:00Z,287352,9.703686
10.04,10.05,9.66,1989,9.68,2019-07-30T04:00:00Z,302615,9.984494
9.85,10.2,9.83,2826,10.07,2019-07-31T04:00:00Z,401672,9.936679
8.96,9.76,8.63,6482,9.43,2019-08-01T04:00:00Z,1062842,9.12857
8.67,8.98,8.54,3244,8.89,2019-08-02T04:00:00Z,348061,8.640024
8.6,8.64,8.37,4530,8.55,2019-08-05T04:00:00Z,582459,8.50967
8.53,8.69,8.45,2584,8.56,2019-08-06T04:00:00Z,410884,8.533048
8.72,8.78,8.435,2498,8.45,2019-08-07T04:00:00Z,365806,8.68038
8.84,8.97,8.71,1925,8.8,2019-08-08T04:00:00Z,422499,8.859235
8.66,8.9,8.59,1587,8.85,2019-08-09T04:00:00Z,222887,8.668406
8.3,8.59,8.28,1999,8.59,2019-08-12T04:00:00Z,321007,8.360516
8.31,8.48,8.25,1781,8.26,2019-08-13T04:00:00Z,181276,8.323672
8.1,8.26,8.08,4071,8.17,2019-08-14T04:00:00Z,681563,8.12335
8.15,8.29,8.11,2347,8.19,2019-08-15T04:00:00Z,273523,8.208094
8.24,8.32,7.97,2534,8.18,2019-08-16T04:00:00Z,476254,8.179865
8.15,8.35,8.11,2673,8.35,2019-08-19T04:00:00Z,492051,8.166697
8.12,8.2,8.02,1866,8.11,2019-08-20T04:00:00Z,252739,8.116933
8.15,8.27,7.97,2186,8.2,2019-08-21T04:00:00Z,445007,8.145367
8.14,8.2199,8.0,1908,8.13,2019-08-22T04:00:00Z,280160,8.129016
7.91,8.19,7.86,3139,8.11,2019-08-23T04:00:00Z,531408,7.941099
7.92,7.98,7.85,2338,7.97,2019-08-26T04:00:00Z,324022,7.915
7.99,8.02,7.72,2973,7.95,2019-08-27T04:00:00Z,515106,7.927737
7.98,8.1,7.88,1373,7.97,2019-08-28T04:00:00Z,223340,8.003293
8.06,8.185,7.935,1684,8.02,2019-08-29T04:00:00Z,268007,8.090545
7.87,8.29,7.84,1461,8.1,2019-08-30T04:00:00Z,226794,7.934479
7.82,7.9,7.69,2603,7.81,2019-09-03T04:00:00Z,255974,7.815712
7.86,7.95,7.76,1377,7.89,2019-09-04T04:00:00Z,147072,7.851284
7.86,8.03,7.84,2423,7.98,2019-09-05T04:00:00Z,309462,7.917865
7.84,7.91,7.82,1533,7.86,2019-09-06T04:00:00Z,226181,7.856759
7.85,7.925,7.81,3284,7.9,2019-09-09T04:00:00Z,522542,7.85974
8.01,8.13,7.86,3254,7.89,2019-09-10T04:00:00Z,629811,8.000497
8.15,8.22,7.94,5657,8.06,2019-09-11T04:00:00Z,923677,8.111332
8.26,8.33,8.12,3529,8.17,2019-09-12T04:00:00Z,814530,8.24993
8.35,8.46,8.29,3672,8.31,2019-09-13T04:00:00Z,595230,8.331709
8.35,8.53,8.31,3153,8.34,2019-09-16T04:00:00Z,513095,8.40022
8.31,8.38,8.24,2199,8.31,2019-09-17T04:00:00Z,303576,8.306087
8.25,8.33,8.16,2056,8.33,2019-09-18T04:00:00Z,257287,8.235472
7.3,7.87,7.2,13156,7.84,2019-09-19T04:00:00Z,2051997,7.382262
7.08,7.28,6.735,7194,7.28,2019-09-20T04:00:00Z,1843806,7.004828
6.89,7.1,6.8228,4025,7.04,2019-09-23T04:00:00Z,557245,6.899088
6.635,6.93,6.59,4160,6.89,2019-09-24T04:00:00Z,564015,6.689102
6.75,6.79,6.63,5134,6.66,2019-09-25T04:00:00Z,955831,6.727874
6.74,6.825,6.71,4745,6.76,2019-09-26T04:00:00Z,590565,6.76807
6.625,6.78,6.56,4153,6.78,2019-09-27T04:00:00Z,666664,6.647941
6.455,6.65,6.45,4236,6.62,2019-09-30T04:00:00Z,705409,6.485143
6.33,6.55,6.3,4117,6.48,2019-10-01T04:00:00Z,433297,6.366365
6.26,6.41,6.22,4195,6.3,2019-10-02T04:00:00Z,446258,6.28863
6.08,6.31,6.0423,4752,6.25,2019-10-03T04:00:00Z,709786,6.109913
6.105,6.18,6.01,3417,6.13,2019-10-04T04:00:00Z,504988,6.089689
6.19,6.28,6.08,5523,6.08,2019-10-07T04:00:00Z,652680,6.176916
5.43,5.77,5.32,10137,5.61,2019-10-08T04:00:00Z,2092211,5.510517
5.54,5.65,5.42,6031,5.44,2019-10-09T04:00:00Z,955394,5.549939
5.57,5.68,5.56,5102,5.58,2019-10-10T04:00:00Z,675229,5.5988
5.75,5.86,5.6,5409,5.6,2019-10-11T04:00:00Z,744459,5.764173
5.825,5.885,5.65,3511,5.75,2019-10-14T04:00:00Z,543062,5.807583
5.905,5.95,5.8,2944,5.83,2019-10-15T04:00:00Z,544354,5.895319
5.86,5.94,5.85,2123,5.9,2019-10-16T04:00:00Z,347053,5.876472
5.81,5.88,5.77,2280,5.87,2019-10-17T04:00:00Z,404549,5.812275
5.79,5.87,5.76,2185,5.77,2019-10-18T04:00:00Z,409712,5.79733
5.82,5.95,5.81,3079,5.87,2019-10-21T04:00:00Z,398493,5.863578
5.65,5.83,5.63,4818,5.82,2019-10-22T04:00:00Z,723104,5.678902
5.33,5.7328,5.297,7226,5.65,2019-10-23T04:00:00Z,1307002,5.388187
5.2,5.41,5.12,5051,5.35,2019-10-24T04:00:00Z,1081913,5.199233
5.27,5.29,5.1901,4102,5.2,2019-10-25T04:00:00Z,728191,5.242909
5.32,5.4,5.3,2240,5.3,2019-10-28T04:00:00Z,257898,5.335039
5.34,5.34,5.23,1917,5.32,2019-10-29T04:00:00Z,308330,5.306204
5.36,5.39,5.21,3083,5.31,2019-10-30T04:00:00Z,387516,5.341818
5.26,5.34,5.165,2694,5.33,2019-10-31T04:00:00Z,363480,5.227226
5.34,5.45,5.32,2510,5.34,2019-11-01T04:00:00Z,456729,5.371175
5.51,5.515,5.31,2645,5.36,2019-11-04T05:00:00Z,504745,5.456938
5.44,5.64,5.39,2907,5.52,2019-11-05T05:00:00Z,438147,5.47209
5.23,5.5,5.22,4346,5.39,2019-11-06T05:00:00Z,543969,5.317561
5.34,5.4,5.2631,2919,5.31,2019-11-07T05:00:00Z,525927,5.332501
5.2,5.32,5.155,2596,5.32,2019-11-08T05:00:00Z,313452,5.215847
5.11,5.23,5.09,2821,5.13,2019-11-11T05:00:00Z,444421,5.141393
5.33,5.37,5.05,3521,5.05,2019-11-12T05:00:00Z,517150,5.278582
5.38,5.45,5.27,3768,5.33,2019-11-13T05:00:00Z,462045,5.371381
5.16,5.43,5.15,3408,5.35,2019-11-14T05:00:00Z,472386,5.223666
5.18,5.21,5.08,2215,5.21,2019-11-15T05:00:00Z,1505418,5.148625
5.09,5.29,5.035,3102,5.29,2019-11-18T05:00:00Z,438828,5.087673
4.89,5.18,4.83,4140,5.18,2019-11-19T05:00:00Z,587788,4.927812
4.87,4.965,4.77,6581,4.87,2019-11-20T05:00:00Z,1332278,4.880172
4.955,5.0,4.8326,3374,4.9,2019-11-21T05:00:00Z,568129,4.941989
5.05,5.13,4.95,3904,4.96,2019-11-22T05:00:00Z,384213,5.046364
5.27,5.31,5.04,3379,5.04,2019-11-25T05:00:00Z,455368,5.245827
5.18,5.3359,5.18,3155,5.28,2019-11-26T05:00:00Z,514657,5.225554
5.09,5.27,5.08,1801,5.21,2019-11-27T05:00:00Z,217443,5.12087
5.12,5.12,5.035,834,5.09,2019-11-29T05:00:00Z,119299,5.106571
5.1,5.18,5.01,3301,5.12,2019-12-02T05:00:00Z,465645,5.093539
5.19,5.2,4.9,5042,4.99,2019-12-03T05:00:00Z,2293929,5.079545
5.22,5.39,5.2,4527,5.24,2019-12-04T05:00:00Z,1356114,5.290527
5.23,5.3299,5.18,4423,5.22,2019-12-05T05:00:00Z,827131,5.244978
6.19,6.43,5.7,21211,5.8,2019-12-06T05:00:00Z,3953827,6.190602
6.33,6.41,6.09,5747,6.11,2019-12-09T05:00:00Z,913997,6.328019
6.17,6.4031,6.115,5463,6.3,2019-12-10T05:00:00Z,730914,6.225316
6.17,6.27,6.16,5116,6.24,2019-12-11T05:00:00Z,692507,6.194601
6.29,6.37,6.14,6154,6.17,2019-12-12T05:00:00Z,706119,6.279238
6.34,6.36,6.11,5273,6.28,2019-12-13T05:00:00Z,1293502,6.309544
6.6,6.95,6.45,10273,6.45,2019-12-16T05:00:00Z,1830123,6.688875
6.92,6.96,6.56,6698,6.6,2019-12-17T05:00:00Z,1543315,6.877401
6.88,7.01,6.8,5476,6.96,2019-12-18T05:00:00Z,2762183,6.900363
6.82,6.91,6.72,4206,6.87,2019-12-19T05:00:00Z,900054,6.809299
6.89,6.96,6.8,5556,6.82,2019-12-20T05:00:00Z,2484970,6.88842
6.69,6.95,6.66,3916,6.93,2019-12-23T05:00:00Z,582262,6.733203
6.71,6.79,6.66,1822,6.69,2019-12-24T05:00:00Z,260175,6.703045
6.71,6.76,6.63,2120,6.71,2019-12-26T05:00:00Z,297068,6.690814
6.69,6.825,6.68,2916,6.75,2019-12-27T05:00:00Z,356115,6.719433
6.81,6.85,6.64,2596,6.7,2019-12-30T05:00:00Z,363349,6.793572
6.82,6.895,6.74,2633,6.78,2019-12-31T05:00:00Z,366177,6.824994
6.59,6.9,6.58,3209,6.88,2020-01-02T05:00:00Z,516880,6.664268
6.63,6.67,6.48,3641,6.53,2020-01-03T05:00:00Z,585265,6.614263
6.61,6.69,6.505,2436,6.54,2020-01-06T05:00:00Z,326151,6.610719
6.56,6.715,6.54,2040,6.61,2020-01-07T05:00:00Z,300226,6.595383
6.52,6.6,6.48,2379,6.55,2020-01-08T05:00:00Z,293689,6.521333
6.39,6.552,6.39,3592,6.52,2020-01-09T05:00:00Z,417619,6.437746
6.33,6.435,6.295,2865,6.4,2020-01-10T05:00:00Z,391758,6.335907
6.2,6.37,6.19,2160,6.33,2020-01-13T05:00:00Z,336108,6.243238
6.16,6.3,6.13,3466,6.2,2020-01-14T05:00:00Z,470988,6.186154
6.18,6.24,6.13,2509,6.13,2020-01-15T05:00:00Z,311242,6.170238
6.25,6.36,6.16,2303,6.19,2020-01-16T05:00:00Z,338259,6.283714
6.35,6.43,6.28,2491,6.3,2020-01-17T05:00:00Z,684233,6.344735
6.38,6.425,6.27,3029,6.3,2020-01-21T05:00:00Z,489904,6.363436
6.38,6.45,6.34,2206,6.36,2020-01-22T05:00:00Z,802737,6.38029
6.48,6.52,6.32,2750,6.39,2020-01-23T05:00:00Z,556776,6.464292
6.395,6.56,6.37,2005,6.47,2020-01-24T05:00:00Z,316494,6.407127
6.2,6.35,6.2,2601,6.28,2020-01-27T05:00:00Z,392458,6.230609
6.36,6.36,6.19,2231,6.24,2020-01-28T05:00:00Z,387644,6.280983
6.32,6.43,6.28,1999,6.4,2020-01-29T05:00:00Z,291431,6.334608
6.41,6.42,6.22,2203,6.29,2020-01-30T05:00:00Z,439328,6.351802
6.22,6.4644,6.21,3492,6.38,2020-01-31T05:00:00Z,824437,6.284324
6.72,6.9556,6.24,12544,6.24,2020-02-03T05:00:00Z,2413349,6.71575
5.01,5.98,4.91,20462,5.95,2020-02-04T05:00:00Z,4082723,5.340886
4.94,5.065,4.77,11618,5.06,2020-02-05T05:00:00Z,2059657,4.874607
5.03,5.15,4.93,4941,5.0,2020-02-06T05:00:00Z,852242,5.031108
4.95,5.075,4.92,4064,5.02,2020-02-07T05:00:00Z,1231224,4.973979
4.82,5.1401,4.8,3989,4.95,2020-02-10T05:00:00Z,720505,4.90819
4.81,4.93,4.79,3711,4.88,2020-02-11T05:00:00Z,854645,4.8379
4.93,4.985,4.82,2370,4.88,2020-02-12T05:00:00Z,367359,4.912804
4.87,4.995,4.85,3052,4.88,2020-02-13T05:00:00Z,399966,4.884103
4.91,4.955,4.78,2565,4.8,2020-02-14T05:00:00Z,335651,4.891261
4.89,5.0,4.84,2875,4.85,2020-02-18T05:00:00Z,509236,4.877264
4.88,4.94,4.825,2909,4.91,2020-02-19T05:00:00Z,574859,4.869671
5.065,5.12,4.87,3666,4.87,2020-02-20T05:00:00Z,945148,5.054887
4.87,5.15,4.83,3245,5.07,2020-02-21T05:00:00Z,441510,4.911141
4.82,4.885,4.68,4084,4.77,2020-02-24T05:00:00Z,595592,4.8019
4.77,4.82,4.64,5853,4.81,2020-02-25T05:00:00Z,880968,4.698821
4.68,4.8326,4.66,5075,4.81,2020-02-26T05:00:00Z,1141964,4.708425
4.79,5.048,4.5442,6248,4.64,2020-02-27T05:00:00Z,1297175,4.819026
4.8,4.95,4.685,6181,4.74,2020-02-28T05:00:00Z,956046,4.780144
4.81,4.9125,4.66,3288,4.81,2020-03-02T05:00:00Z,801559,4.770406
4.7,5.005,4.62,4607,4.85,2020-03-03T05:00:00Z,672322,4.747103
4.65,4.75,4.56,4260,4.7,2020-03-04T05:00:00Z,634780,4.649097
4.6,4.67,4.54,5415,4.6,2020-03-05T05:00:00Z,769651,4.611202
4.65,4.75,4.38,8240,4.5,2020-03-06T05:00:00Z,1185668,4.563066
4.48,4.57,4.33,5849,4.43,2020-03-09T04:00:00Z,845779,4.457392
4.44,4.71,4.345,7563,4.53,2020-03-10T04:00:00Z,944042,4.478432
4.24,4.46,4.175,4988,4.37,2020-03-11T04:00:00Z,576974,4.305682
3.83,4.19,3.8,7979,3.97,2020-03-12T04:00:00Z,1447440,4.004143
4.27,4.27,3.83,5037,3.83,2020-03-13T04:00:00Z,995402,4.158503
3.7,4.29,3.61,6026,3.94,2020-03-16T04:00:00Z,949470,3.825382
3.99,4.0,3.51,5506,3.72,2020-03-17T04:00:00Z,948497,3.733995
3.64,3.93,3.55,6241,3.82,2020-03-18T04:00:00Z,601708,3.685677
3.59,3.65,3.42,6297,3.57,2020-03-19T04:00:00Z,771675,3.561012
3.84,3.95,3.55,11345,3.61,2020-03-20T04:00:00Z,2092039,3.780231
3.76,4.01,3.57,7516,3.9,2020-03-23T04:00:00Z,945081,3.798704
3.68,3.98,3.5,6591,3.86,2020-03-24T04:00:00Z,1438605,3.657812
3.5,3.885,3.41,8307,3.73,2020-03-25T04:00:00Z,1075931,3.637029
3.8,3.98,3.41,9301,3.48,2020-03-26T04:00:00Z,1378772,3.784698
4.15,4.24,3.61,7978,3.77,2020-03-27T04:00:00Z,992902,3.989172
4.23,4.3,3.8,5878,4.18,2020-03-30T04:00:00Z,833614,4.129497
4.17,4.46,3.995,6460,4.22,2020-03-31T04:00:00Z,1106494,4.206369
3.98,4.185,3.77,4437,4.01,2020-04-01T04:00:00Z,741827,3.939257
4.29,4.32,3.76,6375,3.87,2020-04-02T04:00:00Z,913161,4.185761
4.31,4.44,4.16,4902,4.23,2020-04-03T04:00:00Z,700667,4.291165
4.57,4.72,4.4,4901,4.49,2020-04-06T04:00:00Z,818743,4.551908
4.39,4.82,4.36,6051,4.72,2020-04-07T04:00:00Z,836034,4.543685
4.66,4.69,4.355,4030,4.44,2020-04-08T04:00:00Z,587972,4.565624
4.95,5.08,4.75,4324,4.81,2020-04-09T04:00:00Z,620007,4.929996
4.79,5.1505,4.76,5192,5.1505,2020-04-13T04:00:00Z,616650,4.829618
4.85,5.02,4.75,3306,4.87,2020-04-14T04:00:00Z,675053,4.869661
4.75,4.83,4.57,4640,4.68,2020-04-15T04:00:00Z,605118,4.736357
4.86,4.98,4.72,4253,4.82,2020-04-16T04:00:00Z,1004097,4.836928
4.95,5.29,4.94,4643,5.0,2020-04-17T04:00:00Z,641885,5.005504
4.89,4.97,4.71,2156,4.83,2020-04-20T04:00:00Z,292949,4.872454
4.86,4.91,4.66,2874,4.76,2020-04-21T04:00:00Z,374028,4.824511
4.71,4.93,4.61,4049,4.9,2020-04-22T04:00:00Z,688300,4.764612
4.89,5.01,4.65,4217,4.72,2020-04-23T04:00:00Z,690076,4.877636
5.15,5.21,4.87,3885,4.92,2020-04-24T04:00:00Z,566968,5.070487
5.1,5.19,4.84,4609,5.18,2020-04-27T04:00:00Z,720996,5.003817
5.36,5.39,5.06,5283,5.21,2020-04-28T04:00:00Z,1044850,5.272227
5.65,5.8,5.46,5582,5.5,2020-04-29T04:00:00Z,869107,5.673095
5.6,5.695,5.42,4453,5.53,2020-04-30T04:00:00Z,551836,5.585465
5.18,5.5,5.09,3277,5.49,2020-05-01T04:00:00Z,372031,5.189419
5.4,5.43,5.01,2907,5.13,2020-05-04T04:00:00Z,412532,5.29728
5.25,5.56,5.21,3106,5.45,2020-05-05T04:00:00Z,405179,5.336926
5.21,5.38,5.19,2592,5.27,2020-05-06T04:00:00Z,341549,5.245409
5.2,5.38,5.17,3542,5.28,2020-05-07T04:00:00Z,480956,5.24055
5.52,5.545,5.17,3254,5.29,2020-05-08T04:00:00Z,407895,5.433587
5.24,5.47,5.15,3330,5.45,2020-05-11T04:00:00Z,664186,5.259728
4.86,5.214,4.79,4025,5.05,2020-05-12T04:00:00Z,661718,4.878768
4.595,4.83,4.49,6991,4.75,2020-05-13T04:00:00Z,990552,4.580686
4.61,4.63,4.34,3740,4.55,2020-05-14T04:00:00Z,537635,4.504624
4.82,4.9,4.54,4734,4.63,2020-05-15T04:00:00Z,587909,4.7844
5.09,5.11,4.91,3468,5.02,2020-05-18T04:00:00Z,600361,5.025512
4.86,5.12,4.85,3441,5.11,2020-05-19T04:00:00Z,476709,4.997714
5.14,5.15,4.875,3565,4.94,2020-05-20T04:00:00Z,490895,5.090207
5.28,5.3,5.09,3015,5.16,2020-05-21T04:00:00Z,425294,5.213556
5.19,5.3,4.95,3112,5.3,2020-05-22T04:00:00Z,363901,5.124781
5.3,5.39,5.23,4524,5.38,2020-05-26T04:00:00Z,649521,5.306208
5.35,5.44,5.24,2933,5.4,2020-05-27T04:00:00Z,435278,5.354911
5.26,5.41,5.215,3201,5.39,2020-05-28T04:00:00Z,376987,5.300901
5.16,5.2463,5.02,2416,5.22,2020-05-29T04:00:00Z,483327,5.13876
5.22,5.4214,5.13,2599,5.17,2020-06-01T04:00:00Z,423846,5.299541
5.41,5.48,5.16,4445,5.27,2020-06-02T04:00:00Z,610149,5.361675
5.64,5.785,5.43,4744,5.49,2020-06-03T04:00:00Z,872034,5.632915
6.26,6.335,5.695,7339,5.73,2020-06-04T04:00:00Z,1260964,6.18765
6.45,6.61,6.27,5044,6.27,2020-06-05T04:00:00Z,774957,6.442969
6.645,6.65,6.36,7251,6.55,2020-06-08T04:00:00Z,1179179,6.525958
6.7,6.84,6.35,7273,6.55,2020-06-09T04:00:00Z,781135,6.595508
6.555,6.72,6.41,5715,6.7,2020-06-10T04:00:00Z,874694,6.543376
6.355,6.48,6.135,5403,6.26,2020-06-11T04:00:00Z,976468,6.29043
6.32,6.625,6.18,5056,6.5,2020-06-12T04:00:00Z,698972,6.381936
6.405,6.51,6.13,3266,6.18,2020-06-15T04:00:00Z,481741,6.373499
6.33,6.575,6.22,3347,6.57,2020-06-16T04:00:00Z,554825,6.354205
6.19,6.35,6.17,3075,6.34,2020-06-17T04:00:00Z,495887,6.222916
6.18,6.25,6.035,3380,6.16,2020-06-18T04:00:00Z,440456,6.148885
6.085,6.28,6.08,2979,6.22,2020-06-19T04:00:00Z,940268,6.179007
6.07,6.09,5.855,3258,6.03,2020-06-22T04:00:00Z,431425,5.986676
6.01,6.165,5.97,3514,6.14,2020-06-23T04:00:00Z,535555,6.030536
6.06,6.12,5.82,3910,5.94,2020-06-24T04:00:00Z,461900,6.025221
6.24,6.255,5.99,5161,6.01,2020-06-25T04:00:00Z,963518,6.200141
5.94,6.19,5.85,4606,6.19,2020-06-26T04:00:00Z,1818188,5.953765
6.27,6.34,5.98,3183,5.98,2020-06-29T04:00:00Z,438670,6.246126
6.3,6.38,6.217,2972,6.25,2020-06-30T04:00:00Z,369202,6.306123
5.965,6.44,5.91,3187,6.31,2020-07-01T04:00:00Z,457038,6.050863
5.92,6.14,5.89,4030,6.0,2020-07-02T04:00:00Z,631606,6.00403
6.08,6.18,5.92,4809,6.03,2020-07-06T04:00:00Z,691406,6.026505
5.99,6.08,5.925,4547,6.03,2020-07-07T04:00:00Z,781776,5.997336
5.88,6.07,5.83,3194,6.07,2020-07-08T04:00:00Z,542110,5.901785
5.71,5.98,5.68,6742,5.96,2020-07-09T04:00:00Z,626632,5.766072
5.56,5.7,5.25,7792,5.68,2020-07-10T04:00:00Z,1080504,5.479464
5.38,5.63,5.33,5494,5.63,2020-07-13T04:00:00Z,533042,5.430999
5.53,5.58,5.31,6001,5.39,2020-07-14T04:00:00Z,767190,5.488203
5.9,5.94,5.55,4022,5.63,2020-07-15T04:00:00Z,552304,5.849281
5.68,5.87,5.63,3638,5.85,2020-07-16T04:00:00Z,395620,5.691198
5.6,5.82,5.585,2672,5.66,2020-07-17T04:00:00Z,305039,5.653336
5.52,5.65,5.49,2923,5.54,2020-07-20T04:00:00Z,342081,5.539206
5.78,5.85,5.53,3660,5.6,2020-07-21T04:00:00Z,578031,5.782975
5.98,6.0,5.74,3956,5.82,2020-07-22T04:00:00Z,628965,5.922583
5.81,5.97,5.595,4071,5.86,2020-07-23T04:00:00Z,840620,5.773224
5.67,5.825,5.66,3042,5.8,2020-07-24T04:00:00Z,364979,5.724491
5.66,5.79,5.59,1804,5.71,2020-07-27T04:00:00Z,238579,5.696087
5.59,5.705,5.59,2440,5.64,2020-07-28T04:00:00Z,298895,5.639949
5.86,5.88,5.55,2880,5.62,2020-07-29T04:00:00Z,698690,5.771992
5.91,5.99,5.695,3704,5.78,2020-07-30T04:00:00Z,440196,5.898989
5.72,5.96,5.63,2244,5.85,2020-07-31T04:00:00Z,343013,5.720782
5.69,5.75,5.65,2985,5.73,2020-08-03T04:00:00Z,287502,5.702104
5.89,5.9,5.59,6793,5.66,2020-08-04T04:00:00Z,2132046,5.78075
5.94,6.06,5.28,8676,5.49,2020-08-05T04:00:00Z,1357071,5.720481
5.92,6.09,5.88,4642,5.95,2020-08-06T04:00:00Z,573555,5.957001
5.98,6.02,5.85,3016,5.92,2020-08-07T04:00:00Z,373726,5.980609
6.04,6.11,5.98,4743,6.02,2020-08-10T04:00:00Z,724659,6.031537
5.96,6.19,5.92,4357,6.11,2020-08-11T04:00:00Z,494238,6.013857
5.78,6.09,5.74,2494,6.04,2020-08-12T04:00:00Z,322951,5.854991
5.67,5.85,5.65,1902,5.76,2020-08-13T04:00:00Z,222594,5.709238
5.74,5.76,5.595,2426,5.67,2020-08-14T04:00:00Z,338692,5.686852
5.58,5.76,5.51,1936,5.76,2020-08-17T04:00:00Z,232975,5.587054
5.47,5.6,5.41,2118,5.6,2020-08-18T04:00:00Z,319066,5.464608
5.5,5.54,5.41,2058,5.5,2020-08-19T04:00:00Z,263577,5.498882
5.48,5.53,5.42,2202,5.46,2020-08-20T04:00:00Z,250926,5.484134
5.44,5.5399,5.43,2431,5.49,2020-08-21T04:00:00Z,530833,5.46333
5.55,5.69,5.43,2929,5.51,2020-08-24T04:00:00Z,371035,5.581334
5.4,5.658,5.4,2109,5.61,2020-08-25T04:00:00Z,329311,5.464187
5.42,5.45,5.3501,1769,5.45,2020-08-26T04:00:00Z,222473,5.407356
5.42,5.5,5.35,2382,5.37,2020-08-27T04:00:00Z,321475,5.430565
5.61,5.61,5.38,5577,5.45,2020-08-28T04:00:00Z,284563,5.492457
5.38,5.63,5.38,2227,5.57,2020-08-31T04:00:00Z,357641,5.432191
5.45,5.45,5.15,2122,5.34,2020-09-01T04:00:00Z,265997,5.382121
5.64,5.67,5.38,2821,5.45,2020-09-02T04:00:00Z,381961,5.545399
5.6,5.68,5.53,3214,5.66,2020-09-03T04:00:00Z,362487,5.607764
5.6,5.82,5.5501,2828,5.64,2020-09-04T04:00:00Z,596637,5.687123
5.44,5.58,5.42,2220,5.56,2020-09-08T04:00:00Z,229508,5.474481
5.36,5.49,5.29,3395,5.49,2020-09-09T04:00:00Z,380453,5.358221
5.33,5.45,5.27,2987,5.38,2020-09-10T04:00:00Z,257582,5.3352
5.21,5.35,5.205,2865,5.35,2020-09-11T04:00:00Z,296790,5.25568
5.29,5.32,5.18,2818,5.25,2020-09-14T04:00:00Z,253504,5.281886
5.18,5.335,5.18,1803,5.31,2020-09-15T04:00:00Z,420781,5.207963
5.22,5.315,5.15,3056,5.2,2020-09-16T04:00:00Z,266946,5.236418
5.15,5.25,5.11,2355,5.18,2020-09-17T04:00:00Z,377112,5.175988
5.18,5.255,5.085,3133,5.21,2020-09-18T04:00:00Z,1245797,5.178242
5.03,5.11,4.88,4118,5.1,2020-09-21T04:00:00Z,515947,4.999012
5.19,5.2,4.99,2770,5.04,2020-09-22T04:00:00Z,310957,5.123368
4.99,5.23,4.96,3346,5.17,2020-09-23T04:00:00Z,424075,5.056625
4.9,5.0,4.9,2868,5.0,2020-09-24T04:00:00Z,398106,4.927288
4.9,4.94,4.8,2550,4.87,2020-09-25T04:00:00Z,297937,4.891559
5.13,5.2,4.91,2076,4.95,2020-09-28T04:00:00Z,278806,5.139682
5.05,5.15,5.03,1916,5.11,2020-09-29T04:00:00Z,222614,5.068107
5.03,5.21,5.01,2908,5.05,2020-09-30T04:00:00Z,412232,5.054167
5.01,5.17,4.97,3829,5.04,2020-10-01T04:00:00Z,243927,5.01213
5.0,5.07,4.89,2173,4.92,2020-10-02T04:00:00Z,268201,4.99765
5.13,5.225,4.99,2635,5.06,2020-10-05T04:00:00Z,343511,5.126819
5.31,5.42,5.17,4573,5.17,2020-10-06T04:00:00Z,697087,5.30251
5.41,5.51,5.35,4845,5.35,2020-10-07T04:00:00Z,434166,5.43746
5.3,5.5,5.24,2473,5.47,2020-10-08T04:00:00Z,307132,5.327392
5.09,5.34,5.08,2223,5.32,2020-10-09T04:00:00Z,378949,5.141764
5.11,5.21,5.07,3028,5.1,2020-10-12T04:00:00Z,607363,5.119651
4.98,5.21,4.905,2967,5.07,2020-10-13T04:00:00Z,351506,4.990953
4.91,5.05,4.91,4907,5.01,2020-10-14T04:00:00Z,311477,4.979443
5.21,5.265,4.8499,3087,4.93,2020-10-15T04:00:00Z,1052948,5.091319
5.24,5.3,5.11,2501,5.17,2020-10-16T04:00:00Z,379548,5.215668
5.14,5.345,5.13,3357,5.27,2020-10-19T04:00:00Z,479859,5.227667
5.17,5.21,5.1,2047,5.18,2020-10-20T04:00:00Z,313785,5.159803
5.02,5.205,4.97,2908,5.15,2020-10-21T04:00:00Z,304276,5.027572
4.95,5.04,4.94,1491,5.02,2020-10-22T04:00:00Z,220866,4.967398
4.96,5.02,4.9,1170,4.96,2020-10-23T04:00:00Z,139720,4.95871
4.86,4.925,4.785,1758,4.9,2020-10-26T04:00:00Z,196653,4.839215
4.81,4.89,4.785,1606,4.89,2020-10-27T04:00:00Z,193409,4.816198
4.69,4.79,4.68,4967,4.74,2020-10-28T04:00:00Z,475805,4.717748
4.58,4.67,4.55,2359,4.67,2020-10-29T04:00:00Z,284707,4.586738
4.46,4.65,4.45,3182,4.59,2020-10-30T04:00:00Z,470323,4.492145
4.43,4.555,4.41,2169,4.47,2020-11-02T05:00:00Z,297843,4.48747
4.65,4.7401,4.47,3406,4.47,2020-11-03T05:00:00Z,253630,4.653929
4.71,4.7519,4.57,1922,4.62,2020-11-04T05:00:00Z,220061,4.699594
4.8,4.815,4.71,1721,4.71,2020-11-05T05:00:00Z,215982,4.787041
4.79,4.82,4.74,2275,4.82,2020-11-06T05:00:00Z,220549,4.787688
5.1,5.17,4.86,3731,4.92,2020-11-09T05:00:00Z,481529,5.094634
5.14,5.17,5.07,2684,5.16,2020-11-10T05:00:00Z,404675,5.124672
5.11,5.15,4.93,3304,5.14,2020-11-11T05:00:00Z,351787,5.020951
4.9,5.08,4.81,2498,5.08,2020-11-12T05:00:00Z,344851,4.897931
5.13,5.15,4.91,1696,4.91,2020-11-13T05:00:00Z,201345,5.071819
5.14,5.24,5.07,2836,5.18,2020-11-16T05:00:00Z,328130,5.142714
5.1,5.11,4.905,2913,5.08,2020-11-17T05:00:00Z,359057,5.029118
5.14,5.29,5.08,2707,5.14,2020-11-18T05:00:00Z,667810,5.169758
5.24,5.24,5.03,2358,5.15,2020-11-19T05:00:00Z,474663,5.13608
5.38,5.45,5.14,2738,5.2,2020-11-20T05:00:00Z,338024,5.342083
5.43,5.5478,5.32,3652,5.4,2020-11-23T05:00:00Z,502136,5.455797
5.51,5.56,5.47,3134,5.47,2020-11-24T05:00:00Z,585270,5.515033
5.27,5.485,5.17,2731,5.47,2020-11-25T05:00:00Z,308852,5.283485
5.42,5.43,5.19,1502,5.25,2020-11-27T05:00:00Z,204938,5.327685
5.09,5.42,5.05,5983,5.36,2020-11-30T05:00:00Z,2012798,5.122959
5.24,5.41,5.15,4037,5.19,2020-12-01T05:00:00Z,496308,5.233693
5.25,5.3,5.16,4093,5.22,2020-12-02T05:00:00Z,404545,5.243761
5.38,5.44,5.26,3373,5.29,2020-12-03T05:00:00Z,443486,5.371279
5.38,5.45,5.173,2565,5.39,2020-12-04T05:00:00Z,321765,5.283464
5.38,5.41,5.21,2036,5.38,2020-12-07T05:00:00Z,209870,5.35529
5.43,5.47,5.27,2815,5.32,2020-12-08T05:00:00Z,342653,5.394329
5.35,5.49,5.29,1863,5.49,2020-12-09T05:00:00Z,286201,5.358895
5.25,5.355,5.21,2446,5.34,2020-12-10T05:00:00Z,368324,5.261334
5.1,5.2499,5.03,3018,5.21,2020-12-11T05:00:00Z,593867,5.117697
4.98,5.15,4.98,3635,5.1152,2020-12-14T05:00:00Z,517412,5.02878
4.94,5.0584,4.46,6312,4.96,2020-12-15T05:00:00Z,1332401,4.736925
4.69,4.9681,4.69,5562,4.92,2020-12-16T05:00:00Z,991830,4.745274
4.58,4.75,4.54,5758,4.75,2020-12-17T05:00:00Z,1155154,4.598073
4.59,4.755,4.57,4421,4.59,2020-12-18T05:00:00Z,1707729,4.605526
4.82,4.95,4.34,11793,4.51,2020-12-21T05:00:00Z,2216983,4.758773
4.78,5.13,4.7,8734,5.12,2020-12-22T05:00:00Z,1424379,4.845264
4.83,4.92,4.7431,4319,4.92,2020-12-23T05:00:00Z,560293,4.84542
4.75,4.9143,4.715,2556,4.88,2020-12-24T05:00:00Z,413403,4.764165
4.78,4.96,4.73,3296,4.82,2020-12-28T05:00:00Z,607119,4.817811
4.76,4.81,4.72,3253,4.79,2020-12-29T05:00:00Z,522405,4.755825
4.75,4.79,4.682,3399,4.78,2020-12-30T05:00:00Z,592519,4.743891
4.79,4.84,4.635,2343,4.75,2020-12-31T05:00:00Z,397075,4.760485
4.79,4.86,4.66,3029,4.86,2021-01-04T05:00:00Z,477782,4.768021
4.98,5.07,4.75,2978,4.76,2021-01-05T05:00:00Z,526504,4.948116
5.1,5.3,5.04,9399,5.04,2021-01-06T05:00:00Z,1584829,5.147071
5.01,5.23,4.98,3764,5.13,2021-01-07T05:00:00Z,961329,5.038943
4.92,5.0522,4.7946,4252,5.05,2021-01-08T05:00:00Z,945550,4.902505
4.78,4.92,4.74,3329,4.88,2021-01-11T05:00:00Z,610239,4.793385
4.78,4.83,4.7,3663,4.8,2021-01-12T05:00:00Z,603437,4.772415
4.69,4.8213,4.65,2500,4.77,2021-01-13T05:00:00Z,337748,4.703407
4.79,4.84,4.71,3584,4.73,2021-01-14T05:00:00Z,593628,4.790025
4.68,4.7872,4.65,2468,4.77,2021-01-15T05:00:00Z,526432,4.698791
4.71,4.755,4.635,3666,4.74,2021-01-19T05:00:00Z,422207,4.70072
4.66,4.73,4.58,2749,4.7,2021-01-20T05:00:00Z,413927,4.637774
4.67,4.7119,4.5862,2276,4.69,2021-01-21T05:00:00Z,348074,4.655361
4.74,4.76,4.58,2738,4.61,2021-01-22T05:00:00Z,376167,4.674878
4.78,4.83,4.63,3250,4.74,2021-01-25T05:00:00Z,509518,4.770266
4.78,4.8289,4.68,2428,4.81,2021-01-26T05:00:00Z,320165,4.749959
4.6,4.75,4.51,5125,4.74,2021-01-27T05:00:00Z,1122301,4.606883
4.555,4.64,4.51,3592,4.64,2021-01-28T05:00:00Z,556104,4.5622
4.49,4.57,4.47,3674,4.55,2021-01-29T05:00:00Z,640524,4.504683
4.64,4.725,4.5106,4105,4.59,2021-02-01T05:00:00Z,673529,4.637369
4.68,4.79,4.575,4692,4.68,2021-02-02T05:00:00Z,548825,4.687525
4.79,4.85,4.68,3586,4.68,2021-02-03T05:00:00Z,662931,4.777162
5.19,5.2,4.8981,5717,5.02,2021-02-04T05:00:00Z,1129912,5.092968
5.2,5.3,4.8,5346,5.29,2021-02-05T05:00:00Z,872464,5.030101
5.15,5.21,5.05,3171,5.2,2021-02-08T05:00:00Z,523909,5.141181
5.14,5.2,5.06,2680,5.14,2021-02-09T05:00:00Z,462086,5.137032
5.06,5.18,4.97,2646,5.15,2021-02-10T05:00:00Z,408089,5.057548
5.05,5.15,4.97,2132,5.06,2021-02-11T05:00:00Z,494704,5.05203
4.99,5.04,4.97,1626,5.04,2021-02-12T05:00:00Z,294681,4.995207
5.16,5.2,5.01,2210,5.01,2021-02-16T05:00:00Z,380488,5.119932
5.01,5.1903,5.0,1669,5.14,2021-02-17T05:00:00Z,303956,5.065792
4.89,5.0,4.805,2634,5.0,2021-02-18T05:00:00Z,416247,4.886281
4.86,4.97,4.8,3022,4.89,2021-02-19T05:00:00Z,598505,4.844932
4.96,5.0,4.8,3262,4.85,2021-02-22T05:00:00Z,450066,4.954126
4.96,4.99,4.84,2668,4.92,2021-02-23T05:00:00Z,396729,4.936593
5.23,5.24,4.87,2966,4.94,2021-02-24T05:00:00Z,483545,5.150853
5.0,5.28,4.98,3487,5.21,2021-02-25T05:00:00Z,554724,5.076106
4.8,5.03,4.785,3205,4.97,2021-02-26T05:00:00Z,565508,4.842943
4.94,4.97,4.87,3198,4.88,2021-03-01T05:00:00Z,317565,4.920082
4.91,4.975,4.85,1746,4.94,2021-03-02T05:00:00Z,216321,4.919045
4.99,5.09,4.94,2054,4.94,2021-03-03T05:00:00Z,317172,5.025727
5.05,5.11,4.96,3950,4.97,2021-03-04T05:00:00Z,525129,5.036592
5.2,5.215,5.04,4999,5.14,2021-03-05T05:00:00Z,634192,5.133716
5.28,5.2999,5.15,4191,5.25,2021-03-08T05:00:00Z,662882,5.246204
5.19,5.35,5.18,2427,5.35,2021-03-09T05:00:00Z,388755,5.244031
5.28,5.3,5.16,2834,5.2,2021-03-10T05:00:00Z,437904,5.226802
5.41,5.42,5.255,2831,5.28,2021-03-11T05:00:00Z,415537,5.376376
5.59,5.615,5.1901,5082,5.44,2021-03-12T05:00:00Z,641472,5.498228
5.69,5.73,5.5,3843,5.62,2021-03-15T04:00:00Z,582096,5.66204
5.6,5.685,5.47,3608,5.67,2021-03-16T04:00:00Z,509219,5.598638
5.67,5.68,5.57,2583,5.61,2021-03-17T04:00:00Z,398783,5.635538
5.58,5.78,5.54,3175,5.59,2021-03-18T04:00:00Z,415538,5.630007
5.54,5.745,5.535,3242,5.59,2021-03-19T04:00:00Z,1832425,5.567551
5.43,5.58,5.42,3111,5.4635,2021-03-22T04:00:00Z,351642,5.460976
5.24,5.44,5.19,3495,5.41,2021-03-23T04:00:00Z,614887,5.299217
5.12,5.415,5.12,2691,5.3,2021-03-24T04:00:00Z,396855,5.228509
5.09,5.1801,5.03,2515,5.09,2021-03-25T04:00:00Z,334734,5.118418
5.16,5.21,5.06,2593,5.15,2021-03-26T04:00:00Z,295728,5.124639
5.07,5.21,5.055,2545,5.11,2021-03-29T04:00:00Z,446536,5.088222
5.06,5.135,5.05,1902,5.05,2021-03-30T04:00:00Z,254969,5.073063
4.97,5.09,4.96,2616,5.07,2021-03-31T04:00:00Z,529407,4.985687
5.14,5.15,4.91,2333,4.96,2021-04-01T04:00:00Z,324915,5.066918
5.28,5.32,5.14,5110,5.19,2021-04-05T04:00:00Z,446758,5.241263
5.3,5.395,5.27,2572,5.28,2021-04-06T04:00:00Z,284849,5.33499
5.24,5.38,5.17,3291,5.31,2021-04-07T04:00:00Z,451015,5.251651
5.29,5.345,5.24,3782,5.24,2021-04-08T04:00:00Z,564493,5.294411
5.37,5.4,5.2977,2054,5.3,2021-04-09T04:00:00Z,314742,5.36599
5.35,5.41,5.31,1952,5.37,2021-04-12T04:00:00Z,235029,5.359907
5.21,5.36,5.2,2834,5.32,2021-04-13T04:00:00Z,345341,5.251668
5.2,5.29,5.18,2024,5.22,2021-04-14T04:00:00Z,266897,5.225377
5.22,5.23,5.13,1447,5.2,2021-04-15T04:00:00Z,187013,5.188034
5.23,5.3,5.22,2098,5.25,2021-04-16T04:00:00Z,201625,5.25268
5.12,5.24,5.06,2250,5.24,2021-04-19T04:00:00Z,249841,5.123977
5.09,5.18,5.03,2616,5.09,2021-04-20T04:00:00Z,249993,5.103241
5.12,5.14,5.01,1966,5.07,2021-04-21T04:00:00Z,187818,5.097332
4.99,5.17,4.99,2397,5.15,2021-04-22T04:00:00Z,296545,5.051934
5.06,5.11,4.99,1464,5.0,2021-04-23T04:00:00Z,383128,5.063925
5.1,5.14,5.07,1127,5.1,2021-04-26T04:00:00Z,167338,5.10358
5.16,5.18,5.085,1679,5.1,2021-04-27T04:00:00Z,205663,5.151553
5.21,5.26,5.12,1814,5.17,2021-04-28T04:00:00Z,214238,5.19464
5.64,5.94,5.59,6781,5.79,2021-04-29T04:00:00Z,1277091,5.713977
5.63,5.764,5.555,3740,5.65,2021-04-30T04:00:00Z,714320,5.648117
5.7,5.89,5.68,8066,5.7,2021-05-03T04:00:00Z,857657,5.738815
5.77,5.8,5.6671,6401,5.71,2021-05-04T04:00:00Z,392825,5.741966
5.91,5.97,5.85,4229,5.86,2021-05-05T04:00:00Z,711857,5.913992
6.65,6.65,5.92,6082,5.92,2021-05-06T04:00:00Z,1358436,6.370014
6.49,6.55,6.38,4147,6.55,2021-05-07T04:00:00Z,770158,6.444654
6.54,6.73,6.36,4932,6.46,2021-05-10T04:00:00Z,708330,6.607008
6.55,6.58,6.29,3873,6.43,2021-05-11T04:00:00Z,418662,6.496724
6.61,6.69,6.5,3257,6.56,2021-05-12T04:00:00Z,432254,6.600077
6.68,6.73,6.56,4182,6.6,2021-05-13T04:00:00Z,1143740,6.660093
6.95,6.97,6.65,4105,6.69,2021-05-14T04:00:00Z,641389,6.833251
7.24,7.265,6.95,3966,6.95,2021-05-17T04:00:00Z,624947,7.130485
7.2,7.25,7.05,3130,7.22,2021-05-18T04:00:00Z,343913,7.174095
7.15,7.22,6.722,4183,6.91,2021-05-19T04:00:00Z,556969,7.09753
7.2,7.24,6.9801,3565,7.11,2021-05-20T04:00:00Z,254563,7.17009
7.29,7.35,7.235,2941,7.25,2021-05-21T04:00:00Z,356380,7.285113
7.29,7.33,7.19,2012,7.3,2021-05-24T04:00:00Z,277412,7.27371
7.07,7.32,7.06,2315,7.26,2021-05-25T04:00:00Z,259515,7.15282
7.09,7.16,7.03,2593,7.07,2021-05-26T04:00:00Z,363711,7.084727
7.38,7.43,7.17,2633,7.17,2021-05-27T04:00:00Z,661749,7.348576
7.35,7.395,7.28,2373,7.36,2021-05-28T04:00:00Z,233663,7.340028
7.58,7.62,7.3597,3070,7.44,2021-06-01T04:00:00Z,441149,7.525926
7.46,7.6829,7.4,2720,7.64,2021-06-02T04:00:00Z,343672,7.476779
7.5,7.55,7.27,5757,7.39,2021-06-03T04:00:00Z,339590,7.446401
7.44,7.52,7.4031,1482,7.52,2021-06-04T04:00:00Z,165244,7.452729
7.12,7.49,7.085,6191,7.45,2021-06-07T04:00:00Z,904092,7.226278
7.05,7.1,6.89,4357,7.01,2021-06-08T04:00:00Z,569678,7.023129
6.96,7.049,6.9023,3031,6.98,2021-06-09T04:00:00Z,385942,6.96257
6.93,7.09,6.88,4200,7.04,2021-06-10T04:00:00Z,461132,6.952676
7.15,7.19,6.89,3262,6.92,2021-06-11T04:00:00Z,641119,7.024752
7.21,7.4,7.04,4438,7.12,2021-06-14T04:00:00Z,693242,7.280698
7.21,7.3,7.122,3251,7.23,2021-06-15T04:00:00Z,427676,7.199487
7.05,7.2,7.05,2774,7.16,2021-06-16T04:00:00Z,639023,7.083541
6.9,7.22,6.88,4026,7.06,2021-06-17T04:00:00Z,424236,6.988487
6.44,6.85,6.37,6330,6.81,2021-06-18T04:00:00Z,2646938,6.509398
6.75,6.785,6.44,4121,6.44,2021-06-21T04:00:00Z,601305,6.682082
6.68,6.8,6.5999,2355,6.8,2021-06-22T04:00:00Z,351466,6.669066
6.73,6.815,6.71,2819,6.72,2021-06-23T04:00:00Z,314328,6.753306
6.66,6.77,6.58,1909,6.74,2021-06-24T04:00:00Z,267729,6.645924
6.38,6.69,6.29,3216,6.69,2021-06-25T04:00:00Z,988281,6.405973
6.36,6.39,6.25,3606,6.315,2021-06-28T04:00:00Z,522161,6.335733
6.19,6.37,6.16,2681,6.35,2021-06-29T04:00:00Z,343695,6.212774
6.03,6.21,5.97,2939,6.2,2021-06-30T04:00:00Z,409017,6.071336
6.17,6.22,6.0,14781,6.11,2021-07-01T04:00:00Z,429925,6.149872
5.98,6.15,5.965,2006,6.15,2021-07-02T04:00:00Z,242946,6.001051
5.98,6.1,5.92,2914,5.94,2021-07-06T04:00:00Z,451565,6.00305
5.82,5.93,5.8,2940,5.82,2021-07-07T04:00:00Z,301307,5.846364
5.79,5.815,5.66,1869,5.73,2021-07-08T04:00:00Z,258199,5.77421
6.06,6.065,5.83,3375,5.845,2021-07-09T04:00:00Z,363341,5.990817
6.2,6.235,6.02,2937,6.02,2021-07-12T04:00:00Z,379504,6.164496
6.11,6.2,6.08,2783,6.2,2021-07-13T04:00:00Z,377242,6.133439
6.01,6.155,6.005,2505,6.11,2021-07-14T04:00:00Z,310983,6.05339
6.01,6.08,5.95,1871,6.01,2021-07-15T04:00:00Z,232995,6.01219
5.92,6.1,5.91,1911,6.08,2021-07-16T04:00:00Z,278922,5.96749
5.76,5.9097,5.7101,3552,5.77,2021-07-19T04:00:00Z,471609,5.801505
5.78,5.89,5.7,2404,5.77,2021-07-20T04:00:00Z,334360,5.79899
5.88,5.975,5.82,3128,5.82,2021-07-21T04:00:00Z,234798,5.906897
5.7,5.87,5.69,2374,5.87,2021-07-22T04:00:00Z,395550,5.723434
5.68,5.745,5.59,1957,5.73,2021-07-23T04:00:00Z,312403,5.662065
5.8,5.93,5.7,1490,5.7,2021-07-26T04:00:00Z,179626,5.805428
5.74,5.775,5.72,1833,5.74,2021-07-27T04:00:00Z,432006,5.745775
5.79,5.86,5.725,1342,5.75,2021-07-28T04:00:00Z,162466,5.78694
5.83,5.89,5.8,1839,5.82,2021-07-29T04:00:00Z,154233,5.832657
5.72,5.84,5.72,3882,5.77,2021-07-30T04:00:00Z,296668,5.747052
5.64,5.81,5.63,3165,5.73,2021-08-02T04:00:00Z,269783,5.675252
5.6,5.675,5.555,3795,5.63,2021-08-03T04:00:00Z,457207,5.624392
5.64,5.68,5.51,3705,5.52,2021-08-04T04:00:00Z,552212,5.583026
5.94,6.0,5.5,5507,5.58,2021-08-05T04:00:00Z,604658,5.831461
6.0,6.14,5.97,4163,6.0,2021-08-06T04:00:00Z,595203,6.010969
6.05,6.11,5.88,3258,5.97,2021-08-09T04:00:00Z,310932,6.038804
6.04,6.09,5.99,1438,6.03,2021-08-10T04:00:00Z,257159,6.042052
6.29,6.29,6.03,2703,6.07,2021-08-11T04:00:00Z,327415,6.210757
6.21,6.23,6.11,2544,6.23,2021-08-12T04:00:00Z,193594,6.182979
6.16,6.3,6.15,1873,6.24,2021-08-13T04:00:00Z,182441,6.192314
6.29,6.31,6.08,2218,6.13,2021-08-16T04:00:00Z,269159,6.249286
6.22,6.255,6.16,2077,6.21,2021-08-17T04:00:00Z,170598,6.214362
6.2,6.3,6.18,1591,6.2,2021-08-18T04:00:00Z,169220,6.21584
6.17,6.25,6.15,2146,6.15,2021-08-19T04:00:00Z,330253,6.184184
6.31,6.34,6.13,2377,6.13,2021-08-20T04:00:00Z,236946,6.2783
6.37,6.405,6.32,1708,6.32,2021-08-23T04:00:00Z,226756,6.369004
6.56,6.57,6.35,2629,6.38,2021-08-24T04:00:00Z,350412,6.492655
6.6,6.64,6.5,1524,6.6,2021-08-25T04:00:00Z,207560,6.579591
6.65,6.715,6.53,2957,6.61,2021-08-26T04:00:00Z,361978,6.654201
6.77,6.777,6.66,1705,6.66,2021-08-27T04:00:00Z,293284,6.745886
6.87,6.89,6.705,2756,6.76,2021-08-30T04:00:00Z,402540,6.829623
6.89,6.95,6.783,3289,6.88,2021-08-31T04:00:00Z,647295,6.865214
6.81,6.92,6.78,3800,6.92,2021-09-01T04:00:00Z,254657,6.834408
6.87,6.925,6.775,2008,6.8,2021-09-02T04:00:00Z,269063,6.864833
6.89,6.89,6.78,2278,6.89,2021-09-03T04:00:00Z,237139,6.842038
6.84,6.91,6.81,2129,6.89,2021-09-07T04:00:00Z,167711,6.848943
6.59,6.83,6.57,1771,6.83,2021-09-08T04:00:00Z,204703,6.613005
6.64,6.68,6.51,1987,6.57,2021-09-09T04:00:00Z,256511,6.62609
6.65,6.755,6.58,2481,6.67,2021-09-10T04:00:00Z,214414,6.659938
6.86,6.875,6.6,2367,6.67,2021-09-13T04:00:00Z,265725,6.776271
6.78,6.9,6.74,3738,6.89,2021-09-14T04:00:00Z,426233,6.794173
6.75,6.87,6.72,2143,6.76,2021-09-15T04:00:00Z,255351,6.759682
7.11,7.3214,6.955,5253,6.99,2021-09-16T04:00:00Z,783416,7.097383
7.08,7.145,7.0,5460,7.1,2021-09-17T04:00:00Z,1833719,7.080844
7.0,7.01,6.78,3873,6.94,2021-09-20T04:00:00Z,435958,6.930668
7.31,7.35,7.02,4195,7.02,2021-09-21T04:00:00Z,499050,7.237796
7.3,7.43,7.25,4353,7.36,2021-09-22T04:00:00Z,459059,7.34288
7.56,7.6,7.21,2949,7.32,2021-09-23T04:00:00Z,484619,7.462427
7.66,7.71,7.53,4090,7.56,2021-09-24T04:00:00Z,605422,7.655525
7.97,8.025,7.72,5545,7.72,2021-09-27T04:00:00Z,731861,7.910457
7.89,8.1212,7.825,3486,8.05,2021-09-28T04:00:00Z,416650,7.933609
7.69,7.94,7.65,3557,7.65,2021-09-29T04:00:00Z,445621,7.723718
7.57,7.74,7.51,2815,7.74,2021-09-30T04:00:00Z,273523,7.590766
7.58,7.96,7.57,2994,7.58,2021-10-01T04:00:00Z,468881,7.62942
7.59,7.665,7.47,3362,7.62,2021-10-04T04:00:00Z,336885,7.59128
7.63,7.725,7.5407,2720,7.62,2021-10-05T04:00:00Z,326717,7.638795
7.56,7.75,7.53,2503,7.59,2021-10-06T04:00:00Z,254602,7.573551
7.73,7.91,7.66,4529,7.66,2021-10-07T04:00:00Z,914094,7.813418
8.24,8.25,7.74,6714,7.76,2021-10-08T04:00:00Z,1247176,7.954654
8.32,8.79,8.29,5338,8.31,2021-10-11T04:00:00Z,503276,8.407461
8.39,8.5,8.255,3924,8.31,2021-10-12T04:00:00Z,547494,8.426548
8.2,8.49,8.125,3202,8.39,2021-10-13T04:00:00Z,271021,8.221976
8.0,8.26,7.975,4334,8.26,2021-10-14T04:00:00Z,382384,8.025069
8.0,8.11,7.94,4142,8.09,2021-10-15T04:00:00Z,518990,8.01249
8.01,8.13,7.92,2217,8.01,2021-10-18T04:00:00Z,219704,8.043697
7.91,8.07,7.88,2151,8.07,2021-10-19T04:00:00Z,201207,7.936644
7.87,7.935,7.715,3226,7.89,2021-10-20T04:00:00Z,297554,7.848092
7.81,8.05,7.76,3223,7.91,2021-10-21T04:00:00Z,306260,7.856733
7.64,7.83,7.61,3450,7.83,2021-10-22T04:00:00Z,373683,7.654126
7.65,7.65,7.385,4848,7.65,2021-10-25T04:00:00Z,2402412,7.541234
7.71,7.85,7.66,3527,7.66,2021-10-26T04:00:00Z,653786,7.752366
7.38,7.65,7.35,2725,7.65,2021-10-27T04:00:00Z,350363,7.425261
7.34,7.4899,7.3,3028,7.4,2021-10-28T04:00:00Z,397820,7.368055
7.46,7.53,7.32,4044,7.32,2021-10-29T04:00:00Z,508035,7.454844
7.61,7.645,7.46,4631,7.52,2021-11-01T04:00:00Z,453232,7.598299
7.47,7.54,7.32,3390,7.47,2021-11-02T04:00:00Z,386025,7.481435
7.6,7.68,7.46,2590,7.46,2021-11-03T04:00:00Z,301285,7.607603
7.6,7.67,7.45,2876,7.64,2021-11-04T04:00:00Z,272755,7.567138
7.8,7.86,7.68,2309,7.68,2021-11-05T04:00:00Z,185307,7.78405
7.8,7.88,7.74,2502,7.8,2021-11-08T05:00:00Z,214832,7.795089
7.91,7.94,7.69,2800,7.73,2021-11-09T05:00:00Z,1233075,7.860472
7.95,8.01,7.84,2342,7.95,2021-11-10T05:00:00Z,408917,7.935332
8.03,8.07,7.885,2377,7.93,2021-11-11T05:00:00Z,202546,8.015381
8.11,8.16,8.06,2124,8.06,2021-11-12T05:00:00Z,194433,8.105868
8.1,8.18,8.045,2507,8.15,2021-11-15T05:00:00Z,350606,8.105393
7.8,8.185,7.8,3303,8.11,2021-11-16T05:00:00Z,455846,7.904514
7.83,7.96,7.78,3336,7.8,2021-11-17T05:00:00Z,300691,7.828433
8.68,8.8,7.95,6804,8.1,2021-11-18T05:00:00Z,765333,8.570239
8.1,8.55,8.035,4373,8.55,2021-11-19T05:00:00Z,408402,8.159144
8.11,8.225,8.06,3452,8.18,2021-11-22T05:00:00Z,329084,8.128475
8.16,8.22,8.02,3405,8.02,2021-11-23T05:00:00Z,312843,8.144408
7.92,8.13,7.91,2159,8.12,2021-11-24T05:00:00Z,248655,8.019541
7.57,7.75,7.34,3179,7.75,2021-11-26T05:00:00Z,860302,7.515525
7.42,7.64,7.36,4087,7.62,2021-11-29T05:00:00Z,341799,7.418456
7.4,7.445,7.23,4089,7.35,2021-11-30T05:00:00Z,609826,7.37379
7.16,7.58,7.15,6235,7.58,2021-12-01T05:00:00Z,554332,7.259782
7.16,7.245,6.92,3793,7.11,2021-12-02T05:00:00Z,344892,7.13568
7.12,7.2,7.03,3477,7.13,2021-12-03T05:00:00Z,271358,7.105918
7.24,7.3925,7.06,3063,7.12,2021-12-06T05:00:00Z,240570,7.290536
7.18,7.37,7.0324,2834,7.24,2021-12-07T05:00:00Z,347935,7.220025
7.21,7.225,7.15,2318,7.22,2021-12-08T05:00:00Z,185510,7.202716
7.09,7.22,7.08,2438,7.15,2021-12-09T05:00:00Z,398647,7.105223
6.96,7.18,6.95,2130,7.1,2021-12-10T05:00:00Z,293939,6.990742
6.9,6.99,6.88,3029,6.96,2021-12-13T05:00:00Z,347174,6.911908
6.9,7.095,6.88,2505,6.89,2021-12-14T05:00:00Z,248398,6.933776
7.02,7.02,6.66,3407,6.9,2021-12-15T05:00:00Z,499248,6.896813
6.82,7.12,6.8,4420,7.1,2021-12-16T05:00:00Z,332131,6.90218
7.23,7.32,6.63,5330,6.9,2021-12-17T05:00:00Z,3004902,7.183727
7.05,7.195,6.925,4815,7.19,2021-12-20T05:00:00Z,539141,7.025967
7.19,7.325,7.1401,2054,7.15,2021-12-21T05:00:00Z,220442,7.206306
7.09,7.25,7.055,2652,7.17,2021-12-22T05:00:00Z,321317,7.132154
7.1,7.16,6.94,2314,7.16,2021-12-23T05:00:00Z,438174,7.077023
7.25,7.25,7.02,1812,7.12,2021-12-27T05:00:00Z,240060,7.193608
7.43,7.46,7.24,2858,7.25,2021-12-28T05:00:00Z,315040,7.384346
7.34,7.5,7.0794,2167,7.42,2021-12-29T05:00:00Z,179553,7.374633
7.31,7.43,7.25,2223,7.33,2021-12-30T05:00:00Z,294495,7.328073
7.37,7.38,7.22,2765,7.26,2021-12-31T05:00:00Z,417088,7.307277
7.26,7.63,7.24,4820,7.37,2022-01-03T05:00:00Z,490623,7.443193
7.31,7.43,7.26,2004,7.27,2022-01-04T05:00:00Z,208416,7.335148
7.23,7.46,7.14,3157,7.36,2022-01-05T05:00:00Z,168392,7.33889
7.31,7.33,7.0321,2003,7.22,2022-01-06T05:00:00Z,174640,7.284081
7.33,7.41,7.3,1697,7.36,2022-01-07T05:00:00Z,225351,7.343286
7.35,7.42,7.29,3114,7.35,2022-01-10T05:00:00Z,310773,7.352591
7.35,7.435,7.21,2202,7.33,2022-01-11T05:00:00Z,186863,7.335406
7.21,7.3911,7.21,1789,7.37,2022-01-12T05:00:00Z,219858,7.243879
6.3,7.325,5.82,20021,7.22,2022-01-13T05:00:00Z,3182912,6.322958
6.19,6.4399,6.14,6771,6.31,2022-01-14T05:00:00Z,807307,6.230958
6.29,6.335,6.14,5591,6.19,2022-01-18T05:00:00Z,472004,6.238981
6.04,6.29,6.02,4011,6.175,2022-01-19T05:00:00Z,549906,6.096699
6.11,6.34,5.926,5121,6.1,2022-01-20T05:00:00Z,636847,6.102035
6.01,6.11,5.93,4202,6.03,2022-01-21T05:00:00Z,554110,6.012915
6.12,6.16,5.845,4376,5.9,2022-01-24T05:00:00Z,388611,6.018419
6.11,6.225,5.94,3883,6.05,2022-01-25T05:00:00Z,330007,6.110059
5.93,6.3,5.895,3002,6.17,2022-01-26T05:00:00Z,279619,6.045077
5.805,6.006,5.7877,2838,5.93,2022-01-27T05:00:00Z,815228,5.905749
5.94,5.95,5.775,2667,5.78,2022-01-28T05:00:00Z,297553,5.873387
5.97,5.98,5.81,3342,5.9,2022-01-31T05:00:00Z,370638,5.935856
6.27,6.29,5.89,4786,5.99,2022-02-01T05:00:00Z,410845,6.207868
6.29,6.375,6.25,3554,6.28,2022-02-02T05:00:00Z,435829,6.290546
6.7,7.0,6.43,5226,6.53,2022-02-03T05:00:00Z,542888,6.768991
6.51,6.7886,6.41,4853,6.64,2022-02-04T05:00:00Z,426966,6.539077
6.32,6.47,6.29,3302,6.45,2022-02-07T05:00:00Z,315410,6.352258
6.35,6.42,6.24,4170,6.35,2022-02-08T05:00:00Z,1517145,6.27349
6.42,6.5,6.35,3567,6.35,2022-02-09T05:00:00Z,304651,6.409986
6.35,6.57,6.31,4330,6.38,2022-02-10T05:00:00Z,943632,6.372652
6.36,6.43,6.28,2693,6.35,2022-02-11T05:00:00Z,261578,6.352124
6.23,6.38,6.22,2364,6.36,2022-02-14T05:00:00Z,244760,6.258519
6.37,6.455,6.24,2700,6.455,2022-02-15T05:00:00Z,269919,6.352688
6.22,6.405,6.21,2383,6.36,2022-02-16T05:00:00Z,241616,6.265458
6.15,6.23,6.03,3594,6.15,2022-02-17T05:00:00Z,442079,6.124666
6.19,6.225,6.085,3025,6.1,2022-02-18T05:00:00Z,334084,6.169815
6.3,6.345,6.09,3971,6.17,2022-02-22T05:00:00Z,341222,6.274418
6.22,6.45,6.1,4777,6.32,2022-02-23T05:00:00Z,999947,6.211471
6.07,6.13,5.925,3921,5.925,2022-02-24T05:00:00Z,322806,6.040467
6.03,6.13,6.01,3110,6.05,2022-02-25T05:00:00Z,257760,6.053128
5.99,6.08,5.93,2916,5.98,2022-02-28T05:00:00Z,328506,6.002191
5.84,6.04,5.78,4881,5.97,2022-03-01T05:00:00Z,479939,5.884844
6.04,6.04,5.82,3540,5.85,2022-03-02T05:00:00Z,394632,5.975972
5.82,6.2889,5.785,2616,6.07,2022-03-03T05:00:00Z,268727,5.850401
5.69,5.87,5.65,3799,5.78,2022-03-04T05:00:00Z,588341,5.684671
5.56,5.68,5.55,4591,5.64,2022-03-07T05:00:00Z,405089,5.593153
5.7,5.77,5.51,5388,5.56,2022-03-08T05:00:00Z,596490,5.671854
5.86,5.91,5.79,3833,5.79,2022-03-09T05:00:00Z,359351,5.859482
5.7,5.88,5.65,3883,5.78,2022-03-10T05:00:00Z,383236,5.715577
5.6,5.76,5.59,2734,5.73,2022-03-11T05:00:00Z,268154,5.653717
5.63,5.68,5.515,3526,5.6,2022-03-14T04:00:00Z,385655,5.605582
5.69,5.875,5.66,3536,5.66,2022-03-15T04:00:00Z,557163,5.743337
5.94,5.9699,5.63,4166,5.69,2022-03-16T04:00:00Z,383953,5.900125
5.95,5.97,5.89,2160,5.9,2022-03-17T04:00:00Z,182853,5.93595
5.97,5.97,5.8786,2807,5.89,2022-03-18T04:00:00Z,653237,5.943559
6.21,6.29,5.97,4625,5.99,2022-03-21T04:00:00Z,489633,6.226479
6.13,6.31,6.09,2045,6.24,2022-03-22T04:00:00Z,230704,6.149625
6.02,6.13,6.01,2353,6.12,2022-03-23T04:00:00Z,146475,6.049903
6.09,6.14,6.03,2735,6.05,2022-03-24T04:00:00Z,150226,6.067698
6.12,6.23,6.03,2553,6.1,2022-03-25T04:00:00Z,287885,6.127757
6.06,6.11,6.01,2875,6.07,2022-03-28T04:00:00Z,256417,6.057005
6.24,6.25,6.09,3300,6.1,2022-03-29T04:00:00Z,360695,6.197933
6.11,6.29,6.08,3906,6.24,2022-03-30T04:00:00Z,347883,6.183248
6.04,6.1899,5.98,3342,6.09,2022-03-31T04:00:00Z,409960,6.037597
6.18,6.23,6.05,3320,6.06,2022-04-01T04:00:00Z,276775,6.140231
5.95,6.22,5.93,3343,6.21,2022-04-04T04:00:00Z,309049,5.964886
6.36,6.58,6.1985,5677,6.26,2022-04-05T04:00:00Z,959666,6.353211
6.72,6.735,6.36,8077,6.37,2022-04-06T04:00:00Z,707349,6.650867
6.76,6.78,6.59,5399,6.72,2022-04-07T04:00:00Z,557160,6.709444
6.87,6.91,6.735,3803,6.78,2022-04-08T04:00:00Z,389547,6.850961
6.99,7.06,6.865,7211,6.91,2022-04-11T04:00:00Z,687030,6.978281
7.08,7.1762,6.97,4084,6.99,2022-04-12T04:00:00Z,482872,7.083056
7.09,7.26,7.04,3477,7.09,2022-04-13T04:00:00Z,596231,7.09362
7.14,7.2405,7.05,2826,7.06,2022-04-14T04:00:00Z,283213,7.140046
7.13,7.2,7.005,2957,7.11,2022-04-18T04:00:00Z,276971,7.113243
7.16,7.2699,7.08,3126,7.14,2022-04-19T04:00:00Z,284780,7.164688
7.11,7.27,7.06,2608,7.23,2022-04-20T04:00:00Z,247007,7.122344
7.17,7.28,7.075,3039,7.14,2022-04-21T04:00:00Z,346356,7.172387
7.03,7.33,7.01,2740,7.09,2022-04-22T04:00:00Z,290481,7.06473
7.06,7.095,6.87,3124,6.96,2022-04-25T04:00:00Z,272475,6.998035
6.92,7.12,6.88,3147,7.12,2022-04-26T04:00:00Z,288892,6.930084
6.91,6.98,6.83,2671,6.94,2022-04-27T04:00:00Z,239661,6.90565
7.31,7.33,6.9589,3593,6.97,2022-04-28T04:00:00Z,477608,7.230865
7.0,7.36,6.965,3957,7.31,2022-04-29T04:00:00Z,432656,7.117437
6.86,7.0,6.7676,4663,6.9,2022-05-02T04:00:00Z,454526,6.872578
7.02,7.045,6.7899,3638,6.82,2022-05-03T04:00:00Z,281113,6.96878
7.18,7.23,6.99,4436,7.03,2022-05-04T04:00:00Z,415625,7.171266
7.79,8.24,7.25,5821,7.38,2022-05-05T04:00:00Z,1195681,7.776382
7.65,7.835,7.54,5648,7.73,2022-05-06T04:00:00Z,548090,7.682498
7.44,7.74,7.395,4969,7.63,2022-05-09T04:00:00Z,449929,7.503417
7.07,7.5312,6.99,3730,7.43,2022-05-10T04:00:00Z,351148,7.167311
6.93,7.105,6.8,4237,7.07,2022-05-11T04:00:00Z,327812,6.968126
7.03,7.04,6.78,3630,6.84,2022-05-12T04:00:00Z,261562,6.957019
7.18,7.2062,7.05,4435,7.05,2022-05-13T04:00:00Z,263679,7.160347
7.18,7.28,7.1,2832,7.18,2022-05-16T04:00:00Z,213468,7.179111
7.35,7.395,7.27,2438,7.29,2022-05-17T04:00:00Z,179000,7.33668
7.27,7.48,7.235,4371,7.31,2022-05-18T04:00:00Z,364963,7.324904
7.18,7.37,7.13,3785,7.2,2022-05-19T04:00:00Z,253244,7.210799
7.16,7.33,7.04,3845,7.26,2022-05-20T04:00:00Z,337811,7.132256
7.235,7.29,7.14,3072,7.29,2022-05-23T04:00:00Z,245254,7.218852
7.24,7.27,7.055,3425,7.23,2022-05-24T04:00:00Z,274907,7.162766
7.31,7.39,7.21,2937,7.26,2022-05-25T04:00:00Z,235460,7.321521
7.89,7.95,7.36,8046,7.36,2022-05-26T04:00:00Z,1073818,7.78827
7.81,7.97,7.79,3708,7.95,2022-05-27T04:00:00Z,462728,7.873032
7.58,7.82,7.57,3934,7.66,2022-05-31T04:00:00Z,341386,7.650612
7.78,7.875,7.605,6041,7.64,2022-06-01T04:00:00Z,474457,7.755229
8.06,8.155,7.78,5918,7.79,2022-06-02T04:00:00Z,519398,8.001593
7.76,8.07,7.73,3340,7.99,2022-06-03T04:00:00Z,291235,7.84255
7.87,8.05,7.77,3200,7.85,2022-06-06T04:00:00Z,283679,7.866507
7.96,7.96,7.78,3256,7.93,2022-06-07T04:00:00Z,333302,7.910733
7.81,7.93,7.77,2534,7.87,2022-06-08T04:00:00Z,218585,7.823499
7.71,7.92,7.64,3056,7.92,2022-06-09T04:00:00Z,199325,7.703438
7.67,7.745,7.54,4053,7.64,2022-06-10T04:00:00Z,314640,7.659965
7.37,7.553,7.26,3950,7.41,2022-06-13T04:00:00Z,295820,7.38377
7.46,7.48,7.285,3859,7.4,2022-06-14T04:00:00Z,301369,7.404222
7.52,7.6,7.42,4520,7.43,2022-06-15T04:00:00Z,341216,7.521929
7.15,7.46,7.055,5808,7.42,2022-06-16T04:00:00Z,574094,7.144468
7.38,7.47,7.15,3454,7.15,2022-06-17T04:00:00Z,776452,7.351893
7.38,7.59,7.33,3594,7.39,2022-06-21T04:00:00Z,364870,7.441289
7.52,7.54,7.25,2739,7.25,2022-06-22T04:00:00Z,280845,7.475133
7.72,7.73,7.44,4120,7.54,2022-06-23T04:00:00Z,314358,7.617233
7.71,7.9038,7.64,4563,7.76,2022-06-24T04:00:00Z,504320,7.764055
7.72,7.77,7.6,2202,7.71,2022-06-27T04:00:00Z,223370,7.707958
7.6,7.91,7.53,3489,7.85,2022-06-28T04:00:00Z,433341,7.697931
7.29,7.65,7.24,3237,7.65,2022-06-29T04:00:00Z,267728,7.330732
7.51,7.535,7.2048,3916,7.22,2022-06-30T04:00:00Z,329723,7.438659
7.64,7.68,7.34,3382,7.48,2022-07-01T04:00:00Z,276423,7.573235
7.58,7.628,7.39,5109,7.6,2022-07-05T04:00:00Z,485635,7.539974
7.33,7.58,7.1,6213,7.54,2022-07-06T04:00:00Z,543037,7.273358
7.43,7.5911,7.2,2844,7.38,2022-07-07T04:00:00Z,292392,7.38061
7.33,7.52,7.25,3233,7.48,2022-07-08T04:00:00Z,328568,7.351862
7.17,7.37,7.09,3696,7.09,2022-07-11T04:00:00Z,452125,7.215972
7.19,7.33,7.15,3079,7.16,2022-07-12T04:00:00Z,284696,7.227545
7.39,7.42,7.09,3530,7.17,2022-07-13T04:00:00Z,375851,7.285662
7.24,7.34,7.1,4475,7.24,2022-07-14T04:00:00Z,466447,7.235011
7.34,7.53,7.245,2083,7.42,2022-07-15T04:00:00Z,277518,7.347569
7.27,7.5,7.255,2611,7.34,2022-07-18T04:00:00Z,237157,7.322567
7.49,7.615,7.375,3052,7.38,2022-07-19T04:00:00Z,342822,7.510537
7.51,7.55,7.41,3309,7.44,2022-07-20T04:00:00Z,303802,7.502522
7.46,7.46,7.23,3630,7.41,2022-07-21T04:00:00Z,306647,7.403929
7.47,7.56,7.32,2879,7.5,2022-07-22T04:00:00Z,219324,7.42793
7.49,7.57,7.37,2729,7.56,2022-07-25T04:00:00Z,249888,7.485986
7.42,7.52,7.37,1751,7.49,2022-07-26T04:00:00Z,177905,7.431492
7.59,7.6,7.37,2720,7.5,2022-07-27T04:00:00Z,247922,7.574751
7.87,7.89,7.5,2798,7.64,2022-07-28T04:00:00Z,320247,7.732523
8.04,8.09,7.84,2761,7.84,2022-07-29T04:00:00Z,393829,7.997418
8.13,8.205,7.93,3179,8.04,2022-08-01T04:00:00Z,206063,8.095108
8.32,8.42,8.041,3567,8.18,2022-08-02T04:00:00Z,423653,8.325309
8.41,8.59,8.26,4823,8.31,2022-08-03T04:00:00Z,529989,8.444572
8.75,9.54,8.638,9518,9.0,2022-08-04T04:00:00Z,1053989,8.947629
8.74,8.85,8.56,7405,8.79,2022-08-05T04:00:00Z,675427,8.742279
9.13,9.17,8.7783,5353,8.83,2022-08-08T04:00:00Z,568214,9.011561
9.24,9.26,9.05,3779,9.17,2022-08-09T04:00:00Z,396899,9.173652
9.51,9.57,9.18,6377,9.3,2022-08-10T04:00:00Z,814489,9.454564
9.21,9.6,9.18,5764,9.5,2022-08-11T04:00:00Z,567817,9.368663
9.45,9.491,9.13,5490,9.23,2022-08-12T04:00:00Z,373845,9.387329
9.51,9.57,9.25,5120,9.43,2022-08-15T04:00:00Z,335211,9.494605
9.52,9.62,9.35,4776,9.48,2022-08-16T04:00:00Z,414314,9.459992
9.31,9.48,9.27,4024,9.45,2022-08-17T04:00:00Z,282062,9.353261
9.44,9.51,9.29,4465,9.34,2022-08-18T04:00:00Z,318458,9.447481
9.27,9.385,9.16,4143,9.33,2022-08-19T04:00:00Z,511952,9.286425
9.13,9.23,9.01,3168,9.17,2022-08-22T04:00:00Z,266593,9.141901
9.06,9.27,9.0,3883,9.12,2022-08-23T04:00:00Z,363398,9.101943
9.16,9.21,8.96,2163,9.01,2022-08-24T04:00:00Z,232560,9.133234
9.41,9.47,9.13,3325,9.16,2022-08-25T04:00:00Z,274140,9.361053
9.08,9.4344,9.07,2907,9.31,2022-08-26T04:00:00Z,233358,9.153635
8.985,9.06,8.9,2905,9.0,2022-08-29T04:00:00Z,227421,8.994176
8.94,9.05,8.857,3097,9.04,2022-08-30T04:00:00Z,219707,8.944262
8.75,8.98,8.58,6154,8.93,2022-08-31T04:00:00Z,507267,8.748366
8.52,8.7201,8.44,5188,8.7,2022-09-01T04:00:00Z,313080,8.536681
8.35,8.55,8.3,4411,8.53,2022-09-02T04:00:00Z,255738,8.420813
8.44,8.51,8.3,5184,8.33,2022-09-06T04:00:00Z,424529,8.408964
8.45,8.52,8.37,2978,8.4,2022-09-07T04:00:00Z,249765,8.47043
8.42,8.47,8.28,3231,8.36,2022-09-08T04:00:00Z,229664,8.395464
8.55,8.605,8.41,2864,8.45,2022-09-09T04:00:00Z,236533,8.549422
8.59,8.68,8.509,1840,8.58,2022-09-12T04:00:00Z,154772,8.586997
8.37,8.48,8.35,3776,8.45,2022-09-13T04:00:00Z,354473,8.389811
8.32,8.43,8.24,3236,8.43,2022-09-14T04:00:00Z,288782,8.318129
8.26,8.375,8.18,3537,8.25,2022-09-15T04:00:00Z,235220,8.279837
8.14,8.26,8.075,4420,8.26,2022-09-16T04:00:00Z,711686,8.155159
8.3,8.315,7.67,2723,8.02,2022-09-19T04:00:00Z,195167,8.171691
8.16,8.24,7.99,2942,8.21,2022-09-20T04:00:00Z,207583,8.158411
8.12,8.39,8.1,2728,8.25,2022-09-21T04:00:00Z,222555,8.213561
8.13,8.18,7.99,2583,8.08,2022-09-22T04:00:00Z,233770,8.094596
8.06,8.08,7.9,4611,8.03,2022-09-23T04:00:00Z,385396,8.003894
8.03,8.23,7.9881,3628,8.08,2022-09-26T04:00:00Z,275435,8.060181
7.8,8.13,7.695,3571,8.07,2022-09-27T04:00:00Z,286801,7.860708
7.97,8.08,7.82,3442,7.83,2022-09-28T04:00:00Z,430434,7.977978
7.9,7.9,7.62,4121,7.83,2022-09-29T04:00:00Z,656523,7.738255
7.71,8.03,7.69,3450,7.91,2022-09-30T04:00:00Z,1003232,7.762482
7.91,8.0,7.6149,6055,7.77,2022-10-03T04:00:00Z,553845,7.835175
8.09,8.19,7.99,3415,8.0,2022-10-04T04:00:00Z,344703,8.095996
8.0,8.03,7.86,3115,7.94,2022-10-05T04:00:00Z,262455,7.979534
7.94,8.04,7.88,2153,7.97,2022-10-06T04:00:00Z,228506,7.943073
7.89,7.93,7.75,2812,7.93,2022-10-07T04:00:00Z,333313,7.859258
7.79,8.16,7.78,3233,7.95,2022-10-10T04:00:00Z,430018,7.93068
7.9,7.9,7.76,5248,7.82,2022-10-11T04:00:00Z,672519,7.858116
8.09,8.1497,7.788,4499,7.88,2022-10-12T04:00:00Z,711585,8.014756
8.24,8.29,7.91,4994,8.0,2022-10-13T04:00:00Z,534558,8.219442
8.0,8.31,7.9401,4029,8.3,2022-10-14T04:00:00Z,370531,8.038176
8.16,8.25,8.06,3861,8.13,2022-10-17T04:00:00Z,474885,8.141977
8.29,8.34,8.04,4761,8.24,2022-10-18T04:00:00Z,552741,8.238507
8.25,8.31,8.125,3520,8.28,2022-10-19T04:00:00Z,424158,8.227983
8.32,8.4,8.18,3930,8.24,2022-10-20T04:00:00Z,402818,8.29668
8.54,8.57,8.295,4931,8.39,2022-10-21T04:00:00Z,441042,8.471543
8.59,8.64,8.4956,3699,8.56,2022-10-24T04:00:00Z,347669,8.584786
8.88,8.91,8.58,4547,8.58,2022-10-25T04:00:00Z,499027,8.770394
8.71,8.93,8.71,3179,8.93,2022-10-26T04:00:00Z,318213,8.78553
9.15,9.23,8.78,8446,8.78,2022-10-27T04:00:00Z,1227106,9.057898
9.49,9.54,9.1251,5454,9.2,2022-10-28T04:00:00Z,512843,9.435306
9.66,9.72,9.3915,3962,9.45,2022-10-31T04:00:00Z,445193,9.622581
9.6,9.79,9.41,3590,9.79,2022-11-01T04:00:00Z,414900,9.577532
9.35,9.65,9.29,5115,9.54,2022-11-02T04:00:00Z,371019,9.463562
9.09,9.2,9.05,4314,9.2,2022-11-03T04:00:00Z,388654,9.117806
9.19,9.27,9.1,3805,9.2,2022-11-04T04:00:00Z,316424,9.189658
9.3,9.31,8.93,3801,9.26,2022-11-07T05:00:00Z,348155,9.265709
9.44,9.46,9.175,3975,9.31,2022-11-08T05:00:00Z,376600,9.357228
9.24,9.54,9.205,3446,9.38,2022-11-09T05:00:00Z,258244,9.265428
9.73,9.74,9.39,6411,9.52,2022-11-10T05:00:00Z,606024,9.618566
9.65,9.9025,9.59,4617,9.8,2022-11-11T05:00:00Z,298501,9.693063
9.8,9.88,9.5931,4289,9.67,2022-11-14T05:00:00Z,421896,9.785662
9.85,10.015,9.64,13527,9.88,2022-11-15T05:00:00Z,1876900,9.884158
9.78,9.91,9.65,8642,9.88,2022-11-16T05:00:00Z,830969,9.801532
9.41,9.9,7.05,15094,9.17,2022-11-17T05:00:00Z,1778909,9.069434
9.62,9.798,9.405,6588,9.62,2022-11-18T05:00:00Z,691173,9.586773
9.92,10.0,9.5,5227,9.53,2022-11-21T05:00:00Z,518044,9.858462
10.09,10.27,9.75,6440,9.94,2022-11-22T05:00:00Z,674951,10.044618
10.03,10.1903,9.92,3902,10.19,2022-11-23T05:00:00Z,367202,10.056965
10.09,10.12,9.91,2860,9.98,2022-11-25T05:00:00Z,233905,10.078704
10.04,10.17,9.99,3928,10.09,2022-11-28T05:00:00Z,372383,10.047799
10.08,10.1199,9.97,5164,10.02,2022-11-29T05:00:00Z,430268,10.069705
10.02,10.16,9.94,7349,10.08,2022-11-30T05:00:00Z,2329086,10.032564
10.06,10.15,9.96,6183,10.01,2022-12-01T05:00:00Z,679692,10.07851
10.17,10.18,9.91,4163,9.94,2022-12-02T05:00:00Z,337824,10.124688
10.35,10.36,10.07,4329,10.17,2022-12-05T05:00:00Z,316911,10.288302
10.56,10.675,10.345,4825,10.38,2022-12-06T05:00:00Z,569829,10.533831
8.64,9.48,8.2,35244,9.43,2022-12-07T05:00:00Z,4569919,8.831353
8.26,8.86,8.17,19341,8.86,2022-12-08T05:00:00Z,3994074,8.397861
8.01,8.31,7.94,11989,8.18,2022-12-09T05:00:00Z,1547224,8.091871
8.37,8.42,7.91,9635,8.0,2022-12-12T05:00:00Z,940693,8.237236
8.41,8.6,8.3,7205,8.57,2022-12-13T05:00:00Z,1040613,8.424489
8.42,8.479,8.27,7203,8.4,2022-12-14T05:00:00Z,719115,8.399684
8.25,8.4,8.18,7190,8.4,2022-12-15T05:00:00Z,722784,8.241243
8.44,8.46,8.1,9224,8.21,2022-12-16T05:00:00Z,2491563,8.400508
8.5,8.64,8.46,9200,8.47,2022-12-19T05:00:00Z,814384,8.5322
8.18,8.67,8.14,8026,8.51,2022-12-20T05:00:00Z,717308,8.342214
8.32,8.487,8.18,5879,8.23,2022-12-21T05:00:00Z,631579,8.355944
8.21,8.34,8.11,6010,8.28,2022-12-22T05:00:00Z,1007729,8.192008
8.33,8.4,8.19,3895,8.19,2022-12-23T05:00:00Z,390430,8.331835
8.48,8.53,8.24,4228,8.35,2022-12-27T05:00:00Z,337337,8.46812
8.12,8.5,8.07,4259,8.46,2022-12-28T05:00:00Z,407535,8.185229
8.23,8.32,8.15,3439,8.15,2022-12-29T05:00:00Z,347313,8.242171
8.15,8.285,8.115,5071,8.22,2022-12-30T05:00:00Z,789639,8.164727
8.33,8.49,8.21,6832,8.26,2023-01-03T05:00:00Z,560539,8.352541
8.72,8.85,8.625,10114,8.65,2023-01-04T05:00:00Z,1115956,8.74591
8.68,8.72,8.5272,5779,8.69,2023-01-05T05:00:00Z,701001,8.691679
8.9,8.99,8.72,6376,8.77,2023-01-06T05:00:00Z,655366,8.867201
8.82,9.09,8.81,5814,8.97,2023-01-09T05:00:00Z,408674,8.896381
9.09,9.165,8.88,6030,8.89,2023-01-10T05:00:00Z,1013766,9.092468
9.0,9.1657,8.955,4953,9.13,2023-01-11T05:00:00Z,1136257,9.051358
8.87,9.07,8.8,3883,9.06,2023-01-12T05:00:00Z,457590,8.906189
8.73,8.83,8.64,5024,8.78,2023-01-13T05:00:00Z,483615,8.723594
8.61,8.81,8.61,4328,8.72,2023-01-17T05:00:00Z,365080,8.648812
8.5,8.68,8.4502,4071,8.65,2023-01-18T05:00:00Z,365312,8.535537
8.51,8.55,8.36,3592,8.44,2023-01-19T05:00:00Z,324587,8.485226
8.63,8.72,8.4848,3968,8.61,2023-01-20T05:00:00Z,401913,8.630619
9.07,9.115,8.43,7779,8.59,2023-01-23T05:00:00Z,1292725,8.995429
9.18,9.21,8.93,4586,9.08,2023-01-24T05:00:00Z,841461,9.120826
9.28,9.405,9.04,6458,9.09,2023-01-25T05:00:00Z,1583119,9.273172
9.07,9.325,9.03,4515,9.3,2023-01-26T05:00:00Z,463647,9.131301
9.04,9.25,8.995,4003,9.07,2023-01-27T05:00:00Z,308397,9.060955
8.87,9.085,8.87,5110,9.03,2023-01-30T05:00:00Z,316673,8.946632
9.11,9.195,8.81,4308,8.86,2023-01-31T05:00:00Z,429360,9.084339
9.03,9.18,8.88,7165,9.02,2023-02-01T05:00:00Z,780687,9.016283
9.03,9.66,9.0,10247,9.59,2023-02-02T05:00:00Z,1054039,9.246908
9.34,9.73,9.152,11180,9.38,2023-02-03T05:00:00Z,1695956,9.412473
9.31,9.355,9.13,6308,9.3,2023-02-06T05:00:00Z,519200,9.277714
9.07,9.37,8.94,7521,9.25,2023-02-07T05:00:00Z,858344,9.113012
9.14,9.255,9.02,5073,9.1,2023-02-08T05:00:00Z,457215,9.139319
9.09,9.255,9.07,4079,9.14,2023-02-09T05:00:00Z,518836,9.137738
8.93,9.17,8.91,6825,9.08,2023-02-10T05:00:00Z,896453,8.964391
9.27,9.29,8.88,5225,8.92,2023-02-13T05:00:00Z,492299,9.183166
9.0,9.235,8.9725,5109,9.19,2023-02-14T05:00:00Z,856962,9.0375
9.09,9.13,8.93,4014,8.96,2023-02-15T05:00:00Z,598474,9.079379
9.11,9.17,8.94,4382,9.08,2023-02-16T05:00:00Z,453241,9.099096
9.12,9.2201,9.08,4708,9.13,2023-02-17T05:00:00Z,685179,9.139471
8.94,9.08,8.865,7123,9.0,2023-02-21T05:00:00Z,748450,8.944543
8.94,9.055,8.93,5265,8.98,2023-02-22T05:00:00Z,884776,8.964722
8.88,9.04,8.83,7737,8.94,2023-02-23T05:00:00Z,1068368,8.891193
8.88,8.95,8.65,6245,8.8,2023-02-24T05:00:00Z,457518,8.868745
8.87,9.0179,8.825,4395,8.92,2023-02-27T05:00:00Z,336989,8.884742
8.82,9.0,8.82,6156,8.9,2023-02-28T05:00:00Z,673203,8.855938
8.87,8.93,8.7726,6352,8.78,2023-03-01T05:00:00Z,453627,8.84857
8.9,8.93,8.73,4607,8.78,2023-03-02T05:00:00Z,367024,8.858719
9.06,9.145,8.91,4934,8.94,2023-03-03T05:00:00Z,394106,9.06192
8.88,9.1,8.765,5560,9.1,2023-03-06T05:00:00Z,578989,8.893902
8.92,8.98,8.76,6058,8.89,2023-03-07T05:00:00Z,646561,8.898389
8.87,8.965,8.73,5151,8.9,2023-03-08T05:00:00Z,797559,8.857503
8.72,8.9774,8.7,5269,8.85,2023-03-09T05:00:00Z,443631,8.785534
8.56,8.74,8.525,7135,8.65,2023-03-10T05:00:00Z,569540,8.58495
8.29,8.55,8.27,8545,8.32,2023-03-13T04:00:00Z,592685,8.382253
8.47,8.61,8.37,6075,8.5,2023-03-14T04:00:00Z,599150,8.491835
8.22,8.32,8.13,8466,8.29,2023-03-15T04:00:00Z,1780538,8.223842
8.31,8.49,8.12,7047,8.18,2023-03-16T04:00:00Z,828299,8.349117
8.23,8.35,8.09,7377,8.25,2023-03-17T04:00:00Z,2469711,8.225052
8.21,8.405,8.21,8361,8.27,2023-03-20T04:00:00Z,982578,8.277294
8.33,8.48,8.32,6304,8.38,2023-03-21T04:00:00Z,778138,8.359964
8.13,8.445,8.13,5736,8.34,2023-03-22T04:00:00Z,626746,8.234207
8.14,8.315,8.02,4888,8.035,2023-03-23T04:00:00Z,451227,8.159543
8.37,8.41,8.025,5254,8.09,2023-03-24T04:00:00Z,511522,8.30919
8.52,8.575,8.32,5357,8.44,2023-03-27T04:00:00Z,496662,8.510964
8.52,8.61,8.475,3493,8.5,2023-03-28T04:00:00Z,302868,8.525598
8.52,8.65,8.44,3827,8.57,2023-03-29T04:00:00Z,336033,8.514507
8.5,8.63,8.41,3997,8.6,2023-03-30T04:00:00Z,378170,8.488079
8.6,8.675,8.49,5934,8.5,2023-03-31T04:00:00Z,664171,8.574693
8.54,8.66,8.4,5049,8.63,2023-04-03T04:00:00Z,413402,8.52235
8.53,8.65,8.44,3529,8.62,2023-04-04T04:00:00Z,369007,8.517409
8.66,8.67,8.43,4039,8.46,2023-04-05T04:00:00Z,384158,8.587332
8.71,8.8,8.65,3839,8.7,2023-04-06T04:00:00Z,283665,8.695939
8.79,8.85,8.71,6480,8.76,2023-04-10T04:00:00Z,573449,8.793343
8.8,8.91,8.74,6665,8.845,2023-04-11T04:00:00Z,545232,8.820095
8.95,9.01,8.83,5385,8.83,2023-04-12T04:00:00Z,320938,8.931775
9.06,9.075,8.88,3870,8.98,2023-04-13T04:00:00Z,324619,9.01427
9.07,9.18,9.0,3814,9.11,2023-04-14T04:00:00Z,280947,9.062913
9.01,9.08,8.96,4786,9.08,2023-04-17T04:00:00Z,288740,9.009472
9.17,9.18,8.95,5229,9.01,2023-04-18T04:00:00Z,360329,9.111558
9.18,9.22,9.1,4448,9.16,2023-04-19T04:00:00Z,580098,9.182442
8.95,9.17,8.77,4576,9.14,2023-04-20T04:00:00Z,388036,8.942384
8.69,8.94,8.69,4821,8.93,2023-04-21T04:00:00Z,402023,8.76196
8.72,8.775,8.64,5800,8.68,2023-04-24T04:00:00Z,502681,8.714555
8.78,8.885,8.65,6026,8.68,2023-04-25T04:00:00Z,433279,8.78573
8.705,8.73,8.635,5306,8.71,2023-04-26T04:00:00Z,392427,8.69238
8.75,8.9,8.735,5586,8.8,2023-04-27T04:00:00Z,508691,8.801648
8.61,8.7599,8.6,5517,8.75,2023-04-28T04:00:00Z,508192,8.662468
8.78,8.91,8.64,6585,8.65,2023-05-01T04:00:00Z,471945,8.795003
8.73,8.8,8.52,7185,8.72,2023-05-02T04:00:00Z,475905,8.69616
8.74,8.82,8.62,6940,8.77,2023-05-03T04:00:00Z,466968,8.716952
8.6,8.82,8.41,8884,8.82,2023-05-04T04:00:00Z,1193858,8.558665
9.18,9.49,8.68,11288,8.71,2023-05-05T04:00:00Z,1276436,9.181671
9.01,9.3199,8.995,6450,9.2,2023-05-08T04:00:00Z,598686,9.069267
9.1,9.26,8.97,6613,8.98,2023-05-09T04:00:00Z,997045,9.161347
8.98,9.2,8.955,4569,9.16,2023-05-10T04:00:00Z,396646,9.036465
8.87,9.0,8.83,5725,8.95,2023-05-11T04:00:00Z,516810,8.880506
8.75,8.9787,8.74,4840,8.92,2023-05-12T04:00:00Z,334691,8.787842
8.75,8.81,8.72,4889,8.81,2023-05-15T04:00:00Z,496244,8.755132
8.74,8.78,8.64,3600,8.72,2023-05-16T04:00:00Z,306314,8.7298
8.78,8.849,8.632,4479,8.78,2023-05-17T04:00:00Z,419859,8.779056
8.8,8.85,8.75,4698,8.78,2023-05-18T04:00:00Z,416269,8.804613
8.8,8.91,8.695,5026,8.91,2023-05-19T04:00:00Z,618777,8.776064
8.76,8.845,8.66,4961,8.8,2023-05-22T04:00:00Z,415314,8.760976
8.72,8.75,8.65,4776,8.74,2023-05-23T04:00:00Z,436287,8.700149
8.48,8.715,8.47,4589,8.67,2023-05-24T04:00:00Z,359755,8.565833
8.48,8.55,8.45,5839,8.45,2023-05-25T04:00:00Z,456149,8.481847
8.26,8.5,8.24,6207,8.46,2023-05-26T04:00:00Z,722832,8.333286
8.58,8.63,8.24,10060,8.29,2023-05-30T04:00:00Z,1221564,8.504433
8.34,8.68,8.26,7412,8.58,2023-05-31T04:00:00Z,886011,8.392651
8.29,8.47,8.25,6870,8.33,2023-06-01T04:00:00Z,520478,8.339072
8.46,8.51,8.3199,8254,8.38,2023-06-02T04:00:00Z,588156,8.422177
8.36,8.46,8.2512,6325,8.46,2023-06-05T04:00:00Z,571608,8.339114
8.53,8.54,8.29,8730,8.34,2023-06-06T04:00:00Z,786251,8.444889
8.71,8.75,8.52,13496,8.61,2023-06-07T04:00:00Z,1236444,8.649615
8.79,8.88,8.57,7212,8.8,2023-06-08T04:00:00Z,583254,8.733162
8.6,8.79,8.59,5521,8.76,2023-06-09T04:00:00Z,369006,8.663637
8.66,8.7,8.545,6746,8.57,2023-06-12T04:00:00Z,573676,8.646624
8.72,8.765,8.58,5723,8.67,2023-06-13T04:00:00Z,511462,8.701064
8.61,8.785,8.595,6955,8.72,2023-06-14T04:00:00Z,472641,8.670362
8.5,8.58,8.425,6460,8.57,2023-06-15T04:00:00Z,680132,8.469773
8.34,8.59,8.29,7374,8.57,2023-06-16T04:00:00Z,1157199,8.368017
8.26,8.38,8.24,9238,8.29,2023-06-20T04:00:00Z,677116,8.297156
8.3,8.38,8.21,8960,8.21,2023-06-21T04:00:00Z,1414488,8.296244
8.65,8.77,8.25,10213,8.27,2023-06-22T04:00:00Z,1489881,8.58553
8.68,8.87,8.51,13666,8.57,2023-06-23T04:00:00Z,8263291,8.690655
8.25,8.8,8.24,11627,8.7,2023-06-26T04:00:00Z,1315239,8.380286
8.11,8.38,8.02,9135,8.26,2023-06-27T04:00:00Z,924892,8.133288
8.13,8.22,8.08,7209,8.14,2023-06-28T04:00:00Z,634476,8.11894
8.31,8.31,8.11,6772,8.13,2023-06-29T04:00:00Z,486175,8.243886
8.38,8.53,8.27,7929,8.41,2023-06-30T04:00:00Z,773662,8.373326
8.36,8.44,8.29,3314,8.4,2023-07-03T04:00:00Z,256373,8.355326
8.27,8.38,8.23,7414,8.38,2023-07-05T04:00:00Z,533627,8.274859
8.29,8.305,8.035,7278,8.16,2023-07-06T04:00:00Z,636490,8.215405
8.47,8.575,8.24,7741,8.24,2023-07-07T04:00:00Z,754488,8.455071
8.68,8.68,8.47,5748,8.48,2023-07-10T04:00:00Z,479970,8.623249
8.61,8.76,8.49,8528,8.68,2023-07-11T04:00:00Z,751336,8.611031
8.71,8.725,8.47,6367,8.64,2023-07-12T04:00:00Z,531197,8.640612
8.74,8.78,8.6217,5335,8.7,2023-07-13T04:00:00Z,415251,8.723149
8.77,8.79,8.57,4381,8.74,2023-07-14T04:00:00Z,361871,8.714073
8.78,8.875,8.72,6528,8.72,2023-07-17T04:00:00Z,507980,8.799221
9.07,9.11,8.77,8232,8.78,2023-07-18T04:00:00Z,994187,9.045601
9.25,9.26,9.01,8417,9.07,2023-07-19T04:00:00Z,925494,9.215193
9.2,9.25,9.03,7447,9.24,2023-07-20T04:00:00Z,579837,9.201262
9.25,9.265,9.035,6193,9.21,2023-07-21T04:00:00Z,438428,9.21113
9.33,9.41,9.22,5441,9.26,2023-07-24T04:00:00Z,458454,9.301159
9.21,9.34,9.115,5745,9.3,2023-07-25T04:00:00Z,642926,9.210924
9.24,9.275,9.16,4168,9.23,2023-07-26T04:00:00Z,312043,9.21647
9.11,9.325,9.1,4025,9.23,2023-07-27T04:00:00Z,265067,9.178757
9.07,9.29,9.06,3367,9.14,2023-07-28T04:00:00Z,202650,9.129725
9.06,9.165,9.03,3454,9.07,2023-07-31T04:00:00Z,257810,9.068777
9.05,9.075,8.97,5328,9.03,2023-08-01T04:00:00Z,383364,9.042553
8.84,9.0,8.8,4527,8.99,2023-08-02T04:00:00Z,330768,8.853493
9.42,9.43,8.895,6872,8.96,2023-08-03T04:00:00Z,666488,9.222713
9.23,9.43,9.1,6962,9.42,2023-08-04T04:00:00Z,585943,9.272322
9.31,9.37,9.24,4192,9.24,2023-08-07T04:00:00Z,354069,9.318989
9.21,9.35,9.2,4951,9.28,2023-08-08T04:00:00Z,381695,9.250968
9.13,9.26,9.03,4759,9.26,2023-08-09T04:00:00Z,286868,9.11922
9.04,9.2847,9.02,4818,9.25,2023-08-10T04:00:00Z,347296,9.178858
9.06,9.14,9.04,3481,9.07,2023-08-11T04:00:00Z,215287,9.079914
8.84,9.06,8.83,4928,9.06,2023-08-14T04:00:00Z,370533,8.916428
8.83,8.89,8.78,5869,8.83,2023-08-15T04:00:00Z,350452,8.821267
8.61,8.85,8.6,4100,8.77,2023-08-16T04:00:00Z,251970,8.730687
8.63,8.69,8.56,5753,8.61,2023-08-17T04:00:00Z,331385,8.635959
8.61,8.67,8.58,3450,8.63,2023-08-18T04:00:00Z,227171,8.626855
8.55,8.69,8.53,4005,8.6,2023-08-21T04:00:00Z,281969,8.576948
8.59,8.665,8.54,3817,8.54,2023-08-22T04:00:00Z,284771,8.616654
8.69,8.74,8.56,3662,8.58,2023-08-23T04:00:00Z,239383,8.691894
8.65,8.755,8.57,4564,8.64,2023-08-24T04:00:00Z,423348,8.651266
8.7,8.71,8.605,4282,8.65,2023-08-25T04:00:00Z,271176,8.673406
8.7,8.775,8.6577,3734,8.68,2023-08-28T04:00:00Z,229556,8.69502
8.7,8.8,8.67,2255,8.73,2023-08-29T04:00:00Z,219584,8.710535
8.48,8.68,8.46,4115,8.66,2023-08-30T04:00:00Z,308161,8.562343
8.41,8.5,8.3601,3863,8.5,2023-08-31T04:00:00Z,332617,8.40969
8.41,8.48,8.39,5980,8.41,2023-09-01T04:00:00Z,273013,8.423167
8.21,8.38,8.1752,5312,8.38,2023-09-05T04:00:00Z,458102,8.218636
8.22,8.27,8.145,4184,8.21,2023-09-06T04:00:00Z,235807,8.210893
8.16,8.24,8.075,5301,8.19,2023-09-07T04:00:00Z,332444,8.158154
8.16,8.19,8.09,5573,8.15,2023-09-08T04:00:00Z,241925,8.143466
8.12,8.33,8.09,4360,8.16,2023-09-11T04:00:00Z,380012,8.193965
8.05,8.1599,7.99,6242,8.08,2023-09-12T04:00:00Z,935407,8.054274
8.01,8.1,8.005,5078,8.08,2023-09-13T04:00:00Z,344877,8.02769
8.02,8.135,8.01,3890,8.02,2023-09-14T04:00:00Z,233380,8.042571
7.96,8.0491,7.9,5656,8.02,2023-09-15T04:00:00Z,1255914,7.967363
7.88,7.98,7.845,5144,7.95,2023-09-18T04:00:00Z,355179,7.894382
7.87,7.95,7.87,3690,7.88,2023-09-19T04:00:00Z,265863,7.906644
7.87,7.965,7.865,4253,7.88,2023-09-20T04:00:00Z,471426,7.918558
7.83,7.9,7.82,3899,7.86,2023-09-21T04:00:00Z,327018,7.840109
7.76,7.885,7.75,4699,7.82,2023-09-22T04:00:00Z,336782,7.783848
7.84,7.925,7.71,3922,7.71,2023-09-25T04:00:00Z,354265,7.852772
7.77,7.85,7.76,2570,7.8,2023-09-26T04:00:00Z,201992,7.791956
7.98,8.015,7.78,5039,7.78,2023-09-27T04:00:00Z,553401,7.939553
8.06,8.13,7.995,4166,8.03,2023-09-28T04:00:00Z,446056,8.05486
8.25,8.32,8.04,11165,8.04,2023-09-29T04:00:00Z,1045413,8.238361
8.31,8.34,8.14,5316,8.26,2023-10-02T04:00:00Z,475594,8.278427
8.28,8.33,8.2,3929,8.28,2023-10-03T04:00:00Z,299084,8.2743
8.35,8.3799,8.15,4177,8.16,2023-10-04T04:00:00Z,285212,8.304284
8.36,8.38,8.31,3323,8.35,2023-10-05T04:00:00Z,236204,8.354494
8.38,8.505,8.37,4222,8.38,2023-10-06T04:00:00Z,306529,8.432313
8.33,8.38,8.2899,3118,8.3,2023-10-09T04:00:00Z,274886,8.337177
8.35,8.455,8.34,2722,8.38,2023-10-10T04:00:00Z,214728,8.362362
8.37,8.4192,8.295,2626,8.38,2023-10-11T04:00:00Z,157969,8.358134
8.29,8.365,8.26,2977,8.35,2023-10-12T04:00:00Z,213764,8.313086
8.06,8.31,8.004,4949,8.29,2023-10-13T04:00:00Z,509855,8.082811
8.02,8.15,8.02,2704,8.1,2023-10-16T04:00:00Z,437407,8.065489
8.23,8.315,8.0,4582,8.0,2023-10-17T04:00:00Z,426559,8.180069
8.03,8.23,8.02,3356,8.2,2023-10-18T04:00:00Z,244162,8.085962
7.85,8.01,7.81,6495,8.01,2023-10-19T04:00:00Z,788300,7.876409
7.98,8.05,7.82,3633,7.87,2023-10-20T04:00:00Z,301912,7.951675
7.94,8.105,7.92,4746,7.98,2023-10-23T04:00:00Z,409593,7.999759
7.87,8.03,7.87,3612,8.01,2023-10-24T04:00:00Z,263409,7.924558
7.7,7.88,7.695,3394,7.8,2023-10-25T04:00:00Z,309482,7.757686
8.01,8.01,7.71,4567,7.81,2023-10-26T04:00:00Z,452194,7.901479
8.02,8.085,7.9,3910,7.99,2023-10-27T04:00:00Z,394020,8.031507
8.14,8.17,7.995,3538,8.06,2023-10-30T04:00:00Z,240303,8.109531
8.2,8.24,8.11,3094,8.14,2023-10-31T04:00:00Z,211741,8.194937
8.14,8.25,8.12,3735,8.21,2023-11-01T04:00:00Z,251241,8.170766
8.38,8.45,8.15,4505,8.17,2023-11-02T04:00:00Z,506495,8.34732
8.49,8.56,8.43,5424,8.5,2023-11-03T04:00:00Z,452871,8.497893
8.5,8.545,8.445,2731,8.54,2023-11-06T05:00:00Z,242137,8.49389
8.31,8.46,8.3,2514,8.43,2023-11-07T05:00:00Z,163972,8.354253
8.24,8.33,8.21,2472,8.33,2023-11-08T05:00:00Z,130204,8.241854
8.28,8.315,8.22,2629,8.26,2023-11-09T05:00:00Z,184123,8.261567
8.22,8.3,8.16,3263,8.29,2023-11-10T05:00:00Z,231771,8.223949
8.25,8.315,8.21,3049,8.24,2023-11-13T05:00:00Z,224845,8.269936
8.52,8.61,8.38,4820,8.39,2023-11-14T05:00:00Z,338997,8.501929
8.61,8.68,8.48,5562,8.48,2023-11-15T05:00:00Z,430413,8.606772
8.32,8.85,8.065,8189,8.71,2023-11-16T05:00:00Z,715325,8.298345
8.24,8.42,8.13,5895,8.41,2023-11-17T05:00:00Z,609718,8.241747
8.39,8.51,8.22,5370,8.22,2023-11-20T05:00:00Z,418092,8.406213
8.29,8.41,8.261,3276,8.34,2023-11-21T05:00:00Z,342212,8.319935
8.28,8.406,8.235,3950,8.25,2023-11-22T05:00:00Z,361081,8.304606
8.24,8.33,8.22,1794,8.29,2023-11-24T05:00:00Z,106533,8.263657
8.11,8.2,8.025,6491,8.15,2023-11-27T05:00:00Z,440723,8.115086
8.11,8.145,7.72,7379,8.12,2023-11-28T05:00:00Z,808581,8.039883
8.07,8.2,8.07,5093,8.17,2023-11-29T05:00:00Z,472861,8.112532
8.2,8.25,8.06,5283,8.06,2023-11-30T05:00:00Z,500571,8.183522
8.38,8.4475,8.16,5715,8.16,2023-12-01T05:00:00Z,435920,8.372988
8.76,8.76,8.35,7065,8.35,2023-12-04T05:00:00Z,607740,8.588833
8.69,8.84,8.645,6188,8.75,2023-12-05T05:00:00Z,499901,8.717706
8.47,8.85,8.47,3783,8.71,2023-12-06T05:00:00Z,317351,8.62317
8.67,8.67,8.44,3720,8.44,2023-12-07T05:00:00Z,237309,8.611211
8.69,8.74,8.61,2959,8.68,2023-12-08T05:00:00Z,189406,8.689705
8.67,8.72,8.605,3517,8.7,2023-12-11T05:00:00Z,232171,8.656424
8.66,8.75,8.62,3508,8.65,2023-12-12T05:00:00Z,244981,8.680963
8.9,8.97,8.66,6531,8.66,2023-12-13T05:00:00Z,662667,8.859412
8.91,9.0,8.8,5795,8.99,2023-12-14T05:00:00Z,408775,8.912309
8.72,8.99,8.71,3725,8.99,2023-12-15T05:00:00Z,1079363,8.734893
8.84,8.89,8.67,4582,8.76,2023-12-18T05:00:00Z,354430,8.826316
8.92,9.0,8.81,5231,8.94,2023-12-19T05:00:00Z,388693,8.923473
8.92,9.07,8.845,4857,8.88,2023-12-20T05:00:00Z,452060,8.961872
8.95,9.0454,8.905,4174,8.94,2023-12-21T05:00:00Z,578203,8.973567
8.88,9.03,8.85,2759,9.0,2023-12-22T05:00:00Z,206985,8.919194
8.94,8.96,8.86,2299,8.86,2023-12-26T05:00:00Z,116107,8.926603
8.87,8.97,8.865,2760,8.94,2023-12-27T05:00:00Z,369650,8.890474
8.76,8.86,8.715,2648,8.83,2023-12-28T05:00:00Z,159993,8.767637
8.74,8.83,8.66,4641,8.75,2023-12-29T05:00:00Z,604792,8.729406
8.72,8.77,8.66,4416,8.73,2024-01-02T05:00:00Z,292041,8.712498
8.71,8.8,8.65,3278,8.7,2024-01-03T05:00:00Z,249539,8.716351
8.7,8.81,8.69,3303,8.7,2024-01-04T05:00:00Z,285365,8.723641
8.58,8.7981,8.58,2820,8.7,2024-01-05T05:00:00Z,246026,8.635926
8.64,8.64,8.55,2529,8.57,2024-01-08T05:00:00Z,295485,8.609538
8.5,8.55,8.475,3784,8.53,2024-01-09T05:00:00Z,318659,8.503119
8.57,8.595,8.459,4013,8.5,2024-01-10T05:00:00Z,224043,8.553725
8.51,8.57,8.49,2484,8.57,2024-01-11T05:00:00Z,206381,8.519023
8.54,8.6,8.48,2672,8.58,2024-01-12T05:00:00Z,211651,8.521312
8.56,8.57,8.44,3631,8.47,2024-01-16T05:00:00Z,355936,8.500987
8.52,8.54,8.465,3258,8.52,2024-01-17T05:00:00Z,511014,8.500874
8.42,8.6,8.39,2697,8.55,2024-01-18T05:00:00Z,191075,8.455058
8.42,8.45,8.26,4589,8.45,2024-01-19T05:00:00Z,462843,8.345874
8.65,8.67,8.49,3423,8.49,2024-01-22T05:00:00Z,272957,8.618732
8.65,8.73,8.64,3645,8.7,2024-01-23T05:00:00Z,317627,8.669291
8.69,8.76,8.645,3348,8.71,2024-01-24T05:00:00Z,213601,8.687982
8.73,8.785,8.71,3786,8.74,2024-01-25T05:00:00Z,340043,8.734101
8.65,8.8,8.2,2966,8.76,2024-01-26T05:00:00Z,222757,8.690636
8.78,8.78,8.59,4914,8.64,2024-01-29T05:00:00Z,574126,8.725263
8.63,8.77,8.62,3367,8.77,2024-01-30T05:00:00Z,236639,8.663789
8.6,8.76,8.54,4902,8.54,2024-01-31T05:00:00Z,483150,8.644022
9.59,9.8951,9.21,22511,9.23,2024-02-01T05:00:00Z,2716797,9.605788
10.06,10.24,9.69,15733,10.0,2024-02-02T05:00:00Z,1569149,10.007303
10.31,10.335,9.91,11467,10.27,2024-02-05T05:00:00Z,1094009,10.140008
10.04,10.3352,10.0,7846,10.29,2024-02-06T05:00:00Z,814766,10.050541
10.04,10.1,9.92,6417,10.05,2024-02-07T05:00:00Z,629181,10.019106
10.0,10.25,9.97,7434,10.04,2024-02-08T05:00:00Z,683720,10.033417
10.19,10.24,9.96,7727,10.0,2024-02-09T05:00:00Z,732869,10.093018
10.45,10.57,10.19,8039,10.19,2024-02-12T05:00:00Z,892144,10.438463
10.42,10.51,10.1,7034,10.25,2024-02-13T05:00:00Z,769620,10.384868
10.75,10.78,10.439,6929,10.45,2024-02-14T05:00:00Z,715668,10.672574
10.87,10.99,10.69,10928,10.87,2024-02-15T05:00:00Z,1277090,10.884352
10.68,10.9,10.65,8026,10.9,2024-02-16T05:00:00Z,1377183,10.716384
10.96,10.96,10.6,8205,10.69,2024-02-20T05:00:00Z,677518,10.866676
10.62,11.048,10.485,11067,10.94,2024-02-21T05:00:00Z,993048,10.673125
10.63,10.73,10.46,6711,10.65,2024-02-22T05:00:00Z,702737,10.59862
10.71,10.8,10.59,3576,10.69,2024-02-23T05:00:00Z,324778,10.706064
10.55,10.84,10.55,5082,10.75,2024-02-26T05:00:00Z,403411,10.615839
10.63,10.7474,10.52,4982,10.61,2024-02-27T05:00:00Z,366423,10.593198
10.59,10.7199,10.58,4922,10.63,2024-02-28T05:00:00Z,684677,10.647136
10.49,10.76,10.445,3746,10.61,2024-02-29T05:00:00Z,702787,10.503178
10.23,10.53,10.18,9317,10.52,2024-03-01T05:00:00Z,946102,10.300881
10.27,10.44,10.23,5973,10.23,2024-03-04T05:00:00Z,460536,10.322399
10.44,10.5,10.2402,3973,10.26,2024-03-05T05:00:00Z,266780,10.414361
10.39,10.48,10.35,4036,10.44,2024-03-06T05:00:00Z,377185,10.397856
10.45,10.58,10.38,3908,10.44,2024-03-07T05:00:00Z,419408,10.459536
10.6,10.74,10.52,3806,10.54,2024-03-08T05:00:00Z,315920,10.622708
10.59,10.675,10.46,2694,10.61,2024-03-11T04:00:00Z,203599,10.562772
10.66,10.7,10.45,3391,10.59,2024-03-12T04:00:00Z,256511,10.617294
10.6,10.7,10.58,3335,10.65,2024-03-13T04:00:00Z,231780,10.623656
10.45,10.6,10.33,3920,10.6,2024-03-14T04:00:00Z,589093,10.396104
10.45,10.51,10.31,3555,10.42,2024-03-15T04:00:00Z,419830,10.428959
10.29,10.465,10.285,3942,10.41,2024-03-18T04:00:00Z,363414,10.357059
10.43,10.5389,10.295,3798,10.3,2024-03-19T04:00:00Z,373373,10.438589
10.64,10.695,10.35,4362,10.45,2024-03-20T04:00:00Z,281879,10.584843
10.71,10.82,10.7,4339,10.7,2024-03-21T04:00:00Z,429897,10.734693
10.78,10.915,10.75,5785,10.85,2024-03-22T04:00:00Z,457160,10.809509
10.78,10.845,10.76,4601,10.78,2024-03-25T04:00:00Z,336003,10.783292
11.08,11.22,10.76,7488,10.8,2024-03-26T04:00:00Z,623284,11.06703
11.1,11.2701,11.07,5593,11.27,2024-03-27T04:00:00Z,400065,11.139311
11.33,11.38,10.962,5228,11.11,2024-03-28T04:00:00Z,757875,11.307389
11.11,11.4,11.025,6106,11.38,2024-04-01T04:00:00Z,550944,11.150442
10.91,11.03,10.84,4834,11.0,2024-04-02T04:00:00Z,464939,10.917637
10.92,11.0191,10.88,3691,10.96,2024-04-03T04:00:00Z,301974,10.930165
10.71,11.09,10.69,3921,10.95,2024-04-04T04:00:00Z,272387,10.831255
10.64,10.765,10.64,4177,10.71,2024-04-05T04:00:00Z,346810,10.687395
10.83,10.87,10.6,5066,10.61,2024-04-08T04:00:00Z,394662,10.786449
10.72,10.85,10.68,4905,10.83,2024-04-09T04:00:00Z,414823,10.741267
11.05,11.145,10.63,8740,10.67,2024-04-10T04:00:00Z,1048291,10.948012
11.26,11.3,11.01,7238,11.14,2024-04-11T04:00:00Z,716864,11.207974
10.85,11.29,10.7007,6155,11.22,2024-04-12T04:00:00Z,639178,10.922347
10.82,11.1,10.74,5268,10.87,2024-04-15T04:00:00Z,468579,10.888297
11.26,11.28,10.82,6942,10.95,2024-04-16T04:00:00Z,728487,11.153086
11.06,11.35,10.96,5974,11.35,2024-04-17T04:00:00Z,451473,11.073126
10.955,11.055,10.925,7015,11.05,2024-04-18T04:00:00Z,616492,10.964079
11.2,11.24,10.9,5548,10.9,2024-04-19T04:00:00Z,823305,11.148869
11.16,11.282,11.15,5234,11.26,2024-04-22T04:00:00Z,367856,11.193821
11.47,11.4999,11.18,8254,11.18,2024-04-23T04:00:00Z,760569,11.395628
11.5,11.52,11.36,6175,11.46,2024-04-24T04:00:00Z,481849,11.453344
11.07,11.42,10.94,7148,11.32,2024-04-25T04:00:00Z,521392,11.083049
11.36,11.4,11.12,6196,11.18,2024-04-26T04:00:00Z,393055,11.316456
11.18,11.47,11.032,5786,11.43,2024-04-29T04:00:00Z,519977,11.163581
10.98,11.16,10.97,5659,11.16,2024-04-30T04:00:00Z,681679,11.045723
11.03,11.09,10.77,7595,10.9,2024-05-01T04:00:00Z,673001,10.972349
10.54,10.69,9.8,12647,10.69,2024-05-02T04:00:00Z,1342406,10.396448
10.43,10.54,10.29,9277,10.54,2024-05-03T04:00:00Z,936935,10.409675
10.32,10.52,10.3,7356,10.45,2024-05-06T04:00:00Z,563871,10.353179
10.38,10.685,10.33,8335,10.33,2024-05-07T04:00:00Z,1015581,10.474815
10.34,10.46,10.1697,7798,10.3,2024-05-08T04:00:00Z,580861,10.303594
10.33,10.37,10.2,8351,10.3,2024-05-09T04:00:00Z,533070,10.297472
10.26,10.39,10.15,6051,10.31,2024-05-10T04:00:00Z,660987,10.246305
10.31,10.47,10.27,5261,10.27,2024-05-13T04:00:00Z,398976,10.345731
10.34,10.38,10.26,5291,10.37,2024-05-14T04:00:00Z,475980,10.327572
10.21,10.39,10.1099,10498,10.36,2024-05-15T04:00:00Z,633729,10.234701
10.16,10.27,10.15,9734,10.22,2024-05-16T04:00:00Z,570046,10.193617
10.23,10.26,10.04,8624,10.2,2024-05-17T04:00:00Z,1071043,10.204921
10.01,10.26,10.01,6469,10.18,2024-05-20T04:00:00Z,427867,10.09024
10.05,10.185,10.01,5725,10.04,2024-05-21T04:00:00Z,362666,10.079505
9.97,10.1401,9.93,6539,10.0,2024-05-22T04:00:00Z,572761,9.983487
9.98,10.1,9.9,7080,10.0,2024-05-23T04:00:00Z,556150,9.968402
10.2,10.21,9.98,4807,9.98,2024-05-24T04:00:00Z,374561,10.139364
10.24,10.375,10.17,5413,10.17,2024-05-28T04:00:00Z,555202,10.265207
10.2,10.33,10.13,4506,10.23,2024-05-29T04:00:00Z,341658,10.214542
10.29,10.4,10.21,4913,10.23,2024-05-30T04:00:00Z,383908,10.300396
10.49,10.56,10.27,5339,10.3,2024-05-31T04:00:00Z,479921,10.461544
10.32,10.58,10.295,5346,10.56,2024-06-03T04:00:00Z,314684,10.370232
10.25,10.375,10.21,4383,10.24,2024-06-04T04:00:00Z,410744,10.273938
10.36,10.46,10.23,4066,10.32,2024-06-05T04:00:00Z,248234,10.345842
10.42,10.475,10.33,5035,10.36,2024-06-06T04:00:00Z,352664,10.414895
10.48,10.5,10.36,5834,10.37,2024-06-07T04:00:00Z,348125,10.457421
10.27,10.45,10.03,8647,10.42,2024-06-10T04:00:00Z,659931,10.199123
10.2,10.235,10.06,7256,10.19,2024-06-11T04:00:00Z,419958,10.157067
10.3,10.4136,10.25,4747,10.27,2024-06-12T04:00:00Z,416161,10.334362
10.17,10.36,10.15,5149,10.32,2024-06-13T04:00:00Z,403590,10.2068
10.03,10.19,10.01,5529,10.1,2024-06-14T04:00:00Z,350614,10.053687
10.21,10.2299,9.904,4369,10.0,2024-06-17T04:00:00Z,369301,10.157138
10.32,10.395,10.17,4993,10.2,2024-06-18T04:00:00Z,409373,10.324435
10.18,10.46,10.17,6196,10.33,2024-06-20T04:00:00Z,438358,10.260303
10.11,10.26,10.08,5533,10.17,2024-06-21T04:00:00Z,1038298,10.130291
10.27,10.335,10.1,8143,10.1,2024-06-24T04:00:00Z,560512,10.25754
10.15,10.35,10.15,3656,10.3,2024-06-25T04:00:00Z,229766,10.20341
10.33,10.41,10.22,4022,10.22,2024-06-26T04:00:00Z,421157,10.330907
10.22,10.345,10.14,6758,10.33,2024-06-27T04:00:00Z,338582,10.215092
10.47,10.48,10.22,5146,10.27,2024-06-28T04:00:00Z,313506,10.406695
10.34,10.57,10.315,5891,10.53,2024-07-01T04:00:00Z,461626,10.372255
10.33,10.435,10.26,4814,10.34,2024-07-02T04:00:00Z,553910,10.339194
10.25,10.3999,10.16,2675,10.33,2024-07-03T04:00:00Z,215165,10.244352
10.07,10.25,10.01,4513,10.15,2024-07-05T04:00:00Z,299043,10.073685
9.99,10.14,9.915,6293,10.09,2024-07-08T04:00:00Z,403215,10.000705
9.71,10.03,9.655,6720,10.03,2024-07-09T04:00:00Z,626109,9.776815
9.81,9.895,9.71,5594,9.75,2024-07-10T04:00:00Z,467063,9.791787
10.13,10.14,9.8,4878,9.8,2024-07-11T04:00:00Z,349788,10.067439
10.11,10.2299,10.06,3611,10.15,2024-07-12T04:00:00Z,390656,10.121671
10.13,10.26,10.125,3130,10.23,2024-07-15T04:00:00Z,245155,10.159372
10.22,10.305,10.13,3855,10.13,2024-07-16T04:00:00Z,261247,10.232603
10.25,10.37,10.16,5040,10.2,2024-07-17T04:00:00Z,559171,10.253354
10.29,10.36,10.14,5499,10.25,2024-07-18T04:00:00Z,480799,10.257627
10.0,10.25,9.99,6522,10.25,2024-07-19T04:00:00Z,859515,10.014623
10.1,10.11,9.91,6420,10.0,2024-07-22T04:00:00Z,521326,10.056684
10.08,10.17,10.01,5897,10.08,2024-07-23T04:00:00Z,383957,10.062407
10.05,10.165,9.98,6142,10.07,2024-07-24T04:00:00Z,431795,10.086495
10.34,10.395,10.07,7446,10.13,2024-07-25T04:00:00Z,557331,10.314962
10.32,10.44,10.105,7104,10.44,2024-07-26T04:00:00Z,659768,10.272297
10.12,10.345,10.03,7313,10.31,2024-07-29T04:00:00Z,416633,10.117864
10.38,10.425,10.17,5599,10.17,2024-07-30T04:00:00Z,379022,10.302367
10.42,10.64,10.26,5103,10.46,2024-07-31T04:00:00Z,406400,10.430679
10.49,10.94,10.335,9575,10.58,2024-08-01T04:00:00Z,623041,10.500323
11.07,11.415,10.61,10222,10.64,2024-08-02T04:00:00Z,947614,11.138406
11.14,11.265,10.69,7795,10.9,2024-08-05T04:00:00Z,578065,11.061728
10.85,11.22,10.79,6037,11.05,2024-08-06T04:00:00Z,498188,10.92129
11.21,11.27,10.89,8128,10.9,2024-08-07T04:00:00Z,510346,11.141364
11.34,11.66,11.29,8113,11.32,2024-08-08T04:00:00Z,739146,11.462803
11.42,11.585,11.4,5869,11.52,2024-08-09T04:00:00Z,523951,11.487748
11.48,11.58,11.44,6732,11.57,2024-08-12T04:00:00Z,610024,11.508763
11.59,11.75,11.4201,6889,11.5,2024-08-13T04:00:00Z,565284,11.589393
11.35,11.71,11.31,4945,11.69,2024-08-14T04:00:00Z,384035,11.399211
11.4,11.58,11.35,4133,11.49,2024-08-15T04:00:00Z,333837,11.432429
11.8,11.81,11.4,7288,11.43,2024-08-16T04:00:00Z,957937,11.721194
12.0,12.01,11.65,7607,11.82,2024-08-19T04:00:00Z,594655,11.874119
11.73,12.0,11.69,7141,11.97,2024-08-20T04:00:00Z,509520,11.858936
11.7,12.01,11.61,5250,11.74,2024-08-21T04:00:00Z,353446,11.731394
11.75,11.82,11.57,3001,11.69,2024-08-22T04:00:00Z,181341,11.735494
11.85,11.86,11.615,5658,11.71,2024-08-23T04:00:00Z,527369,11.780548
11.8,11.9992,11.77,4558,11.93,2024-08-26T04:00:00Z,264569,11.833976
11.76,11.95,11.67,3401,11.75,2024-08-27T04:00:00Z,272527,11.834626
11.76,11.84,11.67,5218,11.67,2024-08-28T04:00:00Z,418847,11.762867
11.8,11.86,11.68,5441,11.79,2024-08-29T04:00:00Z,487291,11.752309
12.22,12.23,11.83,4833,11.83,2024-08-30T04:00:00Z,454904,12.103016
11.91,12.2083,11.895,6085,12.12,2024-09-03T04:00:00Z,352757,11.999855
11.89,12.03,11.82,4736,11.88,2024-09-04T04:00:00Z,258493,11.947367
11.87,11.995,11.65,7398,11.89,2024-09-05T04:00:00Z,742715,11.808106
11.53,11.95,11.48,9074,11.84,2024-09-06T04:00:00Z,689470,11.562682
11.19,11.6,11.18,7428,11.53,2024-09-09T04:00:00Z,562247,11.411026
11.1,11.325,10.9292,7305,11.22,2024-09-10T04:00:00Z,468485,11.07645
10.88,11.095,10.815,5810,11.09,2024-09-11T04:00:00Z,399399,10.889116
10.97,11.155,10.9233,5700,10.97,2024-09-12T04:00:00Z,414700,11.018867
11.0,11.155,10.965,5974,10.98,2024-09-13T04:00:00Z,492336,11.05735
10.8,11.12,10.775,4998,11.0,2024-09-16T04:00:00Z,378150,10.871876
11.17,11.18,10.81,7683,10.81,2024-09-17T04:00:00Z,517096,11.042719
10.91,11.19,10.88,5065,11.19,2024-09-18T04:00:00Z,294938,10.995959
10.85,10.9805,10.8,4753,10.97,2024-09-19T04:00:00Z,338962,10.854421
10.77,10.98,10.7601,4757,10.84,2024-09-20T04:00:00Z,782716,10.790794
11.02,11.05,10.775,4925,10.8,2024-09-23T04:00:00Z,333099,10.938947
10.73,10.94,10.63,5580,10.91,2024-09-24T04:00:00Z,539306,10.734281
10.64,10.8,10.6,5315,10.8,2024-09-25T04:00:00Z,499490,10.659222
10.68,10.745,10.56,6457,10.66,2024-09-26T04:00:00Z,315530,10.654914
10.82,10.8956,10.69,4418,10.73,2024-09-27T04:00:00Z,387857,10.796753
11.21,11.3,10.83,7611,10.83,2024-09-30T04:00:00Z,967009,11.179945
11.23,11.315,11.159,7200,11.21,2024-10-01T04:00:00Z,733689,11.247876
11.1,11.3118,10.89,5590,11.26,2024-10-02T04:00:00Z,440688,11.049315
10.95,11.12,10.86,5030,11.1,2024-10-03T04:00:00Z,342095,10.972636
11.4,11.485,11.095,6093,11.1,2024-10-04T04:00:00Z,407712,11.384278
11.33,11.5,11.205,5701,11.5,2024-10-07T04:00:00Z,391962,11.307808
11.18,11.33,11.02,5467,11.33,2024-10-08T04:00:00Z,594497,11.167366
11.26,11.31,11.13,4695,11.24,2024-10-09T04:00:00Z,423485,11.215393
11.38,11.38,11.2,4618,11.28,2024-10-10T04:00:00Z,349007,11.333831
11.34,11.54,11.33,4519,11.43,2024-10-11T04:00:00Z,263137,11.408044
11.26,11.35,11.19,5598,11.35,2024-10-14T04:00:00Z,412562,11.274357
11.44,11.59,11.255,5430,11.3,2024-10-15T04:00:00Z,1251158,11.490632
11.65,11.765,11.24,6068,11.24,2024-10-16T04:00:00Z,408909,11.653442
11.8,11.926,11.575,5668,11.68,2024-10-17T04:00:00Z,312341,11.786245
11.6,11.88,11.59,6330,11.78,2024-10-18T04:00:00Z,332246,11.736745
11.49,11.69,11.48,5342,11.63,2024-10-21T04:00:00Z,282106,11.559536
11.71,11.74,11.454,6441,11.48,2024-10-22T04:00:00Z,357401,11.615054
11.55,11.855,11.415,7174,11.7,2024-10-23T04:00:00Z,513351,11.547285
11.42,11.7,11.4,6526,11.58,2024-10-24T04:00:00Z,482873,11.557558
11.57,11.585,11.36,4565,11.47,2024-10-25T04:00:00Z,311364,11.508879
11.87,11.88,11.5001,6736,11.62,2024-10-28T04:00:00Z,1116855,11.796495
11.75,11.91,11.63,5237,11.88,2024-10-29T04:00:00Z,547621,11.760262
11.65,11.86,11.585,4479,11.73,2024-10-30T04:00:00Z,270719,11.663208
11.49,11.64,11.37,4993,11.64,2024-10-31T04:00:00Z,516860,11.490127
11.56,11.76,11.36,5366,11.62,2024-11-01T04:00:00Z,466686,11.567582
11.53,11.64,11.43,3720,11.48,2024-11-04T05:00:00Z,358823,11.54349
11.49,11.75,11.48,5299,11.52,2024-11-05T05:00:00Z,343507,11.537358
11.8,11.91,11.57,6792,11.86,2024-11-06T05:00:00Z,457336,11.736556
11.7,11.79,11.62,5867,11.79,2024-11-07T05:00:00Z,523952,11.690862
11.72,11.79,11.64,5224,11.7,2024-11-08T05:00:00Z,324918,11.720379
11.77,12.03,11.76,5526,11.84,2024-11-11T05:00:00Z,314879,11.870367
11.77,11.8599,11.69,4436,11.73,2024-11-12T05:00:00Z,244092,11.767661
11.85,12.09,11.76,7299,11.81,2024-11-13T05:00:00Z,566571,11.926291
12.02,12.19,11.09,9808,11.55,2024-11-14T05:00:00Z,1010165,11.984644
11.92,12.025,11.54,7952,11.95,2024-11-15T05:00:00Z,759024,11.820967
12.06,12.11,11.92,6327,11.99,2024-11-18T05:00:00Z,510783,12.026104
12.04,12.075,11.84,7359,11.95,2024-11-19T05:00:00Z,764150,11.996084
12.09,12.38,11.97,5037,12.0,2024-11-20T05:00:00Z,552786,12.142198
12.09,12.175,11.99,5636,12.07,2024-11-21T05:00:00Z,402072,12.091894
12.6,12.64,12.12,12022,12.12,2024-11-22T05:00:00Z,1526015,12.398198
12.62,12.85,12.585,8915,12.71,2024-11-25T05:00:00Z,676902,12.678659
12.54,12.56,12.335,5080,12.56,2024-11-26T05:00:00Z,455186,12.493202
12.65,12.76,12.58,4467,12.58,2024-11-27T05:00:00Z,511584,12.654318
12.8,12.82,12.6,4651,12.73,2024-11-29T05:00:00Z,234540,12.726733
12.65,12.8,12.47,6561,12.8,2024-12-02T05:00:00Z,424048,12.639548
12.57,12.62,12.46,4332,12.59,2024-12-03T05:00:00Z,229227,12.552228
12.64,12.74,12.44,4282,12.58,2024-12-04T05:00:00Z,274312,12.630388
12.51,12.73,12.41,5022,12.64,2024-12-05T05:00:00Z,447347,12.510749
12.26,12.61,12.12,6561,12.61,2024-12-06T05:00:00Z,546047,12.267497
12.11,12.3944,12.09,6138,12.21,2024-12-09T05:00:00Z,295169,12.181026
12.17,12.2183,12.03,4667,12.08,2024-12-10T05:00:00Z,867771,12.16323
12.3,12.3552,12.105,4831,12.25,2024-12-11T05:00:00Z,450878,12.259052
12.28,12.46,12.24,6896,12.3,2024-12-12T05:00:00Z,258915,12.298581
12.2,12.34,12.07,6477,12.34,2024-12-13T05:00:00Z,273707,12.176282
11.99,12.43,11.945,6148,12.2,2024-12-16T05:00:00Z,317347,12.076942
12.0,12.07,11.88,5160,11.99,2024-12-17T05:00:00Z,352952,11.98701
11.7,12.185,11.68,7202,12.07,2024-12-18T05:00:00Z,313359,11.875709
11.74,11.87,11.56,5739,11.81,2024-12-19T05:00:00Z,523172,11.699154
11.78,11.85,11.58,6952,11.65,2024-12-20T05:00:00Z,1332973,11.759857
11.74,11.84,11.66,5353,11.78,2024-12-23T05:00:00Z,326423,11.742946
11.88,11.9,11.71,2552,11.74,2024-12-24T05:00:00Z,170651,11.79363
12.29,12.31,11.78,4380,11.82,2024-12-26T05:00:00Z,271422,12.17649
12.325,12.41,12.15,3810,12.3,2024-12-27T05:00:00Z,290411,12.300995
12.26,12.39,12.03,5160,12.23,2024-12-30T05:00:00Z,297067,12.272846
12.22,12.4,12.2,4886,12.24,2024-12-31T05:00:00Z,314135,12.25829
12.12,12.2881,12.11,4681,12.22,2025-01-02T05:00:00Z,245061,12.173852
