c,h,l,n,o,t,v,vw
10.78,10.9401,10.64,794,10.79,2016-01-04T05:00:00Z,106378,10.768885
10.78,11.2067,10.56,556,10.99,2016-01-05T05:00:00Z,72128,10.758386
10.56,10.7675,10.49,585,10.64,2016-01-06T05:00:00Z,70034,10.592128
10.03,10.84,10.01,705,10.35,2016-01-07T05:00:00Z,79831,10.132326
9.57,10.2,9.5,793,9.99,2016-01-08T05:00:00Z,105674,9.775366
9.59,9.71,9.37,473,9.59,2016-01-11T05:00:00Z,52255,9.570238
9.66,9.96,9.41,430,9.7,2016-01-12T05:00:00Z,92811,9.633512
9.37,9.88,9.31,633,9.68,2016-01-13T05:00:00Z,83714,9.471134
9.61,9.83,9.26,474,9.45,2016-01-14T05:00:00Z,53350,9.615095
9.43,9.57,9.25,402,9.32,2016-01-15T05:00:00Z,67838,9.354891
9.61,9.75,9.44,433,9.52,2016-01-19T05:00:00Z,53123,9.598319
9.78,10.0,9.34,719,9.5,2016-01-20T05:00:00Z,73606,9.657685
9.48,9.89,9.4,453,9.78,2016-01-21T05:00:00Z,60125,9.52434
9.61,9.79,9.43,524,9.64,2016-01-22T05:00:00Z,92277,9.593459
9.65,9.8,9.47,295,9.57,2016-01-25T05:00:00Z,43488,9.655358
9.72,9.963,9.7,255,9.73,2016-01-26T05:00:00Z,91858,9.726919
9.65,9.89,9.36,569,9.7,2016-01-27T05:00:00Z,83846,9.638497
9.69,9.7,9.46,605,9.7,2016-01-28T05:00:00Z,79581,9.63503
10.04,10.08,9.62,1025,9.7,2016-01-29T05:00:00Z,217249,9.913125
9.65,9.98,9.5328,587,9.98,2016-02-01T05:00:00Z,76926,9.705755
9.45,9.63,9.3,420,9.62,2016-02-02T05:00:00Z,69808,9.477994
9.59,9.64,9.15,395,9.43,2016-02-03T05:00:00Z,42718,9.424001
9.58,9.64,9.3,483,9.4,2016-02-04T05:00:00Z,54737,9.485816
9.42,10.0,9.41,730,9.58,2016-02-05T05:00:00Z,107779,9.53908
10.58,10.68,9.32,667,9.45,2016-02-08T05:00:00Z,107874,9.948423
10.5,10.711,10.28,398,10.44,2016-02-09T05:00:00Z,47626,10.550827
10.46,10.815,10.45,548,10.6,2016-02-10T05:00:00Z,66538,10.647311
10.3,10.54,10.24,800,10.29,2016-02-11T05:00:00Z,62779,10.364964
10.82,10.98,10.4,615,10.4,2016-02-12T05:00:00Z,74553,10.694696
11.09,11.19,10.91,590,10.96,2016-02-16T05:00:00Z,76969,11.077526
10.95,11.18,10.84,663,11.14,2016-02-17T05:00:00Z,116254,11.021807
10.8,11.08,10.74,487,10.96,2016-02-18T05:00:00Z,62674,10.934925
11.03,11.09,10.78,606,10.78,2016-02-19T05:00:00Z,94563,10.96785
10.95,11.09,10.87,427,11.09,2016-02-22T05:00:00Z,67573,10.987558
10.89,11.06,10.89,533,10.94,2016-02-23T05:00:00Z,71193,10.979232
11.08,11.1,10.76,502,10.76,2016-02-24T05:00:00Z,67298,11.028492
11.18,11.18,11.026,490,11.09,2016-02-25T05:00:00Z,66668,11.107488
11.5,11.68,11.1,455,11.2,2016-02-26T05:00:00Z,67320,11.414434
11.42,11.92,11.39,590,11.46,2016-02-29T05:00:00Z,107193,11.574207
11.59,11.99,11.5,318,11.5,2016-03-01T05:00:00Z,47761,11.710022
11.4,11.73,11.35,548,11.54,2016-03-02T05:00:00Z,64702,11.498304
11.58,11.86,11.22,549,11.37,2016-03-03T05:00:00Z,79133,11.532854
11.63,11.8,11.4,526,11.56,2016-03-04T05:00:00Z,71485,11.60395
11.58,11.9,11.5,657,11.55,2016-03-07T05:00:00Z,69798,11.581596
11.5,11.66,11.5,522,11.54,2016-03-08T05:00:00Z,62842,11.530697
11.69,11.7,11.35,342,11.54,2016-03-09T05:00:00Z,48319,11.590412
11.55,11.73,11.54,486,11.63,2016-03-10T05:00:00Z,61206,11.560541
11.7,11.73,11.525,340,11.63,2016-03-11T05:00:00Z,61874,11.639378
11.71,11.85,11.57,388,11.64,2016-03-14T04:00:00Z,58414,11.744381
11.55,11.67,11.54,609,11.67,2016-03-15T04:00:00Z,61878,11.555317
11.63,11.73,11.5408,251,11.55,2016-03-16T04:00:00Z,31122,11.622601
11.75,11.85,11.54,482,11.55,2016-03-17T04:00:00Z,52106,11.751631
12.07,12.1,11.56,607,11.84,2016-03-18T04:00:00Z,197759,11.947046
11.81,12.09,11.77,517,12.04,2016-03-21T04:00:00Z,83691,11.96434
11.62,11.895,11.54,378,11.78,2016-03-22T04:00:00Z,68497,11.638894
11.59,11.8,11.461,538,11.62,2016-03-23T04:00:00Z,74388,11.555701
11.85,12.02,11.49,315,11.55,2016-03-24T04:00:00Z,40100,11.778742
11.66,11.86,11.625,266,11.85,2016-03-28T04:00:00Z,57526,11.689755
11.69,11.71,11.37,808,11.65,2016-03-29T04:00:00Z,132878,11.583325
11.75,11.84,10.7,330,11.69,2016-03-30T04:00:00Z,35842,11.673024
11.17,11.87,11.12,1081,11.71,2016-03-31T04:00:00Z,249323,11.332698
11.31,11.51,11.11,923,11.11,2016-04-01T04:00:00Z,89022,11.372954
11.17,11.39,11.08,922,11.37,2016-04-04T04:00:00Z,118776,11.24163
11.1,11.25,11.03,804,11.06,2016-04-05T04:00:00Z,108209,11.144476
11.09,11.16,10.94,417,11.09,2016-04-06T04:00:00Z,61456,11.078676
10.68,11.01,10.62,632,10.97,2016-04-07T04:00:00Z,78097,10.769813
10.57,11.0,10.53,728,10.74,2016-04-08T04:00:00Z,73598,10.693367
11.0,11.195,10.6,747,10.61,2016-04-11T04:00:00Z,77762,10.942396
11.3,11.47,10.93,709,10.93,2016-04-12T04:00:00Z,79397,11.322709
11.52,11.52,11.3,1102,11.3,2016-04-13T04:00:00Z,136587,11.479984
11.25,11.47,11.23,410,11.45,2016-04-14T04:00:00Z,43618,11.326189
11.32,11.36,11.04,240,11.18,2016-04-15T04:00:00Z,32566,11.253702
11.44,11.45,11.16,346,11.24,2016-04-18T04:00:00Z,40200,11.348352
11.29,11.47,11.28,425,11.4,2016-04-19T04:00:00Z,68262,11.334448
11.26,11.3,11.02,338,11.23,2016-04-20T04:00:00Z,37697,11.227367
11.28,11.305,11.1,430,11.24,2016-04-21T04:00:00Z,89484,11.292609
11.29,11.3362,11.255,345,11.3,2016-04-22T04:00:00Z,54675,11.296289
11.17,11.4289,11.07,489,11.23,2016-04-25T04:00:00Z,29398,11.188677
11.19,11.2,11.0766,538,11.15,2016-04-26T04:00:00Z,65929,11.162699
11.25,11.26,11.02,331,11.16,2016-04-27T04:00:00Z,39443,11.173615
11.12,11.25,11.06,221,11.2,2016-04-28T04:00:00Z,29330,11.143266
10.94,11.15,10.8701,234,11.13,2016-04-29T04:00:00Z,41038,10.965066
11.11,11.14,10.7501,445,10.92,2016-05-02T04:00:00Z,39172,11.007459
10.69,11.01,10.68,307,10.99,2016-05-03T04:00:00Z,43879,10.75163
10.59,10.83,10.57,305,10.62,2016-05-04T04:00:00Z,34910,10.633064
10.59,11.24,10.57,404,11.24,2016-05-05T04:00:00Z,46377,10.735531
10.8,10.84,9.98,884,10.17,2016-05-06T04:00:00Z,214971,10.52698
11.07,11.15,10.68,455,10.86,2016-05-09T04:00:00Z,55949,10.993241
10.62,11.1,10.44,394,11.1,2016-05-10T04:00:00Z,36000,10.652659
10.59,10.8,10.58,609,10.61,2016-05-11T04:00:00Z,72646,10.716851
10.61,10.73,10.55,625,10.6,2016-05-12T04:00:00Z,66078,10.629832
10.72,10.86,10.69,419,10.74,2016-05-13T04:00:00Z,75631,10.754064
10.92,10.99,10.7,328,10.7,2016-05-16T04:00:00Z,52406,10.881083
10.47,10.81,10.43,677,10.77,2016-05-17T04:00:00Z,67394,10.581556
10.7,10.88,10.43,559,10.43,2016-05-18T04:00:00Z,56556,10.722829
10.32,10.71,10.3,760,10.6,2016-05-19T04:00:00Z,295587,10.373682
11.0,11.03,10.39,639,10.39,2016-05-20T04:00:00Z,124193,10.914702
11.04,11.23,10.75,983,11.01,2016-05-23T04:00:00Z,117618,10.905498
11.4,11.5,11.08,800,11.1,2016-05-24T04:00:00Z,91539,11.306646
11.18,11.45,11.06,185,11.4,2016-05-25T04:00:00Z,17592,11.246022
11.28,11.33,11.07,372,11.14,2016-05-26T04:00:00Z,23467,11.235683
11.29,11.47,11.0,160,11.35,2016-05-27T04:00:00Z,22406,11.298861
11.27,11.34,11.07,343,11.34,2016-05-31T04:00:00Z,57458,11.250129
11.23,11.25,11.14,227,11.15,2016-06-01T04:00:00Z,30870,11.22718
11.37,11.38,11.03,333,11.19,2016-06-02T04:00:00Z,45154,11.295673
11.35,11.54,11.24,414,11.25,2016-06-03T04:00:00Z,70162,11.376909
11.46,11.62,11.33,715,11.35,2016-06-06T04:00:00Z,79042,11.50054
11.49,11.63,11.43,344,11.43,2016-06-07T04:00:00Z,30814,11.502402
11.7,11.8,11.46,517,11.46,2016-06-08T04:00:00Z,94413,11.682307
11.76,11.85,11.6,467,11.7,2016-06-09T04:00:00Z,57973,11.731407
11.73,11.9,11.51,291,11.72,2016-06-10T04:00:00Z,36963,11.712051
11.59,11.7,11.555,481,11.63,2016-06-13T04:00:00Z,49469,11.6281
11.78,11.99,11.55,550,11.55,2016-06-14T04:00:00Z,68246,11.838969
11.75,11.99,11.655,468,11.85,2016-06-15T04:00:00Z,47676,11.868768
12.06,12.1,11.7,390,11.7,2016-06-16T04:00:00Z,40972,11.970642
11.94,12.05,11.83,420,12.03,2016-06-17T04:00:00Z,201032,12.003062
12.27,12.34,11.99,294,12.05,2016-06-20T04:00:00Z,61000,12.230355
12.36,12.45,11.6094,579,12.23,2016-06-21T04:00:00Z,69946,12.322451
12.15,12.47,12.1,374,12.42,2016-06-22T04:00:00Z,31920,12.218372
12.55,12.7,12.22,599,12.22,2016-06-23T04:00:00Z,75022,12.488169
12.34,12.42,12.0,1247,12.0,2016-06-24T04:00:00Z,241133,12.280485
12.04,12.215,11.9,840,12.17,2016-06-27T04:00:00Z,113524,12.022021
12.05,12.26,11.89,730,12.09,2016-06-28T04:00:00Z,88150,12.04499
12.07,12.22,11.92,1164,12.1,2016-06-29T04:00:00Z,173115,12.05514
12.45,12.55,12.035,614,12.13,2016-06-30T04:00:00Z,80659,12.373675
12.22,12.48,12.1,534,12.41,2016-07-01T04:00:00Z,63361,12.257438
12.16,12.47,11.89,284,12.15,2016-07-05T04:00:00Z,39570,12.214146
12.2,12.31,12.15,269,12.15,2016-07-06T04:00:00Z,38801,12.241451
12.22,12.3,12.09,385,12.22,2016-07-07T04:00:00Z,47559,12.249316
12.78,12.83,12.26,426,12.27,2016-07-08T04:00:00Z,66352,12.601215
12.83,12.93,12.76,367,12.79,2016-07-11T04:00:00Z,34928,12.83454
12.91,13.13,12.44,310,12.85,2016-07-12T04:00:00Z,45245,12.908148
12.73,12.93,12.59,449,12.91,2016-07-13T04:00:00Z,60708,12.784478
12.82,12.97,12.66,230,12.79,2016-07-14T04:00:00Z,21184,12.852642
12.9,12.94,12.67,208,12.94,2016-07-15T04:00:00Z,34276,12.906212
12.79,12.9,12.66,239,12.89,2016-07-18T04:00:00Z,26447,12.807061
12.69,12.8,12.64,195,12.8,2016-07-19T04:00:00Z,36514,12.682168
12.75,12.83,12.65,202,12.79,2016-07-20T04:00:00Z,22043,12.747552
12.65,12.71,12.64,250,12.71,2016-07-21T04:00:00Z,24777,12.664346
12.64,12.7,12.49,303,12.64,2016-07-22T04:00:00Z,55474,12.606832
12.6,12.63,12.52,154,12.57,2016-07-25T04:00:00Z,12874,12.588275
12.7,12.92,12.55,137,12.55,2016-07-26T04:00:00Z,14191,12.702337
12.79,12.82,12.46,361,12.67,2016-07-27T04:00:00Z,59594,12.653271
12.74,12.75,12.62,160,12.69,2016-07-28T04:00:00Z,18336,12.718294
12.62,12.75,12.51,346,12.75,2016-07-29T04:00:00Z,49332,12.637902
12.68,12.74,12.42,286,12.58,2016-08-01T04:00:00Z,39201,12.651347
12.42,12.75,12.4,168,12.72,2016-08-02T04:00:00Z,28579,12.489518
12.32,12.45,12.25,291,12.45,2016-08-03T04:00:00Z,38226,12.315478
12.05,12.32,11.641,249,12.27,2016-08-04T04:00:00Z,29671,12.046908
12.22,12.31,12.05,389,12.05,2016-08-05T04:00:00Z,56241,12.229479
12.24,12.31,12.23,286,12.31,2016-08-08T04:00:00Z,23040,12.258841
12.31,12.35,12.27,141,12.27,2016-08-09T04:00:00Z,13904,12.32411
12.29,12.35,12.23,250,12.25,2016-08-10T04:00:00Z,29136,12.298836
12.27,12.33,12.21,326,12.3,2016-08-11T04:00:00Z,46709,12.270424
12.24,12.3,12.13,258,12.13,2016-08-12T04:00:00Z,32473,12.207676
12.24,12.3,12.21,246,12.22,2016-08-15T04:00:00Z,28775,12.249243
12.14,12.28,12.13,321,12.2,2016-08-16T04:00:00Z,35221,12.177402
12.04,12.2199,11.95,240,12.14,2016-08-17T04:00:00Z,29469,12.103683
12.1,12.13,11.78,286,11.78,2016-08-18T04:00:00Z,29019,12.093998
12.15,12.27,12.04,252,12.04,2016-08-19T04:00:00Z,67913,12.124548
12.1,12.17,11.95,332,12.16,2016-08-22T04:00:00Z,36134,12.072505
12.15,12.22,12.11,320,12.18,2016-08-23T04:00:00Z,36425,12.178598
12.19,12.21,12.03,407,12.2,2016-08-24T04:00:00Z,69561,12.190101
12.19,12.31,12.13,434,12.19,2016-08-25T04:00:00Z,60102,12.208154
12.03,12.2,12.0,237,12.2,2016-08-26T04:00:00Z,25101,12.124288
12.2,12.215,12.04,505,12.04,2016-08-29T04:00:00Z,100966,12.187778
12.17,12.25,12.14,472,12.2,2016-08-30T04:00:00Z,73112,12.201327
12.12,12.29,12.0,338,12.05,2016-08-31T04:00:00Z,68229,12.104246
12.2,12.2,12.03,394,12.18,2016-09-01T04:00:00Z,41247,12.169045
12.2,12.2399,12.06,321,12.2,2016-09-02T04:00:00Z,38822,12.197023
12.18,12.22,12.16,705,12.19,2016-09-06T04:00:00Z,118561,12.197015
12.18,12.25,12.17,1133,12.2,2016-09-07T04:00:00Z,197965,12.206265
12.2,12.22,12.11,696,12.2,2016-09-08T04:00:00Z,103894,12.196108
11.94,12.2,11.93,615,12.15,2016-09-09T04:00:00Z,85952,12.072217
12.2,12.2,11.82,750,11.96,2016-09-12T04:00:00Z,95374,12.154864
12.01,12.26,11.96,607,12.13,2016-09-13T04:00:00Z,102623,12.089904
12.04,12.155,11.54,703,12.07,2016-09-14T04:00:00Z,65095,12.064785
12.1,12.15,11.85,910,12.05,2016-09-15T04:00:00Z,124693,12.099413
11.94,12.29,11.67,1082,12.13,2016-09-16T04:00:00Z,490278,12.001996
12.3,12.34,12.0,673,12.0,2016-09-19T04:00:00Z,76309,12.249423
12.64,12.68,12.29,625,12.29,2016-09-20T04:00:00Z,80275,12.526421
12.79,12.8,12.26,958,12.58,2016-09-21T04:00:00Z,135451,12.592852
13.2,13.2499,12.41,717,12.8,2016-09-22T04:00:00Z,99502,13.082025
13.23,13.39,12.8,698,13.16,2016-09-23T04:00:00Z,73348,13.221729
13.13,13.38,13.0,549,13.2,2016-09-26T04:00:00Z,73377,13.224496
13.31,13.35,13.19,776,13.19,2016-09-27T04:00:00Z,82679,13.300323
13.41,13.64,13.3,1050,13.3,2016-09-28T04:00:00Z,133085,13.475621
13.27,13.56,13.215,799,13.39,2016-09-29T04:00:00Z,104250,13.334685
13.86,14.279,13.17,1684,13.45,2016-09-30T04:00:00Z,224477,13.778876
13.66,13.8695,13.61,808,13.75,2016-10-03T04:00:00Z,98610,13.741236
13.65,13.84,13.5,442,13.83,2016-10-04T04:00:00Z,51751,13.646012
13.86,13.99,13.64,883,13.64,2016-10-05T04:00:00Z,101151,13.898155
14.03,14.04,13.7,935,13.9,2016-10-06T04:00:00Z,111814,13.973617
13.9,14.05,13.75,818,13.93,2016-10-07T04:00:00Z,94559,13.945085
13.79,14.02,13.76,850,13.82,2016-10-10T04:00:00Z,134715,13.869732
13.55,13.76,13.51,839,13.69,2016-10-11T04:00:00Z,81218,13.640585
13.59,13.74,13.38,738,13.45,2016-10-12T04:00:00Z,81218,13.578127
13.62,13.77,13.46,815,13.46,2016-10-13T04:00:00Z,90469,13.615069
13.68,13.8968,13.66,846,13.68,2016-10-14T04:00:00Z,74671,13.733047
13.8,14.0,13.65,1028,13.65,2016-10-17T04:00:00Z,131103,13.848607
13.95,14.0,13.8,527,13.95,2016-10-18T04:00:00Z,59811,13.921532
13.8,14.0,13.65,473,13.8,2016-10-19T04:00:00Z,69431,13.863459
13.75,13.85,13.55,565,13.65,2016-10-20T04:00:00Z,82886,13.702615
13.8,13.975,13.6,542,13.6,2016-10-21T04:00:00Z,64284,13.788445
14.0,14.15,13.8,526,13.8,2016-10-24T04:00:00Z,65231,13.969744
13.9,13.9762,13.6,551,13.95,2016-10-25T04:00:00Z,68635,13.85314
13.9,14.1,13.85,476,13.85,2016-10-26T04:00:00Z,66494,13.971351
13.95,14.1,13.7745,544,14.05,2016-10-27T04:00:00Z,73648,14.004898
13.95,14.1,13.85,502,14.0,2016-10-28T04:00:00Z,70150,13.995734
13.9,14.05,13.85,393,14.05,2016-10-31T04:00:00Z,122526,13.952307
14.0,14.05,13.9,620,14.0,2016-11-01T04:00:00Z,86871,14.000422
13.85,14.1,13.8,589,14.05,2016-11-02T04:00:00Z,123547,13.999751
13.95,14.2,13.85,835,14.2,2016-11-03T04:00:00Z,116407,14.0187
13.95,14.45,13.95,1533,14.15,2016-11-04T04:00:00Z,207196,14.053013
14.55,14.85,14.0,1352,14.2,2016-11-07T05:00:00Z,187418,14.51244
14.8,14.9,13.7456,866,14.6,2016-11-08T05:00:00Z,136635,14.759734
15.25,15.3,14.5,1207,14.55,2016-11-09T05:00:00Z,207701,15.035173
15.75,15.9,15.1,1016,15.3,2016-11-10T05:00:00Z,153779,15.633633
16.75,16.75,15.605,1875,15.8,2016-11-11T05:00:00Z,287368,16.41585
16.85,17.45,16.6916,1524,17.45,2016-11-14T05:00:00Z,261687,17.05774
16.8,17.05,16.6,915,17.0,2016-11-15T05:00:00Z,145859,16.893295
16.75,16.95,16.7,1443,16.85,2016-11-16T05:00:00Z,246673,16.783873
16.7,16.85,16.4,1028,16.85,2016-11-17T05:00:00Z,130240,16.63574
16.9,16.95,16.6,839,16.8,2016-11-18T05:00:00Z,176630,16.832645
17.15,17.2,16.881,668,16.95,2016-11-21T05:00:00Z,123466,17.067034
17.5,17.5,17.15,1145,17.35,2016-11-22T05:00:00Z,166726,17.332044
17.65,17.75,17.25,643,17.45,2016-11-23T05:00:00Z,86652,17.626926
17.85,17.9,17.5,295,17.5,2016-11-25T05:00:00Z,43824,17.725752
18.1,18.325,17.9,1665,18.0,2016-11-28T05:00:00Z,228689,18.071685
17.7,18.2,17.675,971,18.2,2016-11-29T05:00:00Z,112369,17.915315
17.45,17.95,17.25,878,17.65,2016-11-30T05:00:00Z,113271,17.523647
17.25,17.8,17.0,648,17.6,2016-12-01T05:00:00Z,73951,17.254153
17.6,17.75,17.1,611,17.2,2016-12-02T05:00:00Z,83804,17.505662
17.45,17.55,17.2,1127,17.2,2016-12-05T05:00:00Z,179769,17.336778
17.9,18.0,17.45,1049,17.5,2016-12-06T05:00:00Z,144713,17.8105
17.65,18.0,17.6,817,18.0,2016-12-07T05:00:00Z,126100,17.763908
17.65,17.95,17.5,1686,17.75,2016-12-08T05:00:00Z,223214,17.683965
17.6,17.75,17.4,1178,17.55,2016-12-09T05:00:00Z,183730,17.603355
18.35,18.5,17.45,1587,17.45,2016-12-12T05:00:00Z,219170,18.198065
18.5,18.9,18.25,1190,18.5,2016-12-13T05:00:00Z,203882,18.576615
18.35,18.75,18.25,833,18.4,2016-12-14T05:00:00Z,138311,18.402697
18.4,18.85,17.85,872,18.25,2016-12-15T05:00:00Z,154658,18.479299
18.6,18.85,18.25,1281,18.5,2016-12-16T05:00:00Z,379514,18.583681
18.45,18.85,18.325,824,18.65,2016-12-19T05:00:00Z,105050,18.516747
18.95,18.95,18.5,642,18.55,2016-12-20T05:00:00Z,82543,18.782115
18.65,19.0,18.6,484,18.8,2016-12-21T05:00:00Z,57056,18.735437
18.35,18.7,18.3,539,18.6,2016-12-22T05:00:00Z,71881,18.4211
18.5,18.666,18.4,421,18.5,2016-12-23T05:00:00Z,62343,18.481851
18.7,18.9,18.55,567,18.55,2016-12-27T05:00:00Z,78815,18.713057
18.3,18.75,18.3,436,18.75,2016-12-28T05:00:00Z,56364,18.476386
18.35,18.55,18.25,790,18.4,2016-12-29T05:00:00Z,98145,18.338866
18.2,18.5,18.0,731,18.5,2016-12-30T05:00:00Z,191491,18.177033
18.2,18.45,17.85,1179,18.25,2017-01-03T05:00:00Z,133581,18.124584
18.3,18.395,18.2,1010,18.25,2017-01-04T05:00:00Z,130276,18.302031
17.9,18.35,17.75,868,18.35,2017-01-05T05:00:00Z,106648,17.964113
17.5,17.95,17.25,724,17.9,2017-01-06T05:00:00Z,86876,17.655957
17.45,17.7,17.0,773,17.5,2017-01-09T05:00:00Z,109563,17.483094
17.7,17.8,17.4,834,17.4,2017-01-10T05:00:00Z,96507,17.629514
17.75,17.95,17.5,633,17.65,2017-01-11T05:00:00Z,94275,17.730355
17.65,17.9,17.3,502,17.8,2017-01-12T05:00:00Z,56644,17.578563
17.95,18.25,17.8,538,17.8,2017-01-13T05:00:00Z,63538,18.025952
17.6,17.9,17.5,734,17.9,2017-01-17T05:00:00Z,94995,17.651934
17.7,17.8,17.4,895,17.75,2017-01-18T05:00:00Z,92610,17.638136
17.05,17.8,17.025,981,17.8,2017-01-19T05:00:00Z,115365,17.267516
17.1,17.5,17.0,784,17.1,2017-01-20T05:00:00Z,120533,17.151174
17.25,17.4,16.95,721,17.0,2017-01-23T05:00:00Z,82327,17.178532
17.4,17.9,17.2,841,17.3,2017-01-24T05:00:00Z,101271,17.412175
17.6,17.725,17.4,667,17.4,2017-01-25T05:00:00Z,82471,17.576241
17.5,17.6,17.4,369,17.55,2017-01-26T05:00:00Z,45881,17.516275
17.6,17.8,17.4,354,17.7,2017-01-27T05:00:00Z,50400,17.635019
17.15,17.45,17.1,657,17.45,2017-01-30T05:00:00Z,89978,17.23626
17.1,17.35,16.8,945,17.15,2017-01-31T05:00:00Z,128362,17.041175
17.1,17.25,17.0,682,17.2,2017-02-01T05:00:00Z,66145,17.10505
16.85,18.0,16.55,1094,18.0,2017-02-02T05:00:00Z,113918,16.927295
16.9,17.15,16.85,783,16.9,2017-02-03T05:00:00Z,84625,16.943334
16.6,16.95,16.15,1054,16.95,2017-02-06T05:00:00Z,107769,16.636568
16.6,16.9,16.4,898,16.65,2017-02-07T05:00:00Z,99413,16.631548
16.45,16.7,16.3,672,16.55,2017-02-08T05:00:00Z,71724,16.443531
16.8,16.95,16.45,564,16.55,2017-02-09T05:00:00Z,69235,16.748273
17.05,17.1,16.75,729,16.9,2017-02-10T05:00:00Z,102879,16.993393
16.85,17.15,16.75,505,17.15,2017-02-13T05:00:00Z,82139,16.900812
16.3,16.7,16.2,861,16.7,2017-02-14T05:00:00Z,123848,16.393233
16.1,16.45,16.025,1105,16.2,2017-02-15T05:00:00Z,112938,16.156309
16.05,16.2,15.85,1434,16.1,2017-02-16T05:00:00Z,161943,16.026176
16.5,16.525,16.0,942,16.1,2017-02-17T05:00:00Z,151439,16.398111
16.6,16.65,16.35,590,16.55,2017-02-21T05:00:00Z,56774,16.534389
16.5,16.65,16.45,482,16.65,2017-02-22T05:00:00Z,43372,16.535147
16.45,16.6,16.225,459,16.55,2017-02-23T05:00:00Z,46942,16.423948
16.55,16.75,16.25,678,16.35,2017-02-24T05:00:00Z,85292,16.555765
16.5,16.675,16.25,800,16.5,2017-02-27T05:00:00Z,98644,16.461044
16.1,16.55,16.0,834,16.5,2017-02-28T05:00:00Z,105061,16.182278
16.45,16.75,16.25,917,16.35,2017-03-01T05:00:00Z,101319,16.498558
16.2,16.5,16.15,675,16.45,2017-03-02T05:00:00Z,58190,16.25941
16.2,16.3,16.05,430,16.25,2017-03-03T05:00:00Z,60154,16.180858
16.1,16.2,16.0,416,16.15,2017-03-06T05:00:00Z,57968,16.092018
16.15,16.35,16.1,586,16.15,2017-03-07T05:00:00Z,60986,16.205604
15.9,16.4,15.9,654,16.25,2017-03-08T05:00:00Z,68646,16.01146
15.95,16.2,15.9,673,16.0,2017-03-09T05:00:00Z,85506,16.043797
15.7,16.2,15.7,1115,16.0,2017-03-10T05:00:00Z,121084,15.838955
15.35,15.775,15.3,1509,15.7,2017-03-13T04:00:00Z,136923,15.520355
15.2,15.55,15.1,1505,15.3,2017-03-14T04:00:00Z,166845,15.307978
15.65,15.9,15.25,1956,15.25,2017-03-15T04:00:00Z,199402,15.662607
16.05,16.25,15.65,1284,15.75,2017-03-16T04:00:00Z,174488,16.035468
16.0,16.25,15.8,1026,15.95,2017-03-17T04:00:00Z,268233,15.991459
16.0,16.125,15.85,1401,16.0,2017-03-20T04:00:00Z,175182,15.989794
15.3,16.05,15.25,1073,16.0,2017-03-21T04:00:00Z,125436,15.500365
15.05,15.5,15.05,1267,15.3,2017-03-22T04:00:00Z,158622,15.218425
16.0,16.05,15.05,1099,15.1,2017-03-23T04:00:00Z,110717,15.821306
16.05,16.2,15.95,582,16.05,2017-03-24T04:00:00Z,52689,16.064071
16.25,16.275,15.7,687,15.95,2017-03-27T04:00:00Z,62799,16.064819
16.35,16.35,16.0,488,16.25,2017-03-28T04:00:00Z,53227,16.269672
16.25,16.35,16.1,430,16.25,2017-03-29T04:00:00Z,53627,16.230578
16.55,16.65,16.15,770,16.2,2017-03-30T04:00:00Z,74376,16.448975
16.95,17.0,16.37,1427,16.6,2017-03-31T04:00:00Z,258478,16.819686
16.45,16.85,16.4,953,16.85,2017-04-03T04:00:00Z,127529,16.571027
16.2,16.5,16.05,771,16.35,2017-04-04T04:00:00Z,75498,16.266973
15.95,16.45,15.95,661,16.1,2017-04-05T04:00:00Z,95591,16.089786
16.2,16.375,15.95,776,16.0,2017-04-06T04:00:00Z,99192,16.203694
16.45,16.45,16.175,585,16.2,2017-04-07T04:00:00Z,78239,16.338694
16.35,16.55,16.15,589,16.45,2017-04-10T04:00:00Z,68713,16.380841
16.35,16.5,16.2,466,16.3,2017-04-11T04:00:00Z,58842,16.353388
16.05,16.3,15.9,475,16.25,2017-04-12T04:00:00Z,50351,16.080067
16.05,16.35,15.9,580,15.9,2017-04-13T04:00:00Z,60718,16.059304
16.35,16.4,16.05,656,16.1,2017-04-17T04:00:00Z,69440,16.228744
16.35,16.45,16.15,468,16.3,2017-04-18T04:00:00Z,42188,16.326977
16.35,16.45,16.225,630,16.4,2017-04-19T04:00:00Z,65087,16.334196
16.85,16.925,16.35,595,16.4,2017-04-20T04:00:00Z,66981,16.730377
17.1,17.2,16.75,1349,16.9,2017-04-21T04:00:00Z,163649,17.062656
17.45,17.55,17.25,642,17.5,2017-04-24T04:00:00Z,71177,17.43273
17.7,17.95,17.5,820,17.65,2017-04-25T04:00:00Z,101833,17.736204
17.8,18.0,17.55,1182,17.7,2017-04-26T04:00:00Z,98690,17.833382
17.6,17.95,17.55,430,17.95,2017-04-27T04:00:00Z,50828,17.653492
17.25,17.65,17.2,710,17.65,2017-04-28T04:00:00Z,89634,17.307878
17.55,17.65,17.25,651,17.35,2017-05-01T04:00:00Z,76607,17.478036
16.65,17.6,16.6,731,17.6,2017-05-02T04:00:00Z,89228,16.954847
16.4,16.7,16.35,727,16.5,2017-05-03T04:00:00Z,75905,16.439741
16.4,16.6,16.1,632,16.5,2017-05-04T04:00:00Z,98697,16.261918
16.3,16.5,16.1,530,16.45,2017-05-05T04:00:00Z,71410,16.330731
16.35,16.45,16.25,396,16.3,2017-05-08T04:00:00Z,35463,16.317614
16.45,16.5,16.25,503,16.4,2017-05-09T04:00:00Z,52848,16.393288
16.4,16.5,16.15,604,16.3,2017-05-10T04:00:00Z,60851,16.374266
16.4,16.5,16.2,461,16.35,2017-05-11T04:00:00Z,48578,16.394027
16.55,16.6,16.35,746,16.35,2017-05-12T04:00:00Z,72305,16.506214
16.95,16.975,16.6,476,16.6,2017-05-15T04:00:00Z,45964,16.873474
17.2,17.55,16.8,887,16.95,2017-05-16T04:00:00Z,101695,17.243117
16.35,17.1,16.3,867,16.85,2017-05-17T04:00:00Z,105952,16.610814
16.25,16.65,16.2,902,16.25,2017-05-18T04:00:00Z,82529,16.375695
16.25,16.4,16.0,752,16.3,2017-05-19T04:00:00Z,129452,16.254074
16.6,16.734,16.2,1307,16.35,2017-05-22T04:00:00Z,137947,16.476415
16.65,16.8,16.45,666,16.65,2017-05-23T04:00:00Z,69699,16.6034
16.7,16.9994,16.575,704,16.75,2017-05-24T04:00:00Z,71213,16.724672
17.15,17.3,16.65,912,16.7,2017-05-25T04:00:00Z,85635,17.072197
17.25,17.45,17.1,890,17.15,2017-05-26T04:00:00Z,71006,17.256542
17.0,17.35,17.0,1162,17.25,2017-05-30T04:00:00Z,122570,17.154973
17.4,17.4,16.85,900,17.05,2017-05-31T04:00:00Z,75988,17.239002
18.05,18.1,17.55,1098,17.55,2017-06-01T04:00:00Z,156391,17.81988
18.55,18.65,18.0,1151,18.0,2017-06-02T04:00:00Z,190574,18.363221
18.35,18.75,18.3,1612,18.6,2017-06-05T04:00:00Z,166779,18.522421
18.2,18.45,18.025,949,18.2,2017-06-06T04:00:00Z,78282,18.215484
18.25,18.45,18.0,999,18.15,2017-06-07T04:00:00Z,98261,18.23127
18.65,18.75,18.15,793,18.3,2017-06-08T04:00:00Z,92767,18.587986
18.55,18.9,18.4,940,18.8,2017-06-09T04:00:00Z,122121,18.641697
18.6,18.75,18.15,949,18.55,2017-06-12T04:00:00Z,108488,18.514709
18.35,18.85,18.3,598,18.5,2017-06-13T04:00:00Z,57222,18.413738
18.35,18.55,18.1,866,18.35,2017-06-14T04:00:00Z,82212,18.362633
18.4,18.475,18.1,947,18.2,2017-06-15T04:00:00Z,84690,18.318424
18.3,18.35,18.0,611,18.2,2017-06-16T04:00:00Z,183803,18.212882
18.2,18.4,18.0,771,18.35,2017-06-19T04:00:00Z,79013,18.202304
18.1,18.3,18.025,701,18.1,2017-06-20T04:00:00Z,74812,18.157468
17.95,18.25,17.95,506,18.1,2017-06-21T04:00:00Z,77469,18.023323
17.95,18.15,17.7,827,18.0,2017-06-22T04:00:00Z,87559,17.961627
18.15,18.3,17.8,725,17.9,2017-06-23T04:00:00Z,396409,18.143914
18.15,18.3,18.05,643,18.2,2017-06-26T04:00:00Z,59654,18.149069
17.95,18.5,17.9,825,18.05,2017-06-27T04:00:00Z,81433,18.021077
18.45,18.5,17.9,539,17.95,2017-06-28T04:00:00Z,68068,18.222657
18.2,18.75,18.0,493,18.4,2017-06-29T04:00:00Z,73111,18.191447
18.05,18.3,18.0,548,18.25,2017-06-30T04:00:00Z,114180,18.096016
18.2,18.35,17.85,381,18.05,2017-07-03T04:00:00Z,57533,18.125543
18.0,18.45,17.95,1191,18.2,2017-07-05T04:00:00Z,127936,18.083336
17.95,18.2,17.455,701,17.8,2017-07-06T04:00:00Z,108120,17.946397
18.2,18.3,17.95,419,17.95,2017-07-07T04:00:00Z,50957,18.164538
18.1,18.4,18.0,741,18.1,2017-07-10T04:00:00Z,78560,18.168349
18.1,18.2,17.95,577,18.05,2017-07-11T04:00:00Z,65556,18.081838
18.55,18.6,18.2,581,18.25,2017-07-12T04:00:00Z,58436,18.494526
18.45,18.5,18.15,350,18.5,2017-07-13T04:00:00Z,43055,18.374756
18.5,18.65,18.2,506,18.45,2017-07-14T04:00:00Z,63614,18.487977
18.6,18.8,18.35,542,18.45,2017-07-17T04:00:00Z,68530,18.571959
19.6,19.7,18.45,1577,18.45,2017-07-18T04:00:00Z,246201,19.327954
20.0,20.3,19.45,1332,19.7,2017-07-19T04:00:00Z,165622,19.869776
20.1,20.25,19.65,526,20.1,2017-07-20T04:00:00Z,62714,20.019598
19.9,20.25,19.55,761,20.25,2017-07-21T04:00:00Z,95219,20.023858
19.7,20.25,19.35,673,20.05,2017-07-24T04:00:00Z,66542,19.733156
19.6,20.05,19.55,413,19.8,2017-07-25T04:00:00Z,62993,19.66404
19.4,19.7,19.4,610,19.55,2017-07-26T04:00:00Z,69988,19.504795
19.2,19.65,19.05,757,19.55,2017-07-27T04:00:00Z,71631,19.312661
19.3,19.4,19.05,467,19.15,2017-07-28T04:00:00Z,56591,19.235779
19.45,19.675,19.0,666,19.3,2017-07-31T04:00:00Z,80572,19.405251
19.6,19.7,17.97,1678,19.6,2017-08-01T04:00:00Z,134223,19.037138
19.0,19.65,18.85,552,19.6,2017-08-02T04:00:00Z,60868,19.033399
18.65,19.7,17.65,999,17.65,2017-08-03T04:00:00Z,74155,18.602645
18.9,19.0,18.65,745,18.7,2017-08-04T04:00:00Z,74160,18.85399
18.975,19.1,18.8,535,18.9,2017-08-07T04:00:00Z,53688,18.934911
19.1,19.45,18.9,501,19.0,2017-08-08T04:00:00Z,56799,19.124722
19.1,19.35,18.7,438,19.1,2017-08-09T04:00:00Z,50351,19.053095
18.8,19.05,18.75,525,18.85,2017-08-10T04:00:00Z,61809,18.880735
18.55,19.0,18.45,471,19.0,2017-08-11T04:00:00Z,49277,18.635218
19.05,19.05,18.05,542,18.55,2017-08-14T04:00:00Z,57968,18.90381
19.0,19.2,18.95,493,19.0,2017-08-15T04:00:00Z,52060,19.039411
18.95,19.35,18.85,312,19.1215,2017-08-16T04:00:00Z,36049,19.022692
18.35,18.9,18.3,1079,18.8,2017-08-17T04:00:00Z,48334,18.48984
18.4,18.7,18.15,429,18.15,2017-08-18T04:00:00Z,66749,18.310777
18.3,18.75,18.1,688,18.3,2017-08-21T04:00:00Z,53290,18.407171
18.4,18.6,18.3,318,18.45,2017-08-22T04:00:00Z,29978,18.432685
18.35,18.4,18.1,276,18.1,2017-08-23T04:00:00Z,28248,18.302714
18.45,18.6026,18.35,385,18.5,2017-08-24T04:00:00Z,32147,18.476301
18.6,18.8,18.45,567,18.55,2017-08-25T04:00:00Z,54707,18.652183
18.6,18.75,18.425,618,18.7,2017-08-28T04:00:00Z,52587,18.591027
18.85,18.9785,18.4,486,18.4,2017-08-29T04:00:00Z,41446,18.777328
18.9,19.2,18.65,466,18.8,2017-08-30T04:00:00Z,39108,19.018946
19.05,19.15,18.95,643,19.05,2017-08-31T04:00:00Z,65981,19.030731
19.35,19.4,19.0,502,19.2,2017-09-01T04:00:00Z,55743,19.27352
19.1,19.4868,19.05,596,19.35,2017-09-05T04:00:00Z,63047,19.190149
19.35,19.35,19.1,363,19.3,2017-09-06T04:00:00Z,29883,19.288987
19.25,19.5,19.05,731,19.35,2017-09-07T04:00:00Z,35823,19.30491
19.15,19.405,19.05,488,19.05,2017-09-08T04:00:00Z,39750,19.244401
19.7,19.85,19.2,440,19.2,2017-09-11T04:00:00Z,48693,19.605626
19.8,20.1,19.65,552,19.75,2017-09-12T04:00:00Z,50654,19.895261
19.9,20.15,19.75,430,19.8,2017-09-13T04:00:00Z,54425,19.93846
20.1,20.1,19.65,249,19.8,2017-09-14T04:00:00Z,32641,20.033256
21.1,21.1,19.9,1019,20.1,2017-09-15T04:00:00Z,387897,20.737596
20.7,21.2,20.6,1011,21.05,2017-09-18T04:00:00Z,128993,20.849712
20.65,21.05,20.55,530,20.6,2017-09-19T04:00:00Z,73550,20.770576
20.6,20.9,20.5,875,20.65,2017-09-20T04:00:00Z,50636,20.700554
20.7,20.85,20.5178,614,20.6,2017-09-21T04:00:00Z,43728,20.694376
20.85,21.1,20.7,615,20.7,2017-09-22T04:00:00Z,94606,20.823282
20.9,21.05,20.45,603,20.85,2017-09-25T04:00:00Z,80367,20.744658
20.95,21.175,20.875,1176,20.9,2017-09-26T04:00:00Z,81828,21.015985
21.75,22.0,21.1,1148,21.2,2017-09-27T04:00:00Z,131394,21.682511
21.85,22.05,21.65,872,21.7,2017-09-28T04:00:00Z,59622,21.882809
21.65,22.0,21.55,969,21.9,2017-09-29T04:00:00Z,87484,21.69937
22.05,22.275,21.75,1732,21.8,2017-10-02T04:00:00Z,220638,22.104294
21.6,22.2,21.55,1013,22.2,2017-10-03T04:00:00Z,92121,21.710876
21.55,21.85,21.4,908,21.65,2017-10-04T04:00:00Z,101014,21.682702
21.7,21.8,21.35,848,21.55,2017-10-05T04:00:00Z,85143,21.652106
21.85,21.9,21.55,342,21.55,2017-10-06T04:00:00Z,30169,21.781457
21.7,22.05,21.5,464,21.9,2017-10-09T04:00:00Z,38981,21.745063
21.95,22.0,21.7,627,21.7,2017-10-10T04:00:00Z,73015,21.921204
21.8,22.0,21.7,404,21.9,2017-10-11T04:00:00Z,40339,21.866318
22.0,22.05,21.6,593,21.6,2017-10-12T04:00:00Z,44551,21.932513
22.2,22.3,21.9,606,22.0,2017-10-13T04:00:00Z,49459,22.142146
21.9,22.45,21.85,752,22.25,2017-10-16T04:00:00Z,89628,22.165708
21.9,22.05,21.7,461,21.9,2017-10-17T04:00:00Z,54229,21.863523
21.85,22.2,21.75,462,22.0,2017-10-18T04:00:00Z,56032,21.969864
21.95,22.1,21.65,895,21.8,2017-10-19T04:00:00Z,97032,21.902201
21.9,22.25,21.825,572,21.95,2017-10-20T04:00:00Z,90182,22.008786
21.65,22.05,21.5,371,22.0,2017-10-23T04:00:00Z,46427,21.665599
21.65,21.9,21.6,227,21.75,2017-10-24T04:00:00Z,28266,21.710787
21.8,22.0,21.6,325,21.65,2017-10-25T04:00:00Z,35812,21.797631
21.9,22.15,21.55,460,22.0,2017-10-26T04:00:00Z,50328,21.854985
22.2,22.25,21.5,482,21.9,2017-10-27T04:00:00Z,53574,22.0376
21.75,22.2,21.6,372,22.2,2017-10-30T04:00:00Z,42732,21.743234
22.0,22.3,21.85,698,22.05,2017-10-31T04:00:00Z,96045,22.071181
21.85,22.3,21.7,1009,22.3,2017-11-01T04:00:00Z,44034,21.935078
20.0,21.8,19.9,1268,21.8,2017-11-02T04:00:00Z,140841,20.547179
19.5,20.0,19.25,1425,20.0,2017-11-03T04:00:00Z,156985,19.631741
20.05,20.35,19.55,1134,19.55,2017-11-06T05:00:00Z,117868,19.962803
19.35,20.45,18.7,1594,20.1,2017-11-07T05:00:00Z,143229,19.27106
19.5,19.75,19.25,659,19.3,2017-11-08T05:00:00Z,80220,19.499686
19.4,19.5,19.05,774,19.5,2017-11-09T05:00:00Z,73512,19.338415
19.6,19.75,19.25,767,19.4,2017-11-10T05:00:00Z,65294,19.547255
19.95,19.975,19.5,660,19.5,2017-11-13T05:00:00Z,62652,19.848586
20.0,20.2,19.9,424,19.9,2017-11-14T05:00:00Z,41437,20.019176
20.0,20.05,19.4747,922,19.8,2017-11-15T05:00:00Z,98902,19.960249
20.3,20.6,19.95,554,20.05,2017-11-16T05:00:00Z,58057,20.322273
20.15,20.25,20.0,1272,20.15,2017-11-17T05:00:00Z,56333,20.165873
20.2,20.3,20.05,817,20.15,2017-11-20T05:00:00Z,51721,20.165251
20.45,20.6,20.1,774,20.4,2017-11-21T05:00:00Z,67310,20.376571
20.35,20.8,20.35,405,20.55,2017-11-22T05:00:00Z,37462,20.469989
20.25,20.5,20.2,264,20.4,2017-11-24T05:00:00Z,31587,20.281691
20.2,20.35,19.95,514,20.25,2017-11-27T05:00:00Z,49076,20.164251
20.55,20.65,20.05,843,20.15,2017-11-28T05:00:00Z,60272,20.423705
20.8,20.9,20.5,673,20.55,2017-11-29T05:00:00Z,70237,20.79081
20.85,21.0,20.65,490,20.85,2017-11-30T05:00:00Z,85806,20.829656
20.85,21.15,20.65,1216,20.8,2017-12-01T05:00:00Z,140238,20.791561
20.35,21.1472,20.25,1079,21.1,2017-12-04T05:00:00Z,95944,20.585767
20.65,20.7,20.4,596,20.5,2017-12-05T05:00:00Z,76651,20.618899
20.55,20.825,20.525,891,20.65,2017-12-06T05:00:00Z,76092,20.613602
20.75,21.075,20.55,545,20.55,2017-12-07T05:00:00Z,141382,20.768239
20.5,20.955,20.45,506,20.95,2017-12-08T05:00:00Z,50576,20.65422
20.25,20.55,20.15,507,20.55,2017-12-11T05:00:00Z,50488,20.320764
20.3,20.45,20.15,451,20.35,2017-12-12T05:00:00Z,39194,20.338239
20.45,20.7,20.25,583,20.35,2017-12-13T05:00:00Z,57422,20.442518
19.35,20.5,19.3,988,20.5,2017-12-14T05:00:00Z,77886,19.650735
19.95,20.4,19.35,1018,19.35,2017-12-15T05:00:00Z,271706,19.740324
19.8,20.7039,19.75,407,20.15,2017-12-18T05:00:00Z,36536,19.977587
19.55,19.95,19.4,487,19.8,2017-12-19T05:00:00Z,55343,19.631503
19.3,19.6,19.3,325,19.55,2017-12-20T05:00:00Z,26972,19.366671
19.4,19.65,19.3,222,19.35,2017-12-21T05:00:00Z,24119,19.44997
19.05,19.3,18.8,392,19.3,2017-12-22T05:00:00Z,85552,19.097914
18.8,19.1,18.65,327,18.95,2017-12-26T05:00:00Z,31000,18.865625
18.75,19.05,18.6,273,18.85,2017-12-27T05:00:00Z,22208,18.779161
18.7,19.2,18.5,329,18.75,2017-12-28T05:00:00Z,30358,18.728418
18.25,18.7,18.1395,587,18.55,2017-12-29T05:00:00Z,86688,18.334182
18.55,19.15,18.3,545,18.3,2018-01-02T05:00:00Z,61146,18.623739
18.85,19.0,18.4,512,18.5,2018-01-03T05:00:00Z,72240,18.708007
18.9,19.05,18.7,338,19.0,2018-01-04T05:00:00Z,40994,18.875503
19.0,19.1,18.75,443,19.0,2018-01-05T05:00:00Z,51499,18.949017
19.05,19.25,18.85,740,18.85,2018-01-08T05:00:00Z,89779,19.051422
18.85,19.25,18.75,470,19.05,2018-01-09T05:00:00Z,47114,18.925191
18.75,18.95,18.6,639,18.75,2018-01-10T05:00:00Z,39058,18.777031
19.1,19.35,18.75,418,18.75,2018-01-11T05:00:00Z,48956,19.057417
19.3,19.35,19.0,645,19.2,2018-01-12T05:00:00Z,89204,19.206169
18.9,19.5,18.85,457,19.3,2018-01-16T05:00:00Z,55409,19.121978
19.15,19.2,18.65,524,18.95,2018-01-17T05:00:00Z,48790,19.068129
18.9,19.3,18.8,437,19.15,2018-01-18T05:00:00Z,41492,18.972949
19.2,19.25,18.75,264,18.9,2018-01-19T05:00:00Z,48988,19.066116
18.85,19.25,18.75,329,19.05,2018-01-22T05:00:00Z,32396,18.863762
18.8,19.0,18.6498,419,18.75,2018-01-23T05:00:00Z,43460,18.758886
18.65,19.05,18.55,541,18.75,2018-01-24T05:00:00Z,71574,18.705183
18.55,18.9,18.35,585,18.75,2018-01-25T05:00:00Z,54044,18.552876
18.85,18.85,18.3452,475,18.65,2018-01-26T05:00:00Z,53171,18.60991
18.8,18.85,18.65,326,18.75,2018-01-29T05:00:00Z,81187,18.707505
18.85,18.9,18.5,534,18.65,2018-01-30T05:00:00Z,61196,18.702749
18.5,19.695,18.45,572,18.95,2018-01-31T05:00:00Z,102949,18.538952
18.85,19.095,18.05,716,18.2,2018-02-01T05:00:00Z,83360,18.744199
18.5,18.85,18.3,711,18.75,2018-02-02T05:00:00Z,76724,18.591089
17.75,18.7,17.7,730,18.5,2018-02-05T05:00:00Z,81449,18.110151
17.7,17.9,17.1,838,17.4,2018-02-06T05:00:00Z,89500,17.51509
17.6,18.85,17.4,722,17.55,2018-02-07T05:00:00Z,75479,17.587993
16.95,17.55,16.7,927,17.55,2018-02-08T05:00:00Z,88344,17.052133
17.05,17.3,16.5,595,17.0,2018-02-09T05:00:00Z,76077,16.924946
16.95,17.125,16.55,713,17.1,2018-02-12T05:00:00Z,80773,16.891279
17.35,17.5,16.7,913,16.8,2018-02-13T05:00:00Z,125011,17.011034
17.35,17.65,17.1,638,17.1,2018-02-14T05:00:00Z,81526,17.40429
17.5,17.6,17.2,661,17.4,2018-02-15T05:00:00Z,73780,17.411525
17.45,17.75,17.35,649,17.45,2018-02-16T05:00:00Z,59275,17.477815
17.9,18.0,17.3,705,17.3,2018-02-20T05:00:00Z,65915,17.731719
17.95,18.15,17.4,582,17.85,2018-02-21T05:00:00Z,72063,17.850507
17.85,18.0,17.6,464,17.95,2018-02-22T05:00:00Z,44071,17.817269
18.0,18.15,17.8,405,18.0,2018-02-23T05:00:00Z,41785,17.929505
18.15,18.3,17.8,409,18.0,2018-02-26T05:00:00Z,41965,18.079037
17.65,18.275,17.65,375,18.15,2018-02-27T05:00:00Z,35682,17.832376
17.35,17.7,17.05,602,17.65,2018-02-28T05:00:00Z,79005,17.314891
17.75,18.05,17.15,777,17.4,2018-03-01T05:00:00Z,84038,17.5277
17.8,17.9,17.55,731,17.7,2018-03-02T05:00:00Z,48117,17.724606
17.15,18.0,16.95,448,18.0,2018-03-05T05:00:00Z,46356,17.246292
17.1,17.3,16.95,459,17.2,2018-03-06T05:00:00Z,34072,17.119915
17.6,17.7,17.0,398,17.0,2018-03-07T05:00:00Z,42322,17.492937
17.65,17.75,17.3,783,17.65,2018-03-08T05:00:00Z,41592,17.595593
18.0,18.0,17.6,595,17.8,2018-03-09T05:00:00Z,54053,17.855629
18.15,18.15,17.65,452,18.0,2018-03-12T04:00:00Z,48935,17.94106
18.05,18.35,17.925,574,18.25,2018-03-13T04:00:00Z,38497,18.062869
17.75,18.15,17.7,444,18.15,2018-03-14T04:00:00Z,35328,17.827895
17.85,18.0,17.6,527,17.8,2018-03-15T04:00:00Z,55703,17.790717
18.3,18.45,17.8,538,17.8,2018-03-16T04:00:00Z,297283,18.149495
17.9,18.15,17.3,892,18.05,2018-03-19T04:00:00Z,115469,17.7086
17.55,18.0,17.4,676,17.85,2018-03-20T04:00:00Z,90340,17.677083
17.5,17.85,17.4,470,17.55,2018-03-21T04:00:00Z,45801,17.530453
17.0,17.4,16.9,549,17.3,2018-03-22T04:00:00Z,61541,17.042585
16.3,17.0,16.215,1073,17.0,2018-03-23T04:00:00Z,168869,16.410662
16.8,16.95,16.3,667,16.55,2018-03-26T04:00:00Z,86611,16.612589
16.2,16.95,16.15,764,16.8,2018-03-27T04:00:00Z,70444,16.441964
15.9,16.25,15.75,651,16.25,2018-03-28T04:00:00Z,86692,15.959673
16.15,16.6,15.9,710,15.95,2018-03-29T04:00:00Z,507397,16.162944
16.5,16.9,16.1,854,16.1,2018-04-02T04:00:00Z,98943,16.484024
16.8,16.95,16.35,657,16.6,2018-04-03T04:00:00Z,64207,16.681639
17.0,17.05,16.5,357,16.75,2018-04-04T04:00:00Z,41542,16.896751
16.55,17.15,16.5,364,17.15,2018-04-05T04:00:00Z,48893,16.60731
16.3,16.55,16.0,484,16.55,2018-04-06T04:00:00Z,51410,16.303671
16.2,16.5,16.2,601,16.4,2018-04-09T04:00:00Z,34815,16.309245
16.75,17.0,16.2,570,16.4,2018-04-10T04:00:00Z,48203,16.693694
16.8,16.9,16.7,282,16.7,2018-04-11T04:00:00Z,28533,16.787868
16.55,16.95,16.1,470,16.85,2018-04-12T04:00:00Z,39453,16.678177
16.65,16.7,16.4295,506,16.55,2018-04-13T04:00:00Z,42530,16.578973
17.0,17.1,16.675,377,16.75,2018-04-16T04:00:00Z,38215,16.920925
17.4,17.5,16.95,606,16.95,2018-04-17T04:00:00Z,83079,17.189788
16.925,17.35,16.85,401,17.35,2018-04-18T04:00:00Z,61601,17.028614
16.75,17.0,16.7,380,16.95,2018-04-19T04:00:00Z,32965,16.845892
16.65,16.8,16.4,604,16.65,2018-04-20T04:00:00Z,66504,16.604487
16.8,16.9,16.6,474,16.6,2018-04-23T04:00:00Z,38740,16.748867
16.7,17.1,16.55,419,16.8,2018-04-24T04:00:00Z,40324,16.779875
16.55,16.85,16.5,264,16.65,2018-04-25T04:00:00Z,28825,16.60196
16.3,16.55,16.25,321,16.55,2018-04-26T04:00:00Z,22733,16.416792
15.9,16.9,15.85,569,16.35,2018-04-27T04:00:00Z,50482,16.016407
15.85,16.0,15.85,427,15.9,2018-04-30T04:00:00Z,61552,15.881692
16.0,16.2,15.8,418,15.8,2018-05-01T04:00:00Z,34457,16.009469
16.3,16.3,16.0,2,16.0,2018-05-02T04:00:00Z,2695,16.269388
17.4,17.4,16.55,2,16.55,2018-05-03T04:00:00Z,2345,17.114009
18.0,18.25,17.4,468,17.4,2018-05-04T04:00:00Z,44161,17.918074
17.8,18.1,17.6,516,17.95,2018-05-07T04:00:00Z,44925,17.754814
18.0,18.1,17.7,429,17.75,2018-05-08T04:00:00Z,30581,17.922374
18.1,18.35,18.05,272,18.1,2018-05-09T04:00:00Z,26838,18.138266
18.1,18.2,17.95,231,18.1,2018-05-10T04:00:00Z,17273,18.052113
18.2,18.3,18.005,278,18.15,2018-05-11T04:00:00Z,27440,18.186408
17.85,18.25,17.7,499,18.15,2018-05-14T04:00:00Z,59156,17.90359
17.7,17.85,17.5,431,17.75,2018-05-15T04:00:00Z,44491,17.685236
17.85,18.05,17.7,387,17.8,2018-05-16T04:00:00Z,53687,17.880724
17.9,18.1,17.8,333,17.9,2018-05-17T04:00:00Z,35547,17.90683
17.95,18.2,17.8,269,18.0,2018-05-18T04:00:00Z,46544,17.960185
18.1,18.2,17.95,220,18.05,2018-05-21T04:00:00Z,19129,18.092893
17.9,18.245,17.75,353,18.1,2018-05-22T04:00:00Z,29336,17.942376
18.55,18.55,17.75,417,17.85,2018-05-23T04:00:00Z,35075,18.371417
18.45,18.65,18.35,355,18.5,2018-05-24T04:00:00Z,42332,18.524564
18.25,18.5,18.05,446,18.4,2018-05-25T04:00:00Z,37222,18.27371
18.7,18.75,18.15,387,18.15,2018-05-29T04:00:00Z,38839,18.558453
18.8,19.0,18.6,702,18.8,2018-05-30T04:00:00Z,57897,18.887362
18.7,18.95,18.6,475,18.85,2018-05-31T04:00:00Z,48695,18.736985
19.0,19.05,18.65,536,18.75,2018-06-01T04:00:00Z,51505,18.965414
19.3,19.45,19.1,449,19.1,2018-06-04T04:00:00Z,53764,19.300552
19.55,19.7,19.2,424,19.2,2018-06-05T04:00:00Z,56534,19.44804
19.5,19.6,19.4,428,19.6,2018-06-06T04:00:00Z,70737,19.52209
19.3,19.7,19.2,445,19.55,2018-06-07T04:00:00Z,33813,19.359827
19.1,19.4,19.05,362,19.25,2018-06-08T04:00:00Z,34163,19.203656
19.0,19.2575,19.0,331,19.1,2018-06-11T04:00:00Z,35253,19.092918
18.8,19.05,18.725,355,19.0,2018-06-12T04:00:00Z,39565,18.900416
18.5,18.85,18.45,364,18.85,2018-06-13T04:00:00Z,45122,18.594314
18.6,18.8,18.4,480,18.6,2018-06-14T04:00:00Z,54861,18.529499
19.35,19.45,18.55,708,18.55,2018-06-15T04:00:00Z,139719,19.058686
19.25,19.525,18.95,559,19.2,2018-06-18T04:00:00Z,49084,19.192659
19.15,19.3,18.6,287,19.15,2018-06-19T04:00:00Z,41268,19.038344
19.2,19.6,18.95,318,19.15,2018-06-20T04:00:00Z,39168,19.180888
19.1,19.25,18.95,336,19.25,2018-06-21T04:00:00Z,33437,19.073139
19.0,19.275,18.8,298,19.15,2018-06-22T04:00:00Z,189630,19.004389
18.85,19.05,18.7,332,18.85,2018-06-25T04:00:00Z,30930,18.846509
19.2,19.25,18.9,392,18.95,2018-06-26T04:00:00Z,31221,19.134917
18.75,19.2,18.6,546,19.2,2018-06-27T04:00:00Z,59361,18.857894
18.6,18.85,18.5,541,18.75,2018-06-28T04:00:00Z,46082,18.685274
18.3,18.7,18.3,324,18.6,2018-06-29T04:00:00Z,46737,18.390567
19.4,19.4177,18.25,600,18.25,2018-07-02T04:00:00Z,58062,19.103204
19.4,19.8,19.3,320,19.4,2018-07-03T04:00:00Z,40988,19.577568
20.05,20.15,19.5,659,19.5,2018-07-05T04:00:00Z,58107,19.937941
20.2,20.3,20.045,387,20.05,2018-07-06T04:00:00Z,30552,20.173225
20.1,20.3,20.05,398,20.3,2018-07-09T04:00:00Z,24091,20.136576
20.0,20.35,20.0,268,20.1,2018-07-10T04:00:00Z,29595,20.101229
19.7,20.1,19.55,425,19.75,2018-07-11T04:00:00Z,46110,19.856694
19.65,19.9,19.65,361,19.85,2018-07-12T04:00:00Z,34942,19.747271
19.35,19.8,19.3,402,19.65,2018-07-13T04:00:00Z,48522,19.555444
19.65,20.0,19.35,547,19.35,2018-07-16T04:00:00Z,56043,19.737523
19.7,20.1,19.6,346,19.6,2018-07-17T04:00:00Z,36222,19.829864
19.8,20.05,19.6,273,19.6,2018-07-18T04:00:00Z,30577,19.823102
20.05,20.2,19.7,288,19.7,2018-07-19T04:00:00Z,42497,20.030328
20.0,20.2,19.95,171,20.05,2018-07-20T04:00:00Z,27880,20.042953
19.95,20.185,19.75,249,20.0,2018-07-23T04:00:00Z,25864,19.992705
19.7,20.1,19.7,322,20.0,2018-07-24T04:00:00Z,31887,19.846553
19.75,19.9,19.6,334,19.75,2018-07-25T04:00:00Z,36056,19.733439
20.25,20.6,19.7,509,19.7,2018-07-26T04:00:00Z,62726,20.283887
20.05,20.35,20.0,250,20.2,2018-07-27T04:00:00Z,33633,20.130726
20.0,20.6,19.9,496,20.05,2018-07-30T04:00:00Z,48873,20.274282
20.35,20.9,20.0,452,20.0,2018-07-31T04:00:00Z,68033,20.378549
20.2,20.55,20.15,528,20.35,2018-08-01T04:00:00Z,59664,20.266799
19.4,20.35,19.1,581,20.0,2018-08-02T04:00:00Z,67620,19.815951
19.75,19.95,19.1,689,19.45,2018-08-03T04:00:00Z,62718,19.502907
20.3,20.55,19.65,883,19.7,2018-08-06T04:00:00Z,46785,20.179841
20.1,20.65,20.0,306,20.4,2018-08-07T04:00:00Z,26255,20.21969
19.85,20.05,19.75,268,20.05,2018-08-08T04:00:00Z,37585,19.858557
19.6,20.1,19.55,458,19.9426,2018-08-09T04:00:00Z,41182,19.809574
19.5,19.7,19.35,573,19.55,2018-08-10T04:00:00Z,46392,19.520674
20.1,20.3,19.6,436,19.6,2018-08-13T04:00:00Z,50356,19.947737
20.6,20.8,20.1,457,20.2,2018-08-14T04:00:00Z,36964,20.501656
19.95,20.5,19.75,461,20.5,2018-08-15T04:00:00Z,38090,20.055593
19.9,20.3912,19.85,454,20.05,2018-08-16T04:00:00Z,40342,19.987457
19.7,19.95,19.45,366,19.8,2018-08-17T04:00:00Z,51579,19.716338
20.05,20.0979,19.6,325,19.75,2018-08-20T04:00:00Z,24070,19.902668
20.0,20.4,19.9,259,20.0,2018-08-21T04:00:00Z,28452,20.083947
20.0,20.1,19.95,481,19.95,2018-08-22T04:00:00Z,50594,20.001498
20.0,20.1,19.85,390,19.95,2018-08-23T04:00:00Z,38987,19.967539
19.9,20.05,19.85,297,20.05,2018-08-24T04:00:00Z,32918,19.947179
19.8,20.05,19.75,232,20.0,2018-08-27T04:00:00Z,24473,19.828037
19.75,19.85,19.3,328,19.85,2018-08-28T04:00:00Z,48394,19.604314
19.55,19.7,19.475,294,19.6,2018-08-29T04:00:00Z,36572,19.549078
19.6,19.75,19.35,266,19.5,2018-08-30T04:00:00Z,26082,19.594783
19.8,19.9,19.5,193,19.5,2018-08-31T04:00:00Z,31810,19.766023
19.5,19.8,19.4,319,19.8,2018-09-04T04:00:00Z,30204,19.503239
19.0,19.5,17.8765,424,19.5,2018-09-05T04:00:00Z,46045,18.853054
18.95,19.2,18.9,368,19.0,2018-09-06T04:00:00Z,36458,18.969797
19.3,19.35,18.95,268,18.95,2018-09-07T04:00:00Z,34368,19.214258
19.05,19.35,18.95,277,19.3,2018-09-10T04:00:00Z,28704,19.109667
19.05,19.35,19.0,391,19.175,2018-09-11T04:00:00Z,34323,19.123265
19.1,19.25,19.0,295,19.1,2018-09-12T04:00:00Z,45236,19.131911
19.05,19.3,19.0,334,19.15,2018-09-13T04:00:00Z,21936,19.164982
19.15,19.45,19.0,370,19.0,2018-09-14T04:00:00Z,49002,19.231423
18.85,19.45,18.85,383,19.1,2018-09-17T04:00:00Z,45997,19.013094
19.2,19.5,18.95,944,18.95,2018-09-18T04:00:00Z,112667,19.216805
19.0,19.75,18.9,540,19.15,2018-09-19T04:00:00Z,50792,19.189176
19.4,19.6,19.1,419,19.1,2018-09-20T04:00:00Z,33870,19.422444
19.7,19.85,19.35,357,19.35,2018-09-21T04:00:00Z,204236,19.554002
19.45,19.75,19.3,438,19.6,2018-09-24T04:00:00Z,42475,19.508103
19.2,19.6,19.15,493,19.45,2018-09-25T04:00:00Z,38939,19.352335
19.25,19.52,19.0,372,19.15,2018-09-26T04:00:00Z,31326,19.332512
19.3,19.525,19.25,381,19.25,2018-09-27T04:00:00Z,36467,19.361119
19.65,19.85,19.15,452,19.2,2018-09-28T04:00:00Z,44551,19.591084
19.28,19.98,19.26,493,19.7,2018-10-01T04:00:00Z,46983,19.570982
19.58,19.72,19.23,638,19.23,2018-10-02T04:00:00Z,46431,19.53751
19.89,20.18,19.6,233,19.6,2018-10-03T04:00:00Z,28339,19.968275
20.09,20.19,19.67,393,19.82,2018-10-04T04:00:00Z,41618,19.953169
19.92,20.1,19.54,376,20.1,2018-10-05T04:00:00Z,34835,19.888153
19.87,20.09,19.81,433,19.86,2018-10-08T04:00:00Z,34948,19.937595
19.94,20.17,19.86,411,19.86,2018-10-09T04:00:00Z,51450,20.007072
18.92,20.1899,18.9,606,19.87,2018-10-10T04:00:00Z,78915,19.415482
18.75,19.15,18.39,729,18.8,2018-10-11T04:00:00Z,82891,18.791831
18.02,19.05,17.74,710,19.05,2018-10-12T04:00:00Z,72734,18.242711
18.07,18.5,17.95,488,18.03,2018-10-15T04:00:00Z,43370,18.19932
18.69,18.765,18.03,623,18.16,2018-10-16T04:00:00Z,71597,18.574387
18.79,18.83,18.46,396,18.58,2018-10-17T04:00:00Z,53590,18.712294
18.05,18.82,18.02,427,18.75,2018-10-18T04:00:00Z,49673,18.301021
18.07,18.2,17.82,562,18.01,2018-10-19T04:00:00Z,60990,18.057149
18.22,18.63,18.09,495,18.16,2018-10-22T04:00:00Z,44332,18.376449
18.74,18.84,17.84,547,17.95,2018-10-23T04:00:00Z,65306,18.440066
18.2,19.11,18.15,536,19.07,2018-10-24T04:00:00Z,58497,18.595711
18.27,18.8989,17.6,746,18.28,2018-10-25T04:00:00Z,73476,18.264857
18.22,18.86,17.87,574,18.02,2018-10-26T04:00:00Z,57442,18.295266
18.09,18.8,17.79,537,18.43,2018-10-29T04:00:00Z,49586,18.347505
18.57,18.9679,18.08,677,18.08,2018-10-30T04:00:00Z,69579,18.61631
18.4,19.0,18.31,621,18.78,2018-10-31T04:00:00Z,58212,18.57227
18.75,19.06,18.44,431,18.44,2018-11-01T04:00:00Z,46051,18.830769
19.12,19.2337,18.78,461,18.78,2018-11-02T04:00:00Z,42876,19.065786
19.04,19.4232,18.73,456,19.11,2018-11-05T05:00:00Z,41214,19.07981
18.99,19.67,18.76,763,19.01,2018-11-06T05:00:00Z,49516,19.170204
17.96,18.89,16.85,842,17.9789,2018-11-07T05:00:00Z,92997,18.050042
18.02,18.4,17.72,582,17.72,2018-11-08T05:00:00Z,78472,18.131013
17.93,18.2,17.86,650,18.0,2018-11-09T05:00:00Z,67569,18.008504
17.44,18.2799,17.41,761,17.89,2018-11-12T05:00:00Z,72752,17.635626
17.42,18.145,17.15,768,17.51,2018-11-13T05:00:00Z,103855,17.685998
17.2,17.88,17.16,668,17.51,2018-11-14T05:00:00Z,86922,17.43735
17.44,17.71,17.14,791,17.14,2018-11-15T05:00:00Z,73539,17.473361
17.4,17.65,17.29,633,17.29,2018-11-16T05:00:00Z,81182,17.395508
17.01,17.57,16.96,573,17.34,2018-11-19T05:00:00Z,61704,17.18516
16.75,17.3,16.75,672,16.84,2018-11-20T05:00:00Z,66180,16.973655
17.11,17.6,16.81,552,16.81,2018-11-21T05:00:00Z,54217,17.160766
17.25,17.68,16.97,309,16.97,2018-11-23T05:00:00Z,37761,17.422935
17.25,17.57,16.78,622,17.38,2018-11-26T05:00:00Z,78584,17.308881
17.05,17.61,16.98,623,17.11,2018-11-27T05:00:00Z,67948,17.194797
17.61,17.68,16.73,1151,17.08,2018-11-28T05:00:00Z,109428,17.372157
17.87,18.22,17.44,841,17.44,2018-11-29T05:00:00Z,111438,17.938535
17.64,18.04,17.58,892,17.88,2018-11-30T05:00:00Z,107214,17.685676
17.86,17.95,17.575,605,17.75,2018-12-03T05:00:00Z,72667,17.789709
17.0,17.985,16.98,921,17.74,2018-12-04T05:00:00Z,107703,17.325673
16.88,17.14,16.57,965,16.78,2018-12-06T05:00:00Z,72191,16.822877
16.55,17.68,16.42,751,16.81,2018-12-07T05:00:00Z,86806,16.650644
16.67,16.71,15.7001,616,16.47,2018-12-10T05:00:00Z,58170,16.479203
16.28,16.94,16.08,767,16.85,2018-12-11T05:00:00Z,75370,16.372972
16.5,17.0,16.37,873,16.45,2018-12-12T05:00:00Z,94579,16.691839
16.31,16.66,16.27,579,16.49,2018-12-13T05:00:00Z,69518,16.410094
16.22,16.43,15.97,666,16.13,2018-12-14T05:00:00Z,64745,16.226507
15.71,16.35,15.63,1061,16.19,2018-12-17T05:00:00Z,103746,15.981182
15.76,16.44,15.74,1049,15.8,2018-12-18T05:00:00Z,103933,15.975495
15.67,16.23,15.6,719,15.78,2018-12-19T05:00:00Z,75937,15.891293
15.26,15.89,15.18,934,15.67,2018-12-20T05:00:00Z,86881,15.439759
14.93,15.5387,13.51,1044,15.3,2018-12-21T05:00:00Z,286083,15.062792
14.96,15.29,14.9,550,14.9,2018-12-24T05:00:00Z,41790,15.107132
15.69,15.73,14.95,778,14.99,2018-12-26T05:00:00Z,87522,15.426617
15.23,15.7,14.99,782,15.43,2018-12-27T05:00:00Z,89071,15.253655
15.4,15.66,15.23,669,15.23,2018-12-28T05:00:00Z,65975,15.412091
15.49,15.53,15.29,515,15.51,2018-12-31T05:00:00Z,54682,15.444568
15.66,15.77,15.33,634,15.33,2019-01-02T05:00:00Z,77934,15.630141
15.04,15.58,15.01,622,15.55,2019-01-03T05:00:00Z,68519,15.229862
15.55,15.73,15.01,626,15.25,2019-01-04T05:00:00Z,75448,15.541018
15.63,15.85,15.44,643,15.55,2019-01-07T05:00:00Z,92392,15.626418
15.66,15.87,15.51,641,15.78,2019-01-08T05:00:00Z,61774,15.67717
15.75,16.26,15.6911,785,15.77,2019-01-09T05:00:00Z,67793,15.851435
15.88,15.9,15.54,1206,15.58,2019-01-10T05:00:00Z,115325,15.702389
15.85,15.98,15.67,908,15.79,2019-01-11T05:00:00Z,70169,15.841574
15.47,16.23,15.44,808,15.78,2019-01-14T05:00:00Z,88507,15.745798
15.54,15.85,15.41,911,15.48,2019-01-15T05:00:00Z,73367,15.550257
16.04,16.08,15.5,977,15.5,2019-01-16T05:00:00Z,109418,15.931528
16.19,16.35,15.97,928,15.97,2019-01-17T05:00:00Z,93076,16.192134
16.5,16.57,16.19,705,16.26,2019-01-18T05:00:00Z,132208,16.432717
16.52,17.01,16.44,992,16.45,2019-01-22T05:00:00Z,97877,16.60927
16.21,16.88,15.915,860,16.58,2019-01-23T05:00:00Z,75214,16.419276
16.36,16.67,16.21,681,16.21,2019-01-24T05:00:00Z,68620,16.449013
16.22,16.61,16.12,735,16.36,2019-01-25T05:00:00Z,64644,16.299447
15.98,16.26,15.87,550,16.07,2019-01-28T05:00:00Z,50449,16.032608
15.95,16.02,15.78,510,16.01,2019-01-29T05:00:00Z,56402,15.928346
15.96,16.14,15.87,604,16.04,2019-01-30T05:00:00Z,57569,15.979765
16.17,16.24,15.585,745,15.86,2019-01-31T05:00:00Z,64283,16.078619
16.22,16.34,16.07,569,16.07,2019-02-01T05:00:00Z,47425,16.23949
16.25,16.42,16.21,604,16.23,2019-02-04T05:00:00Z,47889,16.28217
16.44,16.5461,16.28,553,16.4029,2019-02-05T05:00:00Z,45325,16.44659
16.67,16.86,16.45,887,16.45,2019-02-06T05:00:00Z,55720,16.664982
15.94,16.53,15.83,1190,16.38,2019-02-07T05:00:00Z,109271,15.990535
15.82,16.02,15.51,953,15.93,2019-02-08T05:00:00Z,84727,15.745617
15.82,15.85,15.54,667,15.72,2019-02-11T05:00:00Z,56479,15.737565
16.16,16.26,15.93,614,15.93,2019-02-12T05:00:00Z,51965,16.122155
16.43,16.48,16.23,672,16.37,2019-02-13T05:00:00Z,53433,16.374026
16.23,16.55,16.15,1469,16.36,2019-02-14T05:00:00Z,207897,16.39181
16.39,16.59,16.29,423,16.34,2019-02-15T05:00:00Z,56257,16.417806
16.18,16.47,16.12,811,16.37,2019-02-19T05:00:00Z,78518,16.195701
16.29,16.44,16.16,1175,16.17,2019-02-20T05:00:00Z,71886,16.284514
16.28,16.32,15.52,884,15.52,2019-02-21T05:00:00Z,54827,16.227859
16.45,16.46,16.25,565,16.28,2019-02-22T05:00:00Z,57733,16.364869
16.19,16.79,16.18,838,16.47,2019-02-25T05:00:00Z,103097,16.30019
16.07,16.25,16.0375,512,16.2,2019-02-26T05:00:00Z,61518,16.107511
15.75,16.05,15.7,654,15.97,2019-02-27T05:00:00Z,45517,15.810211
15.5,15.71,15.36,856,15.71,2019-02-28T05:00:00Z,67285,15.499559
15.56,15.61,15.36,583,15.48,2019-03-01T05:00:00Z,35813,15.524242
15.78,15.885,15.4401,1248,15.69,2019-03-04T05:00:00Z,206003,15.648264
16.0,16.045,15.63,785,15.8,2019-03-05T05:00:00Z,204287,15.887196
15.96,16.13,15.865,1405,16.05,2019-03-06T05:00:00Z,113354,15.956472
15.96,15.99,15.73,710,15.83,2019-03-07T05:00:00Z,75689,15.890632
16.01,16.09,15.855,1179,15.92,2019-03-08T05:00:00Z,98710,15.993864
16.46,16.46,15.94,734,16.05,2019-03-11T04:00:00Z,60306,16.318664
16.42,16.485,16.32,793,16.45,2019-03-12T04:00:00Z,66630,16.400949
16.57,16.68,16.31,811,16.48,2019-03-13T04:00:00Z,62325,16.559048
16.49,16.58,15.9801,1681,16.58,2019-03-14T04:00:00Z,234552,16.482978
16.6,16.87,16.5,1034,16.6,2019-03-15T04:00:00Z,542280,16.616869
16.8,16.84,16.37,672,16.37,2019-03-18T04:00:00Z,53121,16.730327
16.75,16.89,16.65,493,16.89,2019-03-19T04:00:00Z,44755,16.735571
16.71,16.95,16.38,780,16.71,2019-03-20T04:00:00Z,101029,16.686282
16.87,17.13,16.72,856,16.72,2019-03-21T04:00:00Z,97745,16.922743
16.11,17.0625,16.08,568,16.77,2019-03-22T04:00:00Z,71804,16.341313
16.18,16.23,15.94,801,16.06,2019-03-25T04:00:00Z,58901,16.138955
16.08,16.38,15.99,918,16.19,2019-03-26T04:00:00Z,42965,16.110769
15.86,16.055,15.76,411,15.99,2019-03-27T04:00:00Z,33748,15.882373
15.52,15.93,15.48,725,15.92,2019-03-28T04:00:00Z,32350,15.594229
15.49,15.75,15.42,1484,15.64,2019-03-29T04:00:00Z,304750,15.505803
16.38,16.4,15.61,1074,15.61,2019-04-01T04:00:00Z,84545,16.203095
16.08,16.29,15.82,694,16.29,2019-04-02T04:00:00Z,56844,16.006014
16.26,16.32,16.0079,620,16.2,2019-04-03T04:00:00Z,93228,16.243187
16.42,16.46,16.23,604,16.27,2019-04-04T04:00:00Z,50746,16.382764
16.39,16.58,16.27,901,16.42,2019-04-05T04:00:00Z,63639,16.388424
16.34,16.425,16.31,660,16.35,2019-04-08T04:00:00Z,43811,16.352265
16.19,16.39,16.17,523,16.265,2019-04-09T04:00:00Z,64085,16.263341
16.37,16.4,16.08,951,16.19,2019-04-10T04:00:00Z,51736,16.276588
16.26,16.4,16.215,311,16.215,2019-04-11T04:00:00Z,27540,16.283448
16.09,16.31,16.01,388,16.31,2019-04-12T04:00:00Z,32724,16.12678
15.95,16.08,15.8,529,16.02,2019-04-15T04:00:00Z,52247,15.95034
16.07,16.1499,15.95,468,15.99,2019-04-16T04:00:00Z,31032,16.053291
16.33,16.4,16.075,604,16.19,2019-04-17T04:00:00Z,57411,16.274465
16.04,16.4,15.945,285,16.28,2019-04-18T04:00:00Z,30596,16.215722
15.37,15.98,15.1,852,15.94,2019-04-22T04:00:00Z,57435,15.360842
15.54,15.86,15.31,490,15.48,2019-04-23T04:00:00Z,53632,15.603011
15.76,15.98,15.46,520,15.46,2019-04-24T04:00:00Z,78680,15.798337
15.32,15.71,15.32,413,15.71,2019-04-25T04:00:00Z,34574,15.430122
15.28,15.32,15.09,474,15.28,2019-04-26T04:00:00Z,34040,15.267016
15.31,15.57,15.24,565,15.39,2019-04-29T04:00:00Z,29435,15.337203
15.13,15.3,14.91,448,15.3,2019-04-30T04:00:00Z,72808,15.104877
15.04,15.4542,14.95,734,15.4542,2019-05-01T04:00:00Z,37521,15.116997
14.75,15.205,14.73,437,15.115,2019-05-02T04:00:00Z,21395,14.834214
15.08,15.17,14.76,416,14.76,2019-05-03T04:00:00Z,37850,15.054559
15.15,15.24,14.81,516,14.81,2019-05-06T04:00:00Z,40952,15.106293
14.8,15.13,14.615,495,15.09,2019-05-07T04:00:00Z,49686,14.772288
15.67,16.05,15.34,667,15.41,2019-05-08T04:00:00Z,109765,15.686331
15.67,15.725,15.35,535,15.65,2019-05-09T04:00:00Z,102986,15.558926
15.56,15.67,15.34,338,15.67,2019-05-10T04:00:00Z,26557,15.554912
15.18,15.39,15.03,559,15.39,2019-05-13T04:00:00Z,47995,15.16835
15.61,15.61,15.12,515,15.2,2019-05-14T04:00:00Z,53339,15.46739
15.61,15.69,15.44,333,15.44,2019-05-15T04:00:00Z,27391,15.597569
15.78,15.8,15.45,568,15.63,2019-05-16T04:00:00Z,50272,15.663061
15.66,15.75,15.55,533,15.64,2019-05-17T04:00:00Z,58638,15.665647
15.38,15.63,15.32,441,15.45,2019-05-20T04:00:00Z,23846,15.427245
16.03,16.11,15.37,658,15.49,2019-05-21T04:00:00Z,116227,15.839864
16.0,16.19,15.7,563,16.0,2019-05-22T04:00:00Z,33108,15.997986
15.98,16.04,15.54,967,15.84,2019-05-23T04:00:00Z,126628,15.898351
16.01,16.1,15.955,564,16.09,2019-05-24T04:00:00Z,42968,16.008702
16.02,16.12,15.92,521,15.92,2019-05-28T04:00:00Z,86313,16.043747
15.38,16.08,15.36,901,15.84,2019-05-29T04:00:00Z,97054,15.782847
15.0,15.72,14.8,522,15.55,2019-05-30T04:00:00Z,72613,14.974795
14.25,14.74,14.13,626,14.74,2019-05-31T04:00:00Z,100885,14.39312
14.47,14.645,14.17,1181,14.29,2019-06-03T04:00:00Z,84279,14.43394
14.52,14.64,14.3,909,14.64,2019-06-04T04:00:00Z,108261,14.464666
14.36,14.61,14.32,602,14.59,2019-06-05T04:00:00Z,54860,14.420134
14.23,14.41,13.99,639,14.29,2019-06-06T04:00:00Z,132504,14.200038
14.75,14.85,14.25,840,14.25,2019-06-07T04:00:00Z,76308,14.725822
14.78,14.99,14.69,398,14.74,2019-06-10T04:00:00Z,30639,14.806058
15.43,15.49,14.76,1335,14.76,2019-06-11T04:00:00Z,171617,15.190237
15.33,15.46,15.135,920,15.4,2019-06-12T04:00:00Z,111148,15.325059
15.55,15.58,15.22,685,15.38,2019-06-13T04:00:00Z,59657,15.450011
15.02,15.48,14.97,542,15.48,2019-06-14T04:00:00Z,55178,15.221967
14.77,15.08,14.71,383,14.96,2019-06-17T04:00:00Z,44525,14.818182
14.98,15.29,14.8423,798,14.95,2019-06-18T04:00:00Z,66360,15.067375
14.89,15.06,14.83,374,14.91,2019-06-19T04:00:00Z,41293,14.910959
15.06,15.1,14.86,385,15.04,2019-06-20T04:00:00Z,42089,15.028151
15.54,15.67,14.88,651,14.88,2019-06-21T04:00:00Z,146779,15.279037
15.49,15.7512,15.48,967,15.54,2019-06-24T04:00:00Z,95161,15.626859
15.47,15.64,15.23,583,15.47,2019-06-25T04:00:00Z,41127,15.498163
15.58,15.7499,15.42,988,15.5,2019-06-26T04:00:00Z,79473,15.606484
16.08,16.1,15.59,634,15.59,2019-06-27T04:00:00Z,73028,15.934358
16.24,16.39,16.1,777,16.1,2019-06-28T04:00:00Z,245333,16.243484
15.99,16.78,15.9,808,16.25,2019-07-01T04:00:00Z,75141,16.109198
15.6,15.92,15.42,598,15.88,2019-07-02T04:00:00Z,37534,15.679781
15.68,15.7,15.4,285,15.64,2019-07-03T04:00:00Z,21939,15.613655
15.72,15.79,15.49,430,15.62,2019-07-05T04:00:00Z,40449,15.644862
15.0,15.62,14.98,658,15.56,2019-07-08T04:00:00Z,44607,15.140438
15.08,15.09,14.59,819,14.92,2019-07-09T04:00:00Z,58691,14.906337
15.01,15.28,14.97,823,15.14,2019-07-10T04:00:00Z,51298,15.085447
15.07,15.16,14.97,607,14.98,2019-07-11T04:00:00Z,51797,15.044692
15.36,15.44,15.01,783,15.02,2019-07-12T04:00:00Z,74061,15.220145
15.68,15.68,15.17,739,15.49,2019-07-15T04:00:00Z,86696,15.431232
15.71,15.91,15.65,585,15.65,2019-07-16T04:00:00Z,62612,15.789159
15.36,15.82,14.99,1027,15.68,2019-07-17T04:00:00Z,57817,15.490689
15.55,15.56,15.25,1034,15.37,2019-07-18T04:00:00Z,61157,15.461045
15.49,15.82,15.45,642,15.46,2019-07-19T04:00:00Z,44762,15.551807
15.37,15.67,15.1812,522,15.49,2019-07-22T04:00:00Z,46267,15.425457
15.38,15.495,15.28,408,15.38,2019-07-23T04:00:00Z,35292,15.374052
15.69,15.82,15.26,1078,15.26,2019-07-24T04:00:00Z,80310,15.669923
15.73,15.73,15.27,770,15.7,2019-07-25T04:00:00Z,56887,15.593625
16.11,16.2,15.73,579,15.73,2019-07-26T04:00:00Z,53800,16.087663
16.33,16.51,16.01,763,16.09,2019-07-29T04:00:00Z,86515,16.26156
16.3,16.54,16.14,798,16.21,2019-07-30T04:00:00Z,55750,16.373989
15.9,16.46,15.88,986,16.28,2019-07-31T04:00:00Z,90804,16.05416
15.67,16.42,15.5,675,16.12,2019-08-01T04:00:00Z,69752,15.761783
15.22,15.61,15.1,554,15.49,2019-08-02T04:00:00Z,42461,15.273306
14.88,15.22,14.7,789,15.08,2019-08-05T04:00:00Z,66969,14.93254
14.65,15.0,14.5,1013,14.91,2019-08-06T04:00:00Z,75541,14.791835
14.67,14.85,14.44,644,14.44,2019-08-07T04:00:00Z,40976,14.697429
15.04,15.14,14.8,636,14.8,2019-08-08T04:00:00Z,56101,15.030969
14.6,14.98,14.5725,534,14.98,2019-08-09T04:00:00Z,50696,14.669491
14.41,14.66,14.38,550,14.6,2019-08-12T04:00:00Z,48525,14.470224
14.55,14.9295,14.36,529,14.39,2019-08-13T04:00:00Z,27853,14.598788
13.87,14.25,13.86,485,14.25,2019-08-14T04:00:00Z,40144,13.946653
13.67,13.9699,13.53,365,13.92,2019-08-15T04:00:00Z,37443,13.676364
14.3,14.36,13.8,1050,13.8,2019-08-16T04:00:00Z,132170,14.194195
14.39,14.9285,14.34,525,14.57,2019-08-19T04:00:00Z,35078,14.436191
14.43,14.51,14.29,424,14.29,2019-08-20T04:00:00Z,21628,14.418663
14.45,14.73,14.35,619,14.56,2019-08-21T04:00:00Z,49608,14.484878
14.35,14.91,14.34,843,14.51,2019-08-22T04:00:00Z,72801,14.477536
13.55,14.46,13.5,727,14.2,2019-08-23T04:00:00Z,55828,13.634839
13.31,13.7,13.27,618,13.68,2019-08-26T04:00:00Z,35414,13.373049
13.0,13.5,12.95,692,13.44,2019-08-27T04:00:00Z,75631,13.079318
13.14,13.25,12.9354,515,12.98,2019-08-28T04:00:00Z,48761,13.126522
13.55,13.91,13.32,643,13.36,2019-08-29T04:00:00Z,58237,13.425401
13.21,13.63,13.2,499,13.63,2019-08-30T04:00:00Z,40726,13.270315
12.72,13.28,12.48,632,12.94,2019-09-03T04:00:00Z,70590,12.785594
12.58,12.88,12.53,515,12.88,2019-09-04T04:00:00Z,31013,12.642421
13.26,13.46,12.75,709,12.79,2019-09-05T04:00:00Z,67181,13.207467
13.43,13.65,13.21,575,13.38,2019-09-06T04:00:00Z,45595,13.473983
13.77,13.9,13.21,814,13.25,2019-09-09T04:00:00Z,86351,13.598418
14.52,14.73,13.455,852,13.75,2019-09-10T04:00:00Z,59274,14.333403
15.26,15.38,14.61,1120,14.61,2019-09-11T04:00:00Z,99454,15.112495
15.31,15.44,14.9,1199,15.04,2019-09-12T04:00:00Z,100875,15.223283
15.76,15.89,15.34,1097,15.34,2019-09-13T04:00:00Z,83385,15.624077
15.92,16.25,15.65,1121,15.65,2019-09-16T04:00:00Z,80457,16.008135
15.91,16.0,15.65,912,15.8,2019-09-17T04:00:00Z,61075,15.87233
15.5,16.015,15.44,1748,15.96,2019-09-18T04:00:00Z,81768,15.644415
15.05,15.6171,15.02,1265,15.38,2019-09-19T04:00:00Z,73225,15.303443
14.96,15.24,14.62,1406,15.05,2019-09-20T04:00:00Z,339051,14.970535
15.05,15.24,14.73,862,14.77,2019-09-23T04:00:00Z,62126,15.08358
14.91,15.29,14.83,1099,15.11,2019-09-24T04:00:00Z,74872,15.020843
15.13,15.14,14.92,780,14.92,2019-09-25T04:00:00Z,75439,15.069601
14.97,15.33,14.97,751,15.01,2019-09-26T04:00:00Z,62478,15.053752
14.84,15.23,14.78,1506,15.08,2019-09-27T04:00:00Z,85093,14.969888
14.51,15.03,14.49,761,14.9,2019-09-30T04:00:00Z,57439,14.638006
14.23,14.82,14.17,949,14.59,2019-10-01T04:00:00Z,58981,14.394617
13.99,14.14,13.88,1052,14.05,2019-10-02T04:00:00Z,73092,13.993049
13.88,14.05,13.66,977,13.87,2019-10-03T04:00:00Z,69976,13.900762
14.12,14.155,13.89,651,13.89,2019-10-04T04:00:00Z,55989,14.032369
14.18,14.4,14.06,1097,14.1,2019-10-07T04:00:00Z,66810,14.250963
14.12,14.225,13.99,1153,14.06,2019-10-08T04:00:00Z,60113,14.103701
14.33,14.43,14.1505,924,14.28,2019-10-09T04:00:00Z,70707,14.308202
14.39,14.68,14.345,1124,14.38,2019-10-10T04:00:00Z,89847,14.435158
14.76,15.05,14.51,1540,14.51,2019-10-11T04:00:00Z,76200,14.868978
14.78,14.795,14.65,683,14.67,2019-10-14T04:00:00Z,39351,14.750309
15.09,15.17,14.76,654,14.78,2019-10-15T04:00:00Z,45058,15.067757
14.86,15.28,14.84,763,15.05,2019-10-16T04:00:00Z,40470,15.049669
15.0,15.11,14.8943,581,14.95,2019-10-17T04:00:00Z,46237,14.987611
15.03,15.12,14.87,861,14.88,2019-10-18T04:00:00Z,47724,14.988776
15.15,15.54,15.1,809,15.11,2019-10-21T04:00:00Z,66428,15.224745
15.14,15.23,15.05,650,15.11,2019-10-22T04:00:00Z,82379,15.142354
15.25,15.35,15.0801,493,15.17,2019-10-23T04:00:00Z,33686,15.257713
15.17,15.37,15.08,594,15.32,2019-10-24T04:00:00Z,36886,15.167921
15.0,15.3,14.97,290,15.18,2019-10-25T04:00:00Z,21481,15.09702
15.26,15.31,15.0388,553,15.0388,2019-10-28T04:00:00Z,29417,15.228607
15.18,15.225,15.08,478,15.14,2019-10-29T04:00:00Z,34889,15.161332
15.17,15.2,14.89,657,15.18,2019-10-30T04:00:00Z,41384,15.104157
14.86,15.09,14.815,535,15.08,2019-10-31T04:00:00Z,48504,14.864989
15.09,15.15,14.82,606,14.82,2019-11-01T04:00:00Z,42100,15.085783
15.45,15.4996,15.25,791,15.25,2019-11-04T05:00:00Z,45184,15.425883
15.34,15.545,15.33,833,15.49,2019-11-05T05:00:00Z,70395,15.414752
17.54,17.82,15.44,2117,15.5,2019-11-06T05:00:00Z,209485,16.952798
17.82,18.075,17.08,1741,17.5,2019-11-07T05:00:00Z,136840,17.561165
18.02,18.44,17.71,986,17.79,2019-11-08T05:00:00Z,82082,18.09065
18.33,18.49,17.9961,644,18.01,2019-11-11T05:00:00Z,43917,18.29151
17.81,18.34,17.75,802,18.34,2019-11-12T05:00:00Z,48723,17.905152
17.26,17.75,17.24,867,17.75,2019-11-13T05:00:00Z,58573,17.372399
17.34,17.56,17.25,464,17.25,2019-11-14T05:00:00Z,42071,17.339728
17.3,17.54,17.2176,315,17.5,2019-11-15T05:00:00Z,37777,17.373314
17.27,17.37,17.19,572,17.26,2019-11-18T05:00:00Z,40579,17.260031
17.45,17.54,17.25,679,17.29,2019-11-19T05:00:00Z,45390,17.424431
17.28,17.61,16.94,857,17.37,2019-11-20T05:00:00Z,103519,17.293721
17.18,17.35,16.881,486,17.35,2019-11-21T05:00:00Z,34829,17.139306
17.04,17.26,16.93,553,17.26,2019-11-22T05:00:00Z,29822,17.045128
17.74,17.78,16.91,632,17.02,2019-11-25T05:00:00Z,49099,17.543094
17.4,17.8,17.32,779,17.7,2019-11-26T05:00:00Z,86998,17.537275
17.51,17.53,17.07,354,17.52,2019-11-27T05:00:00Z,24999,17.42879
17.54,17.59,17.32,240,17.46,2019-11-29T05:00:00Z,22390,17.519724
17.35,17.64,17.1575,770,17.57,2019-12-02T05:00:00Z,56150,17.313691
17.17,17.28,16.84,1268,17.27,2019-12-03T05:00:00Z,38710,17.145519
17.47,17.545,17.24,552,17.29,2019-12-04T05:00:00Z,43375,17.418472
17.44,17.5937,17.3862,483,17.54,2019-12-05T05:00:00Z,33187,17.477823
17.63,17.81,17.5,744,17.53,2019-12-06T05:00:00Z,71711,17.643068
17.63,17.7,17.5,465,17.54,2019-12-09T05:00:00Z,32038,17.625439
17.55,17.64,17.45,451,17.45,2019-12-10T05:00:00Z,31521,17.548102
17.46,17.93,17.25,651,17.62,2019-12-11T05:00:00Z,58072,17.518286
17.81,18.04,17.53,337,17.53,2019-12-12T05:00:00Z,30810,17.825894
17.79,17.81,17.41,533,17.81,2019-12-13T05:00:00Z,43611,17.639532
17.73,18.13,17.68,665,17.95,2019-12-16T05:00:00Z,43897,17.886953
17.83,17.9478,17.7048,473,17.74,2019-12-17T05:00:00Z,45291,17.81788
17.82,18.185,17.58,578,17.98,2019-12-18T05:00:00Z,45761,17.85773
17.77,17.92,17.65,869,17.82,2019-12-19T05:00:00Z,51423,17.791366
17.25,17.77,16.7609,786,17.77,2019-12-20T05:00:00Z,232816,17.405107
17.25,17.31,15.57,2273,17.24,2019-12-23T05:00:00Z,181268,16.527679
17.52,17.55,17.25,363,17.29,2019-12-24T05:00:00Z,44990,17.361095
18.1,18.1,17.58,629,17.58,2019-12-26T05:00:00Z,33788,17.924234
17.85,18.05,17.63,574,18.05,2019-12-27T05:00:00Z,51866,17.841635
17.47,18.02,17.42,561,18.02,2019-12-30T05:00:00Z,72661,17.602098
17.55,17.735,17.06,520,17.51,2019-12-31T05:00:00Z,44694,17.549491
17.69,17.73,17.34,686,17.67,2020-01-02T05:00:00Z,76307,17.500519
17.54,17.675,17.34,605,17.37,2020-01-03T05:00:00Z,32876,17.548343
17.41,17.57,17.145,1886,17.21,2020-01-06T05:00:00Z,75259,17.395836
17.37,17.54,17.09,784,17.33,2020-01-07T05:00:00Z,58032,17.310952
17.49,17.5725,17.22,800,17.38,2020-01-08T05:00:00Z,43635,17.460444
17.56,17.635,17.4,508,17.59,2020-01-09T05:00:00Z,69843,17.479905
17.52,17.7483,17.375,836,17.48,2020-01-10T05:00:00Z,71536,17.498931
17.75,17.75,17.43,429,17.55,2020-01-13T05:00:00Z,27191,17.680777
17.53,17.73,17.4,715,17.71,2020-01-14T05:00:00Z,60028,17.554221
17.64,17.77,17.47,745,17.47,2020-01-15T05:00:00Z,54872,17.602888
17.82,18.0,17.74,442,17.8,2020-01-16T05:00:00Z,41781,17.882028
17.55,17.99,17.43,671,17.99,2020-01-17T05:00:00Z,50335,17.711835
17.26,17.42,17.16,545,17.32,2020-01-21T05:00:00Z,60028,17.312066
17.01,17.34,16.99,317,17.34,2020-01-22T05:00:00Z,27310,17.087867
17.25,17.37,16.7083,661,16.92,2020-01-23T05:00:00Z,90700,17.197359
17.24,17.3,17.03,340,17.2446,2020-01-24T05:00:00Z,37515,17.230558
17.13,17.25,16.97,483,17.03,2020-01-27T05:00:00Z,57741,17.160833
17.15,17.21,17.1,473,17.21,2020-01-28T05:00:00Z,40886,17.14803
16.81,17.05,16.8,659,17.05,2020-01-29T05:00:00Z,69454,16.90525
16.92,16.95,16.4976,503,16.71,2020-01-30T05:00:00Z,42861,16.745315
16.18,16.86,16.165,721,16.86,2020-01-31T05:00:00Z,58341,16.323862
16.52,16.54,16.2,670,16.28,2020-02-03T05:00:00Z,60102,16.440013
16.39,16.7684,16.31,579,16.74,2020-02-04T05:00:00Z,49862,16.454783
16.69,16.76,16.32,562,16.57,2020-02-05T05:00:00Z,43966,16.639011
16.25,16.29,15.75,797,16.1,2020-02-06T05:00:00Z,96520,16.20286
16.05,16.09,15.75,841,16.07,2020-02-07T05:00:00Z,88352,15.961907
15.67,15.958,15.4738,758,15.92,2020-02-10T05:00:00Z,73537,15.634019
15.67,16.05,15.67,283,15.8,2020-02-11T05:00:00Z,25517,15.795544
16.13,16.15,15.605,769,15.64,2020-02-12T05:00:00Z,60179,15.948793
15.92,16.09,15.73,537,16.02,2020-02-13T05:00:00Z,37256,15.846298
15.91,16.04,15.79,973,15.92,2020-02-14T05:00:00Z,51339,15.914393
15.78,16.09,15.73,475,15.87,2020-02-18T05:00:00Z,32959,15.848428
15.88,15.98,15.75,413,15.81,2020-02-19T05:00:00Z,36355,15.882526
16.07,16.118,15.85,419,15.85,2020-02-20T05:00:00Z,42449,16.045339
15.94,16.14,15.87,1003,16.05,2020-02-21T05:00:00Z,56105,15.981545
15.06,15.5,14.795,810,15.34,2020-02-24T05:00:00Z,75858,15.160005
14.78,15.21,14.635,636,15.13,2020-02-25T05:00:00Z,47669,14.855206
14.6,15.14,14.51,469,14.91,2020-02-26T05:00:00Z,30337,14.775506
13.87,14.6197,13.87,509,14.3,2020-02-27T05:00:00Z,58339,14.121386
13.55,13.9,13.2,816,13.39,2020-02-28T05:00:00Z,94757,13.53037
13.75,13.79,13.11,1299,13.71,2020-03-02T05:00:00Z,106845,13.397632
13.37,14.16,13.37,828,13.68,2020-03-03T05:00:00Z,67370,13.667427
13.79,13.8,13.33,1105,13.54,2020-03-04T05:00:00Z,62397,13.648213
13.06,13.66,12.93,785,13.46,2020-03-05T05:00:00Z,78106,13.17565
12.78,13.18,12.5,839,12.5,2020-03-06T05:00:00Z,63108,12.791279
11.61,12.15,11.5,969,11.96,2020-03-09T04:00:00Z,78080,11.719503
12.03,12.26,11.315,1146,11.99,2020-03-10T04:00:00Z,81234,11.840904
11.44,11.75,11.23,1029,11.68,2020-03-11T04:00:00Z,82034,11.489184
10.51,11.17,9.78,1672,10.6,2020-03-12T04:00:00Z,128722,10.357018
11.42,11.66,10.66,1700,10.97,2020-03-13T04:00:00Z,113155,11.343393
11.98,13.14,10.25,1742,10.25,2020-03-16T04:00:00Z,154146,12.111187
13.53,13.78,12.01,1847,12.35,2020-03-17T04:00:00Z,165011,13.240057
11.46,14.04,11.45,1635,12.41,2020-03-18T04:00:00Z,140033,12.2954
11.63,13.26,11.45,1367,11.45,2020-03-19T04:00:00Z,137156,11.836095
11.26,12.54,10.69,2357,11.63,2020-03-20T04:00:00Z,314643,11.399795
11.02,11.61,10.65,1953,11.1,2020-03-23T04:00:00Z,138262,11.132111
11.09,11.79,10.3385,1884,11.43,2020-03-24T04:00:00Z,179519,11.038648
11.84,12.14,10.68,1196,11.01,2020-03-25T04:00:00Z,90589,11.669902
12.16,12.28,11.63,848,11.85,2020-03-26T04:00:00Z,76607,12.062637
10.86,12.065,10.85,1380,11.82,2020-03-27T04:00:00Z,93855,11.154232
11.75,11.79,10.7007,847,10.95,2020-03-30T04:00:00Z,83372,11.517979
10.92,11.6985,10.6,1934,11.62,2020-03-31T04:00:00Z,225598,11.035498
10.15,10.73,9.95,1747,10.6,2020-04-01T04:00:00Z,118630,10.240844
10.99,11.0,10.03,1495,10.03,2020-04-02T04:00:00Z,85577,10.759826
10.49,11.18,10.24,651,11.03,2020-04-03T04:00:00Z,57860,10.560733
11.3,11.38,10.915,884,10.98,2020-04-06T04:00:00Z,95275,11.252857
11.26,11.98,11.08,754,11.57,2020-04-07T04:00:00Z,93587,11.306574
11.73,11.88,11.24,941,11.35,2020-04-08T04:00:00Z,83738,11.684105
12.58,12.6,11.97,1364,12.11,2020-04-09T04:00:00Z,76502,12.400359
12.11,12.56,11.92,620,12.46,2020-04-13T04:00:00Z,41994,12.151672
12.02,12.75,11.91,817,12.47,2020-04-14T04:00:00Z,72244,12.089202
11.27,11.818,11.06,1174,11.58,2020-04-15T04:00:00Z,66587,11.328678
11.52,11.755,11.04,1312,11.23,2020-04-16T04:00:00Z,98470,11.37803
11.99,12.27,11.83,716,11.83,2020-04-17T04:00:00Z,71999,11.986649
11.76,12.02,11.56,480,11.66,2020-04-20T04:00:00Z,53914,11.782801
11.15,11.75,11.09,1006,11.66,2020-04-21T04:00:00Z,62574,11.267743
11.19,11.9181,11.02,817,11.33,2020-04-22T04:00:00Z,74946,11.200566
11.5,11.79,11.18,1567,11.18,2020-04-23T04:00:00Z,98072,11.505543
11.71,11.75,11.34,466,11.5,2020-04-24T04:00:00Z,54015,11.600362
12.41,12.62,11.83,822,11.83,2020-04-27T04:00:00Z,67727,12.395187
12.43,12.78,12.19,1334,12.78,2020-04-28T04:00:00Z,91881,12.419749
13.83,14.15,12.805,1636,12.98,2020-04-29T04:00:00Z,114937,13.638894
13.52,13.81,13.0433,1466,13.52,2020-04-30T04:00:00Z,84242,13.491417
12.65,13.1355,12.1,1238,13.08,2020-05-01T04:00:00Z,88655,12.544511
12.43,12.54,12.17,1293,12.42,2020-05-04T04:00:00Z,52238,12.377879
12.33,12.86,12.27,1736,12.78,2020-05-05T04:00:00Z,76887,12.488204
12.75,13.14,12.22,1350,12.24,2020-05-06T04:00:00Z,83751,12.761171
12.85,13.15,12.48,1670,13.03,2020-05-07T04:00:00Z,88427,12.768373
13.03,13.29,12.89,1203,13.16,2020-05-08T04:00:00Z,86283,13.034489
12.73,12.94,12.61,1168,12.79,2020-05-11T04:00:00Z,108715,12.765326
12.31,12.85,12.24,1794,12.85,2020-05-12T04:00:00Z,99177,12.44775
12.16,12.355,11.8,1258,12.16,2020-05-13T04:00:00Z,80451,12.079466
11.47,11.87,11.29,1021,11.87,2020-05-14T04:00:00Z,95390,11.489819
11.83,11.855,11.5,1429,11.55,2020-05-15T04:00:00Z,103864,11.713847
12.99,13.03,12.3,1862,12.3,2020-05-18T04:00:00Z,130292,12.844058
12.82,13.41,12.4,968,12.86,2020-05-19T04:00:00Z,77912,12.992871
13.48,13.64,12.96,842,13.13,2020-05-20T04:00:00Z,68076,13.439589
13.53,13.74,13.4,639,13.43,2020-05-21T04:00:00Z,45412,13.55136
13.91,13.94,13.375,754,13.63,2020-05-22T04:00:00Z,53743,13.750387
14.69,14.95,14.12,1214,14.12,2020-05-26T04:00:00Z,84026,14.576042
15.65,15.68,14.9316,1077,15.07,2020-05-27T04:00:00Z,79429,15.363409
14.77,15.8,14.75,1604,15.74,2020-05-28T04:00:00Z,117019,15.01102
14.19,14.59,13.8,1025,14.59,2020-05-29T04:00:00Z,128235,14.170628
14.15,14.47,14.09,940,14.33,2020-06-01T04:00:00Z,113954,14.198457
14.22,14.39,14.04,750,14.3,2020-06-02T04:00:00Z,67701,14.215501
14.78,14.96,14.38,933,14.4,2020-06-03T04:00:00Z,54840,14.732146
14.91,15.0,14.46,862,14.61,2020-06-04T04:00:00Z,78866,14.858361
15.43,15.9,15.27,1014,15.51,2020-06-05T04:00:00Z,100189,15.513197
15.44,15.73,15.41,2479,15.59,2020-06-08T04:00:00Z,133651,15.563585
15.26,15.49,14.82,2853,15.05,2020-06-09T04:00:00Z,82802,15.195749
14.2,14.98,14.18,1364,14.94,2020-06-10T04:00:00Z,95574,14.548085
13.03,14.06,12.99,1115,14.05,2020-06-11T04:00:00Z,96845,13.330322
13.1,13.78,12.62,1152,13.57,2020-06-12T04:00:00Z,79133,13.106211
13.45,13.63,12.1581,1602,12.68,2020-06-15T04:00:00Z,102352,13.122195
13.53,15.35,13.35,811,13.95,2020-06-16T04:00:00Z,70741,13.6038
13.02,13.52,12.95,698,13.38,2020-06-17T04:00:00Z,73854,13.106181
12.97,13.08,12.5401,812,12.72,2020-06-18T04:00:00Z,65033,12.950484
12.7,13.19,12.6,1414,12.75,2020-06-19T04:00:00Z,258242,12.750945
12.95,13.06,12.5,1375,12.53,2020-06-22T04:00:00Z,67251,12.769875
13.05,13.17,12.9,785,13.13,2020-06-23T04:00:00Z,30105,13.048525
12.21,12.89,12.13,1954,12.89,2020-06-24T04:00:00Z,126398,12.294506
12.8,12.8,12.04,1205,12.04,2020-06-25T04:00:00Z,84878,12.679651
12.61,12.78,12.305,1366,12.67,2020-06-26T04:00:00Z,292550,12.602244
13.09,13.2,12.61,921,12.61,2020-06-29T04:00:00Z,72223,13.015737
13.54,13.62,13.16,854,13.16,2020-06-30T04:00:00Z,81221,13.488112
12.49,13.59,12.45,676,13.5,2020-07-01T04:00:00Z,42511,12.731794
12.33,12.96,12.23,996,12.82,2020-07-02T04:00:00Z,73058,12.452221
12.94,13.01,12.45,901,12.61,2020-07-06T04:00:00Z,63911,12.85025
12.61,12.945,12.49,917,12.94,2020-07-07T04:00:00Z,68186,12.656892
12.54,12.76,12.32,848,12.61,2020-07-08T04:00:00Z,59641,12.494846
12.27,12.81,12.15,760,12.52,2020-07-09T04:00:00Z,61706,12.296116
12.54,12.65,12.27,899,12.34,2020-07-10T04:00:00Z,73857,12.52123
12.55,12.89,12.475,793,12.75,2020-07-13T04:00:00Z,72438,12.644669
13.17,13.225,12.53,1005,12.61,2020-07-14T04:00:00Z,82983,12.923482
13.65,13.82,13.38,1427,13.56,2020-07-15T04:00:00Z,117145,13.644651
13.52,13.68,13.3,903,13.56,2020-07-16T04:00:00Z,84156,13.463557
13.85,14.04,13.56,744,13.56,2020-07-17T04:00:00Z,79758,13.788138
13.68,13.86,13.39,719,13.77,2020-07-20T04:00:00Z,59350,13.651704
13.68,14.04,13.62,612,13.79,2020-07-21T04:00:00Z,49434,13.741336
13.29,13.73,13.17,537,13.68,2020-07-22T04:00:00Z,56941,13.363153
13.51,13.8056,13.18,803,13.24,2020-07-23T04:00:00Z,56251,13.454113
13.12,13.47,13.12,427,13.47,2020-07-24T04:00:00Z,29953,13.237338
13.23,13.3905,13.06,823,13.12,2020-07-27T04:00:00Z,69571,13.215347
12.9,13.2,12.8944,829,13.09,2020-07-28T04:00:00Z,72537,12.962098
13.36,13.51,12.97,1046,12.97,2020-07-29T04:00:00Z,112503,13.270176
13.39,13.41,13.0,741,13.08,2020-07-30T04:00:00Z,49074,13.320353
13.28,13.34,12.94,1165,13.29,2020-07-31T04:00:00Z,101277,13.176143
13.29,13.68,13.28,852,13.36,2020-08-03T04:00:00Z,63872,13.411878
13.36,13.415,13.15,843,13.15,2020-08-04T04:00:00Z,63307,13.335311
13.42,13.61,13.29,766,13.55,2020-08-05T04:00:00Z,65612,13.372844
13.31,13.48,13.23,536,13.48,2020-08-06T04:00:00Z,39810,13.334218
13.98,14.055,13.23,516,13.23,2020-08-07T04:00:00Z,50429,13.792459
14.4,14.62,14.08,821,14.12,2020-08-10T04:00:00Z,70829,14.403649
14.59,14.96,14.45,1110,14.64,2020-08-11T04:00:00Z,89530,14.669305
14.43,14.79,14.38,1045,14.79,2020-08-12T04:00:00Z,56030,14.517523
14.07,14.51,14.01,770,14.51,2020-08-13T04:00:00Z,73284,14.174431
13.9,14.145,13.43,581,13.97,2020-08-14T04:00:00Z,51968,13.867714
14.06,14.11,13.82,631,13.9,2020-08-17T04:00:00Z,61107,13.988462
14.0,14.17,13.66,855,14.17,2020-08-18T04:00:00Z,73017,13.894729
13.47,14.38,13.43,918,14.01,2020-08-19T04:00:00Z,91667,13.816032
13.51,13.67,13.2115,738,13.29,2020-08-20T04:00:00Z,51068,13.501134
13.48,13.56,13.16,725,13.51,2020-08-21T04:00:00Z,88337,13.467318
13.67,13.67,13.46,731,13.46,2020-08-24T04:00:00Z,52216,13.579565
13.61,13.712,13.44,363,13.69,2020-08-25T04:00:00Z,24825,13.592014
13.59,13.7,13.45,638,13.65,2020-08-26T04:00:00Z,52709,13.562753
13.58,13.86,13.41,730,13.6,2020-08-27T04:00:00Z,79662,13.647792
14.01,14.08,13.49,614,13.7,2020-08-28T04:00:00Z,56204,13.867423
13.485,14.14,13.42,648,14.14,2020-08-31T04:00:00Z,76415,13.579735
13.73,13.73,13.36,612,13.41,2020-09-01T04:00:00Z,43128,13.659729
13.89,13.93,13.65,708,13.72,2020-09-02T04:00:00Z,46653,13.816423
13.71,13.89,13.62,1157,13.89,2020-09-03T04:00:00Z,59700,13.726139
13.64,13.97,13.61,668,13.97,2020-09-04T04:00:00Z,48261,13.701796
13.05,13.47,13.03,1240,13.47,2020-09-08T04:00:00Z,79510,13.159714
13.04,13.42,12.94,859,13.13,2020-09-09T04:00:00Z,52237,13.076263
12.62,13.1,12.62,1236,12.96,2020-09-10T04:00:00Z,49189,12.734649
12.65,12.81,12.52,799,12.66,2020-09-11T04:00:00Z,53409,12.657586
12.5,12.9,12.46,1174,12.74,2020-09-14T04:00:00Z,72278,12.5704
12.45,12.69,12.38,752,12.65,2020-09-15T04:00:00Z,44641,12.464751
12.49,12.7,12.31,970,12.49,2020-09-16T04:00:00Z,102537,12.523587
12.5,12.54,12.24,714,12.33,2020-09-17T04:00:00Z,48044,12.488056
12.58,12.6,12.41,765,12.5,2020-09-18T04:00:00Z,248378,12.543097
12.04,12.53,11.75,1054,12.53,2020-09-21T04:00:00Z,96773,12.079591
11.93,12.14,11.69,676,12.14,2020-09-22T04:00:00Z,47614,11.876739
11.34,11.9803,11.3,616,11.89,2020-09-23T04:00:00Z,68180,11.485816
11.32,11.59,11.19,1102,11.34,2020-09-24T04:00:00Z,40674,11.346534
11.2,11.4,11.0,1065,11.17,2020-09-25T04:00:00Z,70342,11.213428
11.96,12.08,11.41,837,11.41,2020-09-28T04:00:00Z,58236,11.899467
11.91,12.23,11.7618,617,12.23,2020-09-29T04:00:00Z,42082,11.903647
11.56,12.01,11.51,468,11.94,2020-09-30T04:00:00Z,27007,11.633563
11.6,11.71,11.43,1006,11.53,2020-10-01T04:00:00Z,46668,11.571489
11.47,11.62,11.14,419,11.4,2020-10-02T04:00:00Z,31135,11.467568
12.07,12.14,11.605,812,11.62,2020-10-05T04:00:00Z,67432,11.920084
12.24,12.71,12.09,1244,12.17,2020-10-06T04:00:00Z,160482,12.331127
12.32,12.5,12.21,791,12.44,2020-10-07T04:00:00Z,79132,12.326806
12.36,12.5018,12.11,635,12.43,2020-10-08T04:00:00Z,46610,12.311267
12.29,12.56,12.23,573,12.44,2020-10-09T04:00:00Z,42230,12.35001
12.51,12.54,12.15,433,12.32,2020-10-12T04:00:00Z,43683,12.409029
12.08,12.46,12.06,500,12.42,2020-10-13T04:00:00Z,24219,12.15545
11.98,12.325,11.95,375,12.17,2020-10-14T04:00:00Z,29007,12.012973
12.16,12.19,11.785,404,11.9,2020-10-15T04:00:00Z,103500,12.081909
12.42,12.5,12.13,396,12.13,2020-10-16T04:00:00Z,41264,12.366794
12.45,12.62,12.41,366,12.49,2020-10-19T04:00:00Z,28631,12.478065
12.21,12.56,12.1,390,12.56,2020-10-20T04:00:00Z,26688,12.273783
12.24,12.33,12.15,348,12.26,2020-10-21T04:00:00Z,38035,12.233507
12.38,12.43,12.2,316,12.33,2020-10-22T04:00:00Z,44941,12.365411
12.62,12.7,12.28,820,12.38,2020-10-23T04:00:00Z,95204,12.600196
12.43,12.69,12.24,801,12.61,2020-10-26T04:00:00Z,40330,12.433014
12.19,12.47,12.17,469,12.34,2020-10-27T04:00:00Z,25171,12.23364
11.66,12.015,11.6,504,11.96,2020-10-28T04:00:00Z,58694,11.685615
12.18,12.21,11.67,559,11.74,2020-10-29T04:00:00Z,57344,11.973208
12.12,12.22,12.02,723,12.17,2020-10-30T04:00:00Z,59340,12.106078
12.65,15.87,12.376,6362,12.45,2020-11-02T05:00:00Z,689036,14.388411
13.65,13.84,12.6503,1757,12.94,2020-11-03T05:00:00Z,152165,13.503029
13.0,14.135,12.25,1508,13.05,2020-11-04T05:00:00Z,159445,13.222432
13.56,13.57,12.95,621,12.95,2020-11-05T05:00:00Z,61697,13.403566
13.18,13.64,13.03,514,13.59,2020-11-06T05:00:00Z,60043,13.226486
13.98,14.8,13.61,1606,13.89,2020-11-09T05:00:00Z,146573,14.229276
13.94,14.46,13.68,1478,13.98,2020-11-10T05:00:00Z,129022,14.04229
14.15,14.215,13.707,538,14.215,2020-11-11T05:00:00Z,51722,14.044379
13.99,14.09,13.785,564,13.97,2020-11-12T05:00:00Z,165045,13.965876
14.99,15.14,14.18,1347,14.18,2020-11-13T05:00:00Z,136973,14.839489
15.63,15.87,15.29,1533,15.29,2020-11-16T05:00:00Z,141771,15.636428
15.73,15.84,15.405,1094,15.6,2020-11-17T05:00:00Z,131245,15.636693
15.35,15.88,15.31,1445,15.72,2020-11-18T05:00:00Z,127896,15.708559
15.3,15.55,14.97,1380,15.35,2020-11-19T05:00:00Z,92422,15.212521
15.0,15.295,14.96,800,15.13,2020-11-20T05:00:00Z,95896,15.067122
15.55,15.6716,14.92,1161,15.22,2020-11-23T05:00:00Z,94816,15.471299
16.11,16.46,15.55,1777,15.55,2020-11-24T05:00:00Z,213361,16.070249
15.72,16.29,15.37,923,15.745,2020-11-25T05:00:00Z,64286,15.754517
15.64,15.78,15.39,544,15.615,2020-11-27T05:00:00Z,40154,15.557475
15.41,15.7,15.25,1008,15.65,2020-11-30T05:00:00Z,134185,15.420634
15.65,15.99,14.29,2860,15.99,2020-12-01T05:00:00Z,271643,15.209875
15.74,16.09,15.2,1154,15.63,2020-12-02T05:00:00Z,117759,15.817845
15.3,15.95,15.14,528,15.83,2020-12-03T05:00:00Z,62321,15.398434
15.78,15.8599,15.35,618,15.47,2020-12-04T05:00:00Z,56474,15.728959
15.9,15.97,15.57,1006,15.78,2020-12-07T05:00:00Z,111980,15.829269
15.97,16.27,15.32,1592,15.69,2020-12-08T05:00:00Z,146289,16.02578
15.78,16.13,15.64,935,16.13,2020-12-09T05:00:00Z,79999,15.839482
15.75,15.86,15.39,814,15.39,2020-12-10T05:00:00Z,60308,15.719477
15.63,15.81,15.53,609,15.61,2020-12-11T05:00:00Z,50088,15.64864
15.67,16.0,15.59,1424,15.7,2020-12-14T05:00:00Z,85582,15.702007
16.14,16.23,15.7115,660,15.82,2020-12-15T05:00:00Z,77229,16.083856
16.07,16.33,15.9936,829,16.33,2020-12-16T05:00:00Z,69063,16.121717
16.25,16.475,16.0,882,16.475,2020-12-17T05:00:00Z,57155,16.187573
15.62,16.48,15.62,1170,16.35,2020-12-18T05:00:00Z,375892,15.927264
15.52,15.645,15.33,998,15.5,2020-12-21T05:00:00Z,87906,15.497933
15.4,15.6508,15.27,875,15.55,2020-12-22T05:00:00Z,53662,15.456811
15.64,15.74,15.42,454,15.49,2020-12-23T05:00:00Z,42956,15.624461
15.64,15.86,15.55,422,15.74,2020-12-24T05:00:00Z,35503,15.656416
15.77,16.18,15.7,671,15.94,2020-12-28T05:00:00Z,69358,15.814933
15.875,15.96,15.645,1068,15.83,2020-12-29T05:00:00Z,161779,15.859057
15.82,16.15,15.68,1299,15.96,2020-12-30T05:00:00Z,87757,15.916132
15.99,16.08,15.7,1039,15.7,2020-12-31T05:00:00Z,68791,15.897374
16.24,16.3445,15.9038,1523,16.11,2021-01-04T05:00:00Z,96992,16.173584
16.42,16.74,16.015,1026,16.21,2021-01-05T05:00:00Z,138506,16.437174
17.4,17.53,16.77,1483,16.77,2021-01-06T05:00:00Z,128954,17.268274
17.46,17.56,17.2938,696,17.43,2021-01-07T05:00:00Z,91225,17.443355
17.11,17.58,17.02,1021,17.51,2021-01-08T05:00:00Z,106175,17.257351
17.23,17.35,16.66,1762,16.89,2021-01-11T05:00:00Z,115026,17.154917
17.53,17.89,17.23,1197,17.32,2021-01-12T05:00:00Z,129852,17.544318
17.55,17.6,17.42,1052,17.53,2021-01-13T05:00:00Z,103856,17.528391
18.08,18.4,17.63,994,17.63,2021-01-14T05:00:00Z,124189,18.107123
17.67,18.01,17.495,891,17.89,2021-01-15T05:00:00Z,94570,17.746333
17.84,18.005,17.67,611,17.81,2021-01-19T05:00:00Z,70931,17.827674
17.95,18.16,17.67,674,17.85,2021-01-20T05:00:00Z,92614,17.901092
17.83,18.17,17.775,536,18.16,2021-01-21T05:00:00Z,64076,17.88231
18.12,18.14,17.6,740,17.75,2021-01-22T05:00:00Z,96062,17.971245
20.3,21.18,20.09,3028,21.01,2021-01-25T05:00:00Z,382310,20.541441
21.31,21.66,20.02,2775,20.48,2021-01-26T05:00:00Z,335254,20.946735
19.33,20.8754,19.25,2789,20.35,2021-01-27T05:00:00Z,267618,19.712907
19.21,19.71,18.9,1596,19.15,2021-01-28T05:00:00Z,290744,19.219929
19.17,19.5879,19.13,1419,19.22,2021-01-29T05:00:00Z,119514,19.23368
19.91,19.97,19.15,1080,19.34,2021-02-01T05:00:00Z,175510,19.656797
19.76,20.72,19.3,1587,20.34,2021-02-02T05:00:00Z,155963,19.70791
19.77,20.185,19.4501,1121,19.89,2021-02-03T05:00:00Z,104209,19.806262
23.45,23.7199,20.695,4364,22.0,2021-02-04T05:00:00Z,490491,22.335106
23.66,23.9663,22.89,2341,23.92,2021-02-05T05:00:00Z,228274,23.460935
24.77,25.115,24.0,2916,24.4283,2021-02-08T05:00:00Z,269770,24.700872
24.52,25.41,24.13,1657,25.0,2021-02-09T05:00:00Z,179986,24.605251
24.34,24.891,23.85,1508,24.7,2021-02-10T05:00:00Z,135772,24.283209
24.35,24.565,23.6701,1411,24.33,2021-02-11T05:00:00Z,138224,24.153788
24.55,24.7,23.9865,1103,24.14,2021-02-12T05:00:00Z,117072,24.445369
24.48,24.72,24.19,1751,24.69,2021-02-16T05:00:00Z,201772,24.504957
24.29,24.661,24.0419,1699,24.34,2021-02-17T05:00:00Z,124034,24.386083
24.26,24.43,24.07,911,24.16,2021-02-18T05:00:00Z,92725,24.257252
24.48,24.64,24.16,1374,24.35,2021-02-19T05:00:00Z,136087,24.403696
24.64,24.88,24.28,1632,24.5,2021-02-22T05:00:00Z,156503,24.619013
24.03,24.43,23.7,1972,24.41,2021-02-23T05:00:00Z,188536,23.99743
24.89,25.03,23.81,1442,23.81,2021-02-24T05:00:00Z,128107,24.699295
23.96,25.0,23.95,1743,24.47,2021-02-25T05:00:00Z,136585,24.289364
23.48,24.1988,23.04,1573,23.96,2021-02-26T05:00:00Z,184048,23.594485
24.77,24.85,23.7013,1293,24.14,2021-03-01T05:00:00Z,133728,24.48545
24.15,24.63,24.01,1035,24.63,2021-03-02T05:00:00Z,88189,24.282787
24.89,25.31,24.03,1473,24.64,2021-03-03T05:00:00Z,147417,24.787322
24.2,24.81,24.02,2369,24.75,2021-03-04T05:00:00Z,205772,24.422021
25.16,25.218,24.04,1617,24.73,2021-03-05T05:00:00Z,136698,24.817682
26.46,26.6,25.2,3558,25.27,2021-03-08T05:00:00Z,267444,26.175284
25.22,26.77,25.12,2450,26.6,2021-03-09T05:00:00Z,178637,25.701772
26.03,26.615,25.23,1391,25.68,2021-03-10T05:00:00Z,122236,26.00984
26.47,26.71,25.84,1585,26.07,2021-03-11T05:00:00Z,123149,26.362577
27.32,27.39,26.36,1822,26.36,2021-03-12T05:00:00Z,148045,27.035762
26.87,27.32,26.01,2082,27.32,2021-03-15T04:00:00Z,149545,26.694347
28.43,29.9899,26.19,6845,26.65,2021-03-16T04:00:00Z,817485,28.448401
28.45,29.09,28.14,3254,28.51,2021-03-17T04:00:00Z,307862,28.585591
27.86,28.75,27.6,2062,28.72,2021-03-18T04:00:00Z,223875,28.137895
27.09,27.95,26.87,2089,27.84,2021-03-19T04:00:00Z,597689,27.369044
26.51,28.205,26.3,1735,28.205,2021-03-22T04:00:00Z,142650,26.634777
24.89,26.515,24.5838,2605,26.2,2021-03-23T04:00:00Z,207711,25.393674
24.88,25.8599,24.75,2004,24.905,2021-03-24T04:00:00Z,114422,25.182865
25.31,25.54,24.22,1564,24.45,2021-03-25T04:00:00Z,88821,24.928195
26.13,26.19,25.36,1234,25.93,2021-03-26T04:00:00Z,93711,25.863426
25.21,26.4,25.1801,1482,25.82,2021-03-29T04:00:00Z,104295,25.516398
25.09,25.82,24.85,1832,25.14,2021-03-30T04:00:00Z,103978,25.06413
25.8,26.13,24.98,1474,25.2,2021-03-31T04:00:00Z,201478,25.605403
25.92,26.1121,25.33,1063,25.74,2021-04-01T04:00:00Z,81439,25.820538
26.06,26.245,25.6424,1097,26.1,2021-04-05T04:00:00Z,115295,25.994987
25.96,26.61,25.79,1024,25.88,2021-04-06T04:00:00Z,64475,26.104463
25.13,26.0,25.0,1299,26.0,2021-04-07T04:00:00Z,146094,25.332174
25.16,25.33,24.72,940,25.055,2021-04-08T04:00:00Z,72317,25.080831
25.1,25.48,24.77,939,25.22,2021-04-09T04:00:00Z,78121,25.047422
23.99,25.45,23.8,2105,25.0,2021-04-12T04:00:00Z,168633,24.266861
23.65,23.9,23.19,1623,23.78,2021-04-13T04:00:00Z,130607,23.658487
23.51,24.0,23.4,905,23.97,2021-04-14T04:00:00Z,63959,23.721093
23.17,24.2954,22.92,1602,24.2954,2021-04-15T04:00:00Z,112195,23.184914
23.06,23.25,22.63,1585,23.22,2021-04-16T04:00:00Z,122251,22.906678
22.5,23.07,21.96,1901,22.91,2021-04-19T04:00:00Z,134822,22.423237
22.36,22.49,21.97,1648,22.3,2021-04-20T04:00:00Z,139472,22.225334
22.89,23.19,22.0801,1536,22.2,2021-04-21T04:00:00Z,106609,22.864194
22.33,23.16,22.182,1146,22.93,2021-04-22T04:00:00Z,109362,22.548213
22.38,22.76,22.3,987,22.36,2021-04-23T04:00:00Z,75678,22.431019
22.43,22.77,22.23,918,22.4,2021-04-26T04:00:00Z,89046,22.381044
22.31,22.52,22.25,1104,22.45,2021-04-27T04:00:00Z,79507,22.340565
22.19,22.375,22.08,1119,22.35,2021-04-28T04:00:00Z,78951,22.195191
22.31,22.5,22.18,1252,22.29,2021-04-29T04:00:00Z,59605,22.305839
23.01,23.95,22.0,4119,22.0,2021-04-30T04:00:00Z,366669,23.338927
23.47,23.57,23.1,1458,23.38,2021-05-03T04:00:00Z,118827,23.390772
22.84,23.46,22.5,1578,23.45,2021-05-04T04:00:00Z,111687,22.896816
22.99,23.23,22.51,1240,22.92,2021-05-05T04:00:00Z,92673,22.939856
21.49,22.75,20.4,2965,22.55,2021-05-06T04:00:00Z,299133,21.331334
22.44,22.51,21.31,1946,21.31,2021-05-07T04:00:00Z,111369,22.114477
22.24,22.55,22.07,2506,22.48,2021-05-10T04:00:00Z,163392,22.268997
21.74,22.1599,21.41,2174,21.97,2021-05-11T04:00:00Z,98603,21.695975
21.77,22.05,21.62,2324,21.69,2021-05-12T04:00:00Z,128987,21.817744
21.87,22.4256,21.75,1089,21.77,2021-05-13T04:00:00Z,73177,22.045452
22.18,22.25,21.75,727,22.12,2021-05-14T04:00:00Z,48088,22.116227
22.23,22.6,21.9601,782,22.6,2021-05-17T04:00:00Z,58656,22.197488
22.13,22.36,22.09,930,22.29,2021-05-18T04:00:00Z,49734,22.197119
22.15,22.36,21.52,807,21.91,2021-05-19T04:00:00Z,69811,22.030841
22.35,22.36,21.88,1108,22.21,2021-05-20T04:00:00Z,60544,22.268622
22.47,22.6,22.3805,1026,22.5,2021-05-21T04:00:00Z,53506,22.49316
22.25,22.65,22.11,1159,22.55,2021-05-24T04:00:00Z,80442,22.291425
21.78,22.43,21.75,1106,22.24,2021-05-25T04:00:00Z,63471,21.961839
21.91,22.02,21.75,847,21.84,2021-05-26T04:00:00Z,47769,21.894766
22.18,22.395,22.07,1378,22.17,2021-05-27T04:00:00Z,143119,22.189564
22.38,22.38,21.87,651,22.27,2021-05-28T04:00:00Z,50166,22.228824
22.09,22.5,20.44,2670,22.43,2021-06-01T04:00:00Z,242141,21.683456
21.85,22.19,21.715,891,22.19,2021-06-02T04:00:00Z,71078,21.941477
21.47,21.85,21.46,1206,21.71,2021-06-03T04:00:00Z,64594,21.589114
21.63,21.71,21.33,892,21.44,2021-06-04T04:00:00Z,129842,21.515169
22.09,22.28,21.45,2111,21.45,2021-06-07T04:00:00Z,104175,22.077939
22.18,22.63,22.0,982,22.0,2021-06-08T04:00:00Z,73727,22.2621
22.0,22.315,21.955,839,22.17,2021-06-09T04:00:00Z,64657,22.041152
21.73,22.2,21.57,923,22.07,2021-06-10T04:00:00Z,50035,21.768254
21.87,22.115,21.77,1234,21.85,2021-06-11T04:00:00Z,59217,21.910323
22.09,22.3976,21.89,1559,21.95,2021-06-14T04:00:00Z,87240,22.101641
21.98,22.11,21.81,710,22.11,2021-06-15T04:00:00Z,50262,21.971064
21.88,22.1,21.71,991,21.96,2021-06-16T04:00:00Z,83730,21.909378
21.25,21.94,21.0,1203,21.85,2021-06-17T04:00:00Z,89786,21.251341
20.64,21.54,20.47,1206,21.0,2021-06-18T04:00:00Z,216134,20.791403
21.33,21.61,20.56,1973,20.85,2021-06-21T04:00:00Z,129046,21.279781
21.66,21.78,21.12,1792,21.48,2021-06-22T04:00:00Z,113521,21.549004
21.76,22.03,21.6831,1614,21.69,2021-06-23T04:00:00Z,93420,21.852074
22.02,22.06,21.66,1199,21.8,2021-06-24T04:00:00Z,62272,21.936759
21.73,22.435,21.67,1145,22.435,2021-06-25T04:00:00Z,439721,21.757377
21.67,21.77,21.35,1132,21.73,2021-06-28T04:00:00Z,88460,21.641914
21.81,21.99,21.591,928,21.76,2021-06-29T04:00:00Z,66181,21.847014
21.74,21.93,21.64,972,21.76,2021-06-30T04:00:00Z,74544,21.759647
22.0,22.13,21.74,1835,21.88,2021-07-01T04:00:00Z,75220,21.966682
21.67,22.12,21.57,676,22.02,2021-07-02T04:00:00Z,50092,21.752593
21.05,21.69,20.83,1162,21.57,2021-07-06T04:00:00Z,89179,21.064762
20.91,21.23,20.65,824,20.92,2021-07-07T04:00:00Z,65425,20.914803
20.58,20.9,20.25,649,20.5,2021-07-08T04:00:00Z,45431,20.579724
20.93,21.12,20.77,571,20.87,2021-07-09T04:00:00Z,42515,20.916133
20.86,20.9273,20.48,854,20.78,2021-07-12T04:00:00Z,49461,20.787688
20.6,20.8,20.5065,670,20.8,2021-07-13T04:00:00Z,58942,20.64204
20.3,20.9,20.3,732,20.9,2021-07-14T04:00:00Z,40198,20.424516
20.44,20.61,20.06,1038,20.18,2021-07-15T04:00:00Z,77646,20.390088
19.98,20.75,19.84,723,20.63,2021-07-16T04:00:00Z,54707,20.086875
19.41,20.065,19.19,1003,20.065,2021-07-19T04:00:00Z,77199,19.406873
19.84,20.13,19.48,1188,19.48,2021-07-20T04:00:00Z,118283,19.88642
20.36,20.49,19.99,742,19.99,2021-07-21T04:00:00Z,51332,20.312289
19.85,20.26,19.6,671,20.26,2021-07-22T04:00:00Z,47181,19.819551
20.85,23.45,19.59,3240,19.99,2021-07-23T04:00:00Z,474793,21.988263
20.7,21.29,20.64,730,20.93,2021-07-26T04:00:00Z,55319,20.835252
19.55,20.59,18.42,2101,20.57,2021-07-27T04:00:00Z,255555,19.273809
20.23,20.35,19.55,823,19.78,2021-07-28T04:00:00Z,52582,20.029105
20.46,20.69,20.376,718,20.49,2021-07-29T04:00:00Z,44656,20.497589
20.39,20.72,20.25,673,20.32,2021-07-30T04:00:00Z,66932,20.380769
20.59,20.9,20.4216,788,20.46,2021-08-02T04:00:00Z,54787,20.607116
20.47,20.72,20.22,503,20.59,2021-08-03T04:00:00Z,28576,20.438185
20.19,20.72,20.0,719,20.19,2021-08-04T04:00:00Z,55848,20.197038
22.28,22.28,20.265,1262,20.36,2021-08-05T04:00:00Z,123492,21.694576
21.96,22.65,21.79,734,22.46,2021-08-06T04:00:00Z,59265,22.066773
22.24,22.97,21.56,1253,21.81,2021-08-09T04:00:00Z,71601,22.413172
22.57,22.67,22.02,495,22.37,2021-08-10T04:00:00Z,28808,22.483645
23.15,23.18,22.102,1241,22.54,2021-08-11T04:00:00Z,75097,22.909153
23.24,23.9,21.49,926,23.08,2021-08-12T04:00:00Z,71534,23.169523
22.76,23.63,22.5228,602,23.2,2021-08-13T04:00:00Z,58913,22.774757
22.47,22.92,22.13,842,22.59,2021-08-16T04:00:00Z,64051,22.535598
22.3,22.94,22.09,663,22.34,2021-08-17T04:00:00Z,41844,22.294532
22.32,22.94,22.205,988,22.35,2021-08-18T04:00:00Z,58832,22.545026
22.08,22.4,21.715,713,22.03,2021-08-19T04:00:00Z,53024,22.011108
22.97,23.06,21.6,1358,21.92,2021-08-20T04:00:00Z,174131,22.756722
23.19,23.47,22.4054,921,23.18,2021-08-23T04:00:00Z,58269,23.085688
23.41,23.6254,23.11,1010,23.4,2021-08-24T04:00:00Z,74443,23.424769
23.5,23.58,23.18,717,23.3,2021-08-25T04:00:00Z,52334,23.451688
23.51,23.725,23.345,802,23.6,2021-08-26T04:00:00Z,51816,23.561073
25.54,26.0,23.16,2505,23.53,2021-08-27T04:00:00Z,201763,25.368389
23.95,25.85,23.7501,2775,25.54,2021-08-30T04:00:00Z,231013,24.194529
24.17,24.25,23.5565,1317,23.79,2021-08-31T04:00:00Z,124992,24.027474
24.01,24.4,23.7,1752,24.2,2021-09-01T04:00:00Z,67785,23.979093
24.18,24.41,24.03,791,24.11,2021-09-02T04:00:00Z,42921,24.177233
24.45,24.55,24.0,865,24.15,2021-09-03T04:00:00Z,59233,24.307624
24.44,24.54,24.06,1215,24.5,2021-09-07T04:00:00Z,73646,24.352814
24.4,24.44,23.95,1611,24.24,2021-09-08T04:00:00Z,110470,24.320575
24.74,25.3,24.115,1080,24.42,2021-09-09T04:00:00Z,92288,24.866655
25.11,25.36,24.6596,1685,24.86,2021-09-10T04:00:00Z,118860,25.124952
25.57,25.67,24.8151,1915,25.43,2021-09-13T04:00:00Z,102230,25.509464
24.98,25.79,24.9,1371,25.69,2021-09-14T04:00:00Z,120122,25.36825
25.6,25.66,24.74,1287,25.12,2021-09-15T04:00:00Z,113800,25.297628
25.9,26.18,25.38,1742,25.54,2021-09-16T04:00:00Z,118773,25.896081
26.19,26.27,25.64,2060,25.83,2021-09-17T04:00:00Z,384399,26.088806
25.2,25.89,24.815,2023,25.53,2021-09-20T04:00:00Z,90292,25.263344
25.2,25.48,25.01,1143,25.48,2021-09-21T04:00:00Z,61262,25.199778
25.64,25.97,25.33,1090,25.33,2021-09-22T04:00:00Z,122741,25.681243
26.16,26.5187,25.34,1379,25.74,2021-09-23T04:00:00Z,77960,26.105341
26.14,26.4081,25.81,1541,26.04,2021-09-24T04:00:00Z,53771,26.170248
26.97,27.29,26.14,1158,26.29,2021-09-27T04:00:00Z,80440,26.881018
26.11,27.0,25.84,1373,26.97,2021-09-28T04:00:00Z,79138,26.278333
25.99,26.54,25.79,715,26.3,2021-09-29T04:00:00Z,43340,26.035483
25.77,26.315,25.67,1205,26.14,2021-09-30T04:00:00Z,78366,25.834009
26.31,26.8199,25.29,1698,25.97,2021-10-01T04:00:00Z,101155,26.364838
26.59,26.94,26.09,877,26.34,2021-10-04T04:00:00Z,69060,26.558695
27.22,27.29,26.38,1448,26.56,2021-10-05T04:00:00Z,164748,26.917719
26.92,27.1499,26.4482,1528,26.87,2021-10-06T04:00:00Z,63329,26.871594
27.46,27.9,27.1464,1252,27.38,2021-10-07T04:00:00Z,119042,27.504463
27.93,27.97,27.3989,845,27.5,2021-10-08T04:00:00Z,60259,27.710326
28.01,28.18,27.81,926,27.9,2021-10-11T04:00:00Z,54769,27.990881
28.14,28.26,27.9438,714,28.1,2021-10-12T04:00:00Z,61767,28.10021
28.08,28.3,27.69,1358,28.3,2021-10-13T04:00:00Z,79429,28.010211
28.51,28.74,27.99,919,28.49,2021-10-14T04:00:00Z,59436,28.424118
28.75,29.16,28.63,1653,28.92,2021-10-15T04:00:00Z,134674,28.844242
28.29,28.75,27.91,1605,28.75,2021-10-18T04:00:00Z,97226,28.244354
28.59,28.7484,28.1,1358,28.35,2021-10-19T04:00:00Z,106407,28.465844
28.76,28.95,28.39,1589,28.55,2021-10-20T04:00:00Z,99638,28.685509
29.34,29.4,28.69,1125,28.75,2021-10-21T04:00:00Z,86239,29.027492
29.12,29.7569,29.0,1546,29.44,2021-10-22T04:00:00Z,144419,29.26008
29.51,29.8,28.93,1792,29.13,2021-10-25T04:00:00Z,93781,29.524086
29.33,29.62,29.1,1287,29.62,2021-10-26T04:00:00Z,95888,29.343837
28.54,29.5461,28.49,1213,29.13,2021-10-27T04:00:00Z,79762,28.74821
28.62,29.73,27.8049,1669,28.75,2021-10-28T04:00:00Z,88921,28.460123
28.75,28.88,28.1,1476,28.65,2021-10-29T04:00:00Z,153067,28.703373
29.46,29.86,28.7801,2181,29.03,2021-11-01T04:00:00Z,143141,29.383339
29.5,29.73,29.27,1798,29.41,2021-11-02T04:00:00Z,98921,29.528414
30.6,30.61,29.04,2179,29.61,2021-11-03T04:00:00Z,148564,30.229267
28.6,29.95,27.0,3647,28.0,2021-11-04T04:00:00Z,294844,28.212724
29.11,30.24,28.9646,2491,29.06,2021-11-05T04:00:00Z,191010,29.487925
28.27,29.535,28.15,2343,29.25,2021-11-08T05:00:00Z,144582,28.637601
27.55,28.4,27.45,1793,28.04,2021-11-09T05:00:00Z,111308,27.763041
26.79,27.5116,26.7601,1429,27.3,2021-11-10T05:00:00Z,95513,26.983442
26.22,26.79,26.18,2260,26.5,2021-11-11T05:00:00Z,92224,26.395418
26.38,26.68,26.02,1477,26.32,2021-11-12T05:00:00Z,153519,26.323198
25.71,26.38,25.02,2685,26.38,2021-11-15T05:00:00Z,277263,25.613868
25.27,25.8299,25.16,1871,25.53,2021-11-16T05:00:00Z,137714,25.380218
24.87,25.5,24.76,1396,25.14,2021-11-17T05:00:00Z,98122,24.948317
24.09,24.87,23.88,1993,24.86,2021-11-18T05:00:00Z,169814,24.189543
23.75,24.25,23.44,1885,23.83,2021-11-19T05:00:00Z,127723,23.834321
23.89,24.84,23.8,1740,23.86,2021-11-22T05:00:00Z,193775,24.211839
23.76,24.24,23.62,1701,24.03,2021-11-23T05:00:00Z,143733,23.85236
23.96,24.025,23.46,1521,23.49,2021-11-24T05:00:00Z,103726,23.741524
22.56,23.535,21.88,1576,23.18,2021-11-26T05:00:00Z,97156,22.534939
21.95,22.89,21.84,2037,22.89,2021-11-29T05:00:00Z,136570,22.208837
21.22,21.93,20.73,2382,21.55,2021-11-30T05:00:00Z,186172,21.176295
20.96,22.0399,20.87,2198,21.91,2021-12-01T05:00:00Z,166266,21.359295
21.12,21.46,20.66,1553,21.16,2021-12-02T05:00:00Z,129424,21.192395
20.48,21.3799,20.26,1794,21.0,2021-12-03T05:00:00Z,103212,20.556987
20.82,20.99,20.18,1800,20.42,2021-12-06T05:00:00Z,136138,20.719783
21.02,21.35,20.5303,1811,21.0,2021-12-07T05:00:00Z,230914,21.089283
21.29,21.89,20.84,1834,21.2,2021-12-08T05:00:00Z,179556,21.252873
21.09,21.41,20.811,1648,21.01,2021-12-09T05:00:00Z,150804,21.142395
21.2,21.83,20.35,1301,21.655,2021-12-10T05:00:00Z,137495,21.183408
21.55,21.79,21.09,1394,21.15,2021-12-13T05:00:00Z,133212,21.499501
21.46,21.9143,21.39,1396,21.52,2021-12-14T05:00:00Z,135753,21.526904
21.49,21.57,20.68,1466,21.52,2021-12-15T05:00:00Z,107814,21.30604
21.42,21.9,21.37,1636,21.69,2021-12-16T05:00:00Z,93721,21.492487
20.72,21.42,20.7,1821,21.29,2021-12-17T05:00:00Z,194855,20.934671
20.5,20.55,20.045,1300,20.37,2021-12-20T05:00:00Z,103420,20.324875
20.88,21.045,20.62,975,20.62,2021-12-21T05:00:00Z,73773,20.908753
21.27,21.31,20.65,1490,20.96,2021-12-22T05:00:00Z,112158,21.078565
21.24,21.605,21.22,1371,21.41,2021-12-23T05:00:00Z,62068,21.370243
21.8,21.98,21.2712,1926,21.28,2021-12-27T05:00:00Z,102788,21.733062
21.63,21.9,21.44,1292,21.9,2021-12-28T05:00:00Z,103600,21.619469
21.96,22.09,21.49,1310,21.71,2021-12-29T05:00:00Z,93357,21.864697
21.81,22.4,21.8,921,21.9,2021-12-30T05:00:00Z,71981,22.006871
21.76,21.87,21.48,919,21.73,2021-12-31T05:00:00Z,69549,21.720427
22.17,22.57,21.5544,1801,21.76,2022-01-03T05:00:00Z,155797,22.212914
22.63,22.7,22.06,751,22.33,2022-01-04T05:00:00Z,49022,22.541052
22.38,23.18,22.3,1147,22.74,2022-01-05T05:00:00Z,88580,22.649189
22.36,22.68,22.245,724,22.53,2022-01-06T05:00:00Z,66601,22.426014
22.16,22.5299,22.09,902,22.28,2022-01-07T05:00:00Z,55643,22.284173
22.23,22.44,21.71,893,22.1,2022-01-10T05:00:00Z,101671,22.07109
22.47,22.6,21.76,861,22.08,2022-01-11T05:00:00Z,70665,22.381358
21.68,22.77,21.67,1157,22.5,2022-01-12T05:00:00Z,116884,21.844676
21.97,22.375,21.61,1120,21.69,2022-01-13T05:00:00Z,82028,21.996994
21.99,22.1086,21.77,826,21.79,2022-01-14T05:00:00Z,73358,21.978125
21.58,22.1398,21.4,1186,21.76,2022-01-18T05:00:00Z,84640,21.717885
20.71,21.66,20.61,1408,21.66,2022-01-19T05:00:00Z,77865,20.900662
19.98,21.121,19.91,845,20.66,2022-01-20T05:00:00Z,66865,20.303536
19.76,20.567,19.65,1359,19.76,2022-01-21T05:00:00Z,96089,19.900677
20.11,20.13,19.13,1401,19.53,2022-01-24T05:00:00Z,97022,19.771395
19.22,20.09,18.92,1663,19.85,2022-01-25T05:00:00Z,110552,19.259534
19.08,19.94,18.87,1287,19.31,2022-01-26T05:00:00Z,80917,19.297911
18.74,19.6083,18.5,993,19.34,2022-01-27T05:00:00Z,72657,18.824557
19.03,19.05,18.225,780,18.61,2022-01-28T05:00:00Z,73562,18.760456
19.79,19.83,18.71,1407,18.99,2022-01-31T05:00:00Z,101365,19.610567
19.51,19.8,19.1286,1290,19.69,2022-02-01T05:00:00Z,90727,19.533539
19.26,19.7089,19.17,1219,19.47,2022-02-02T05:00:00Z,79719,19.315462
19.28,19.38,19.0,1060,19.13,2022-02-03T05:00:00Z,70856,19.245416
19.26,19.47,18.964,854,19.29,2022-02-04T05:00:00Z,55542,19.237941
19.31,19.63,19.165,1078,19.3,2022-02-07T05:00:00Z,82773,19.399676
18.25,18.58,17.01,2226,18.0,2022-02-08T05:00:00Z,169352,18.150149
17.99,18.39,17.9,2026,18.29,2022-02-09T05:00:00Z,160030,18.057074
17.77,18.19,17.73,2125,17.75,2022-02-10T05:00:00Z,144125,17.84425
17.74,17.98,17.51,2169,17.77,2022-02-11T05:00:00Z,154690,17.735691
17.66,17.99,17.55,1330,17.72,2022-02-14T05:00:00Z,91276,17.691046
17.92,17.96,17.6901,1541,17.72,2022-02-15T05:00:00Z,166443,17.832492
17.78,17.93,17.54,1382,17.86,2022-02-16T05:00:00Z,101635,17.718854
17.97,18.02,17.59,1480,17.63,2022-02-17T05:00:00Z,76505,17.872099
17.92,18.0597,17.65,1319,17.87,2022-02-18T05:00:00Z,85667,17.8892
17.76,18.1465,17.68,1504,17.86,2022-02-22T05:00:00Z,107553,17.83733
17.35,17.82,17.29,1848,17.77,2022-02-23T05:00:00Z,128792,17.404
17.42,17.48,16.88,1604,16.99,2022-02-24T05:00:00Z,100113,17.234184
17.43,17.5998,17.21,1511,17.47,2022-02-25T05:00:00Z,86518,17.454402
17.24,17.58,17.01,1897,17.22,2022-02-28T05:00:00Z,230010,17.23573
17.08,17.39,16.8,1547,17.21,2022-03-01T05:00:00Z,127839,17.023746
17.51,17.5672,17.2,1362,17.2,2022-03-02T05:00:00Z,57101,17.48586
18.01,18.13,17.38,1877,17.52,2022-03-03T05:00:00Z,119935,17.919607
18.26,18.28,17.69,1351,17.83,2022-03-04T05:00:00Z,78365,18.066347
18.62,18.8,18.23,2506,18.33,2022-03-07T05:00:00Z,120381,18.621151
18.71,19.1744,18.45,1671,18.62,2022-03-08T05:00:00Z,116819,18.821858
18.6,18.95,18.57,1553,18.91,2022-03-09T05:00:00Z,78959,18.686501
18.28,18.475,18.04,1415,18.4,2022-03-10T05:00:00Z,72523,18.238057
18.34,18.44,18.15,1171,18.27,2022-03-11T05:00:00Z,103231,18.296733
18.42,18.515,18.25,2040,18.41,2022-03-14T04:00:00Z,145104,18.405662
18.35,18.5,18.3,1481,18.34,2022-03-15T04:00:00Z,67491,18.381258
18.91,18.98,18.31,1562,18.36,2022-03-16T04:00:00Z,90147,18.722004
19.17,19.23,18.81,1578,18.84,2022-03-17T04:00:00Z,92802,19.042729
19.01,19.07,18.71,1583,19.04,2022-03-18T04:00:00Z,332949,19.005266
19.44,19.5,18.96,1180,19.0,2022-03-21T04:00:00Z,96081,19.349505
20.01,20.1,19.53,1258,19.53,2022-03-22T04:00:00Z,81956,19.957903
19.47,19.9899,19.45,913,19.83,2022-03-23T04:00:00Z,99793,19.698058
19.75,19.89,19.3376,1220,19.58,2022-03-24T04:00:00Z,52736,19.652979
19.94,20.15,19.62,1076,19.68,2022-03-25T04:00:00Z,82926,19.930319
20.04,20.07,19.614,947,19.8,2022-03-28T04:00:00Z,85798,19.902551
20.57,20.66,20.06,1246,20.06,2022-03-29T04:00:00Z,85188,20.468336
20.3,20.78,20.23,2087,20.5,2022-03-30T04:00:00Z,150554,20.490521
19.99,20.3,19.89,880,20.21,2022-03-31T04:00:00Z,110533,19.997885
20.27,20.7288,19.74,1392,20.07,2022-04-01T04:00:00Z,81144,20.14634
19.75,20.3,19.67,1133,20.29,2022-04-04T04:00:00Z,59247,19.840138
19.08,19.83,19.05,1253,19.74,2022-04-05T04:00:00Z,68123,19.233568
18.57,18.94,18.52,1674,18.92,2022-04-06T04:00:00Z,70239,18.704559
18.02,18.59,17.97,1359,18.54,2022-04-07T04:00:00Z,47423,18.146793
17.74,18.1499,17.72,1075,17.98,2022-04-08T04:00:00Z,63192,17.869821
17.37,18.11,17.34,1022,17.7,2022-04-11T04:00:00Z,67850,17.544588
17.26,17.725,17.15,1133,17.57,2022-04-12T04:00:00Z,101136,17.349298
17.28,17.63,17.03,1562,17.44,2022-04-13T04:00:00Z,94753,17.214889
17.29,17.59,17.17,1205,17.32,2022-04-14T04:00:00Z,118224,17.2768
17.98,18.17,17.24,1593,17.24,2022-04-18T04:00:00Z,152567,17.760334
18.0,18.2354,17.96,1195,18.05,2022-04-19T04:00:00Z,65321,18.035083
18.45,18.76,18.32,1027,18.5,2022-04-20T04:00:00Z,76251,18.489248
18.29,18.61,18.2,634,18.56,2022-04-21T04:00:00Z,43580,18.308903
18.08,18.23,17.9211,2131,18.23,2022-04-22T04:00:00Z,58479,18.070409
18.07,18.13,17.55,1573,17.96,2022-04-25T04:00:00Z,84829,17.944745
17.5,18.08,17.485,769,17.98,2022-04-26T04:00:00Z,62218,17.713411
17.74,18.0,17.56,1143,17.58,2022-04-27T04:00:00Z,60727,17.719936
17.98,17.99,17.52,1240,17.88,2022-04-28T04:00:00Z,57578,17.90855
17.84,18.19,17.7,1146,17.84,2022-04-29T04:00:00Z,102380,17.853423
18.18,18.235,17.73,1549,18.165,2022-05-02T04:00:00Z,66064,18.040296
18.08,18.55,18.0,1416,18.2,2022-05-03T04:00:00Z,46051,18.130995
18.31,18.32,17.84,1260,18.22,2022-05-04T04:00:00Z,74890,18.179547
17.62,18.12,17.2,1051,18.12,2022-05-05T04:00:00Z,76008,17.559114
18.54,18.63,17.5701,1193,18.09,2022-05-06T04:00:00Z,103321,18.333421
17.53,18.34,17.29,824,18.32,2022-05-09T04:00:00Z,54878,17.65764
17.66,17.82,17.12,1446,17.5,2022-05-10T04:00:00Z,75506,17.580918
17.72,17.91,17.39,1654,17.82,2022-05-11T04:00:00Z,83620,17.742887
16.93,17.58,16.66,1674,17.58,2022-05-12T04:00:00Z,105273,16.95853
17.5,17.59,16.95,1438,16.95,2022-05-13T04:00:00Z,69530,17.382388
17.11,17.375,16.715,1127,17.36,2022-05-16T04:00:00Z,81223,17.121707
18.05,18.17,16.9031,1209,17.38,2022-05-17T04:00:00Z,74738,17.904655
18.16,18.28,17.91,1336,17.95,2022-05-18T04:00:00Z,99307,18.14071
17.69,18.34,17.63,1698,17.99,2022-05-19T04:00:00Z,86923,18.012375
17.54,17.86,17.13,1649,17.81,2022-05-20T04:00:00Z,99773,17.475667
17.9,17.9,17.45,1295,17.52,2022-05-23T04:00:00Z,55564,17.713381
17.81,17.99,17.31,1426,17.9,2022-05-24T04:00:00Z,64449,17.696222
18.08,18.16,17.765,1454,17.82,2022-05-25T04:00:00Z,69569,18.015978
18.16,18.44,17.64,1400,18.03,2022-05-26T04:00:00Z,71294,18.183656
18.7,18.78,18.16,1052,18.31,2022-05-27T04:00:00Z,59403,18.593225
19.01,19.19,18.25,3459,18.67,2022-05-31T04:00:00Z,519678,18.986617
19.4,19.62,18.877,1922,19.01,2022-06-01T04:00:00Z,69664,19.373405
19.72,19.92,19.31,1978,19.31,2022-06-02T04:00:00Z,90526,19.68467
19.94,20.01,19.504,1733,19.51,2022-06-03T04:00:00Z,73974,19.882353
20.48,20.8,19.91,1763,19.94,2022-06-06T04:00:00Z,95399,20.48297
20.56,21.32,20.5,1375,20.5,2022-06-07T04:00:00Z,74565,20.648391
20.0,21.28,19.94,1245,20.39,2022-06-08T04:00:00Z,74073,20.049019
20.04,20.205,19.91,1061,20.0,2022-06-09T04:00:00Z,45532,20.03896
20.0,20.19,19.73,834,19.73,2022-06-10T04:00:00Z,52659,20.000119
20.01,20.1,19.55,1726,19.55,2022-06-13T04:00:00Z,95588,19.90379
20.14,20.2143,19.1801,1230,20.0,2022-06-14T04:00:00Z,82751,20.077036
20.54,20.8,20.22,1256,20.38,2022-06-15T04:00:00Z,64983,20.513175
20.08,20.4,19.85,2528,20.24,2022-06-16T04:00:00Z,161640,20.037421
20.51,20.9,20.3,2321,20.3,2022-06-17T04:00:00Z,366715,20.465625
21.0,21.41,20.5,1937,20.54,2022-06-21T04:00:00Z,110264,21.040334
20.99,21.19,20.02,1750,20.77,2022-06-22T04:00:00Z,95820,20.977197
20.88,21.21,20.52,2506,21.0,2022-06-23T04:00:00Z,113761,20.769721
21.25,21.27,20.9,1604,20.9,2022-06-24T04:00:00Z,244600,21.197149
21.74,22.11,21.29,1527,21.41,2022-06-27T04:00:00Z,103973,21.702926
21.18,22.12,21.18,2091,21.74,2022-06-28T04:00:00Z,100817,21.533779
20.0,21.32,19.99,2042,21.18,2022-06-29T04:00:00Z,97308,20.260059
20.1,20.185,19.73,1345,19.76,2022-06-30T04:00:00Z,76777,20.054367
19.81,20.0888,19.47,1239,19.99,2022-07-01T04:00:00Z,49508,19.770462
20.26,20.28,19.195,2581,19.49,2022-07-05T04:00:00Z,110610,19.936325
18.35,20.22,18.14,1541,20.22,2022-07-06T04:00:00Z,111965,18.520422
19.01,19.29,18.16,1213,18.32,2022-07-07T04:00:00Z,74292,18.964996
19.17,19.459,18.271,1302,18.86,2022-07-08T04:00:00Z,75889,19.114742
18.92,19.3199,18.73,1308,19.01,2022-07-11T04:00:00Z,44885,18.976276
18.89,19.403,18.825,1081,19.05,2022-07-12T04:00:00Z,57378,19.003424
18.91,18.98,18.34,628,18.79,2022-07-13T04:00:00Z,39716,18.825136
18.58,18.71,18.2199,1284,18.69,2022-07-14T04:00:00Z,40252,18.504962
19.17,19.28,18.535,1552,18.9,2022-07-15T04:00:00Z,96682,18.956227
19.07,19.57,18.99,787,19.42,2022-07-18T04:00:00Z,41354,19.244023
19.95,20.15,18.67,1329,19.35,2022-07-19T04:00:00Z,65902,19.808742
19.98,20.08,19.775,984,19.86,2022-07-20T04:00:00Z,58675,19.959742
20.35,20.35,19.78,581,20.02,2022-07-21T04:00:00Z,31741,20.221889
19.96,20.5,19.78,981,20.5,2022-07-22T04:00:00Z,46285,20.004738
20.24,20.72,20.09,864,20.13,2022-07-25T04:00:00Z,48981,20.208785
20.42,21.0,19.4201,682,20.34,2022-07-26T04:00:00Z,33050,20.419284
21.06,21.2199,20.3679,669,20.64,2022-07-27T04:00:00Z,54628,20.987683
21.82,22.09,21.22,955,21.25,2022-07-28T04:00:00Z,79656,21.763148
22.0,22.48,21.96,650,21.96,2022-07-29T04:00:00Z,51173,22.088362
21.51,22.13,21.3451,1533,22.13,2022-08-01T04:00:00Z,56549,21.576824
21.49,21.73,21.1101,837,21.53,2022-08-02T04:00:00Z,68998,21.379915
21.78,22.1288,21.36,778,21.46,2022-08-03T04:00:00Z,35462,21.769801
21.68,21.85,21.51,720,21.75,2022-08-04T04:00:00Z,36018,21.677771
20.7,22.2598,20.59,1092,21.82,2022-08-05T04:00:00Z,59449,21.106331
20.56,21.0,20.12,992,20.77,2022-08-08T04:00:00Z,54517,20.496789
21.0,21.2,20.43,1067,20.59,2022-08-09T04:00:00Z,73157,20.971973
21.62,21.77,20.85,1203,21.23,2022-08-10T04:00:00Z,74042,21.488344
21.94,22.225,21.5616,776,21.71,2022-08-11T04:00:00Z,43912,21.921874
22.89,22.9032,22.01,903,22.18,2022-08-12T04:00:00Z,83126,22.651968
22.85,22.92,22.5601,874,22.85,2022-08-15T04:00:00Z,46159,22.777712
23.09,23.47,20.9553,964,22.89,2022-08-16T04:00:00Z,64336,23.031142
23.16,23.39,22.7,814,23.06,2022-08-17T04:00:00Z,40479,23.078347
23.6,23.87,23.11,787,23.11,2022-08-18T04:00:00Z,41437,23.582194
23.34,23.79,23.0301,845,23.43,2022-08-19T04:00:00Z,124637,23.353835
22.93,23.31,22.79,963,22.99,2022-08-22T04:00:00Z,57433,22.984121
22.74,23.18,22.5083,575,22.81,2022-08-23T04:00:00Z,52977,22.780226
22.52,23.01,22.09,1011,22.78,2022-08-24T04:00:00Z,45203,22.520676
22.8,23.02,21.8056,712,21.8056,2022-08-25T04:00:00Z,42897,22.720168
21.95,22.74,21.94,683,22.7326,2022-08-26T04:00:00Z,37282,22.142151
21.7,21.98,21.3601,818,21.76,2022-08-29T04:00:00Z,41870,21.669864
21.54,21.87,21.32,770,21.87,2022-08-30T04:00:00Z,33178,21.551213
21.54,21.72,21.13,985,21.72,2022-08-31T04:00:00Z,136605,21.509246
20.31,21.53,20.19,1323,21.34,2022-09-01T04:00:00Z,44576,20.525889
20.19,21.05,20.03,1083,20.35,2022-09-02T04:00:00Z,37231,20.337045
20.19,20.575,20.0108,909,20.15,2022-09-06T04:00:00Z,36008,20.176229
20.21,20.68,20.01,984,20.05,2022-09-07T04:00:00Z,57541,20.235951
20.0,20.09,19.6408,618,20.0,2022-09-08T04:00:00Z,27608,19.939704
20.78,20.84,19.89,2301,20.1,2022-09-09T04:00:00Z,54337,20.607556
20.55,21.12,20.42,754,20.72,2022-09-12T04:00:00Z,36530,20.634281
19.74,20.343,19.61,1327,19.98,2022-09-13T04:00:00Z,54550,19.826738
19.65,19.95,19.46,768,19.67,2022-09-14T04:00:00Z,40815,19.665821
19.41,20.1621,19.24,1265,19.43,2022-09-15T04:00:00Z,65999,19.466737
19.18,20.07,18.77,1595,19.41,2022-09-16T04:00:00Z,259913,19.204365
19.36,19.61,18.81,807,19.18,2022-09-19T04:00:00Z,62374,19.19505
19.03,19.34,18.68,1032,19.23,2022-09-20T04:00:00Z,63262,19.029163
18.61,19.31,18.51,895,19.17,2022-09-21T04:00:00Z,60517,18.781028
18.19,18.85,17.85,892,18.39,2022-09-22T04:00:00Z,58013,18.250433
17.5,17.98,17.16,958,17.98,2022-09-23T04:00:00Z,70530,17.47408
17.39,17.805,17.17,1252,17.54,2022-09-26T04:00:00Z,69395,17.384497
17.3,17.57,17.14,945,17.47,2022-09-27T04:00:00Z,48223,17.30785
17.82,18.04,17.27,936,17.39,2022-09-28T04:00:00Z,78795,17.748395
17.52,17.77,17.16,618,17.77,2022-09-29T04:00:00Z,51682,17.463763
17.15,18.0,17.12,986,17.45,2022-09-30T04:00:00Z,100372,17.303538
17.77,17.78,17.3978,1372,17.47,2022-10-03T04:00:00Z,65878,17.708232
18.19,18.4799,17.95,955,17.95,2022-10-04T04:00:00Z,97755,18.20857
18.72,18.82,18.05,1333,18.05,2022-10-05T04:00:00Z,69925,18.553543
18.29,19.05,18.21,899,18.53,2022-10-06T04:00:00Z,50341,18.480567
17.55,18.55,17.48,797,18.06,2022-10-07T04:00:00Z,47164,17.679748
17.53,17.78,17.5,870,17.58,2022-10-10T04:00:00Z,30279,17.58129
17.3,17.66,17.13,739,17.5,2022-10-11T04:00:00Z,54344,17.356018
17.76,17.87,17.1,968,17.4,2022-10-12T04:00:00Z,67107,17.658657
18.26,18.29,17.4098,1047,17.5,2022-10-13T04:00:00Z,64298,18.083894
17.84,18.44,17.8,606,18.44,2022-10-14T04:00:00Z,41864,17.884323
18.34,18.37,18.11,566,18.12,2022-10-17T04:00:00Z,49350,18.276573
18.67,18.94,18.5,881,18.71,2022-10-18T04:00:00Z,60701,18.729518
18.58,18.61,18.295,685,18.41,2022-10-19T04:00:00Z,38740,18.514173
18.51,18.92,18.4128,642,18.62,2022-10-20T04:00:00Z,64307,18.554523
18.88,19.2,18.11,693,18.63,2022-10-21T04:00:00Z,66029,18.85443
19.31,19.46,18.9,539,18.99,2022-10-24T04:00:00Z,33691,19.18519
19.69,20.0,19.27,622,19.34,2022-10-25T04:00:00Z,35192,19.705249
19.95,20.235,19.53,897,19.72,2022-10-26T04:00:00Z,42035,19.926783
19.86,20.35,19.76,771,20.16,2022-10-27T04:00:00Z,51464,20.02367
20.38,20.8,20.0,647,20.04,2022-10-28T04:00:00Z,55909,20.410561
20.67,21.0,20.22,1281,20.39,2022-10-31T04:00:00Z,203992,20.66888
20.68,21.19,20.13,1092,20.98,2022-11-01T04:00:00Z,64529,20.571509
20.65,21.48,20.3674,1022,20.52,2022-11-02T04:00:00Z,57781,20.72771
20.77,21.06,20.3,674,20.3,2022-11-03T04:00:00Z,34972,20.737318
20.99,21.3,20.65,672,21.11,2022-11-04T04:00:00Z,35668,20.959094
21.61,21.82,20.975,972,21.03,2022-11-07T05:00:00Z,60809,21.553198
21.74,22.815,20.421,822,21.64,2022-11-08T05:00:00Z,67174,21.860641
21.72,22.125,21.36,1035,21.64,2022-11-09T05:00:00Z,53623,21.705319
23.24,23.33,22.22,1117,22.47,2022-11-10T05:00:00Z,86469,23.098625
23.31,23.73,23.04,1281,23.24,2022-11-11T05:00:00Z,57673,23.370908
22.83,23.8,22.79,1205,23.22,2022-11-14T05:00:00Z,74839,23.185538
22.73,23.375,22.55,1035,23.12,2022-11-15T05:00:00Z,68634,22.80914
22.25,22.75,21.89,1074,22.75,2022-11-16T05:00:00Z,57924,22.235911
22.57,22.61,21.68,1336,21.91,2022-11-17T05:00:00Z,37932,22.336854
23.3,23.87,22.79,1479,23.04,2022-11-18T05:00:00Z,146396,23.189177
23.08,23.4601,22.845,1039,23.3,2022-11-21T05:00:00Z,76563,23.168863
23.07,23.368,22.78,971,23.26,2022-11-22T05:00:00Z,65420,23.114879
22.87,23.2,22.74,600,23.1,2022-11-23T05:00:00Z,27809,22.897829
22.91,23.07,22.37,384,23.07,2022-11-25T05:00:00Z,19464,22.797058
22.33,22.82,22.2,872,22.82,2022-11-28T05:00:00Z,54562,22.431879
22.46,22.65,22.39,777,22.42,2022-11-29T05:00:00Z,33065,22.461919
23.09,23.16,22.27,1097,22.59,2022-11-30T05:00:00Z,115722,22.941625
22.93,23.21,22.722,1297,23.21,2022-12-01T05:00:00Z,39854,22.93099
23.4,23.61,22.82,1362,22.83,2022-12-02T05:00:00Z,103568,23.351299
22.7,23.39,22.65,1156,23.39,2022-12-05T05:00:00Z,73063,22.830577
23.07,23.37,22.6,1248,22.76,2022-12-06T05:00:00Z,175714,23.056022
23.26,23.38,22.91,1267,22.91,2022-12-07T05:00:00Z,115183,23.176306
24.11,24.7018,22.9332,1890,23.32,2022-12-08T05:00:00Z,185387,24.020204
24.2,24.4599,23.73,2050,24.08,2022-12-09T05:00:00Z,95912,24.13369
24.35,24.8178,24.2,1779,24.28,2022-12-12T05:00:00Z,131855,24.432978
24.71,25.39,24.605,1750,25.0,2022-12-13T05:00:00Z,139220,24.844582
24.16,25.15,24.125,1441,24.72,2022-12-14T05:00:00Z,105288,24.470226
22.73,24.085,22.69,1472,23.98,2022-12-15T05:00:00Z,109975,23.183559
23.18,23.41,22.2117,1915,22.41,2022-12-16T05:00:00Z,360320,22.945722
23.19,23.51,22.2139,1362,23.18,2022-12-19T05:00:00Z,111486,23.173015
24.27,24.39,22.3137,2678,23.19,2022-12-20T05:00:00Z,175428,23.948997
24.25,24.9,24.09,1678,24.45,2022-12-21T05:00:00Z,114968,24.310156
22.69,24.19,22.36,1290,24.19,2022-12-22T05:00:00Z,91598,22.818549
22.38,22.78,22.28,903,22.64,2022-12-23T05:00:00Z,43327,22.433266
22.73,22.765,22.17,958,22.24,2022-12-27T05:00:00Z,70751,22.608112
21.94,22.9338,21.94,997,22.73,2022-12-28T05:00:00Z,72228,22.105376
22.84,22.92,21.95,925,22.04,2022-12-29T05:00:00Z,65715,22.641977
22.59,23.42,22.06,870,22.68,2022-12-30T05:00:00Z,44263,22.594377
22.95,23.04,22.5,1728,22.81,2023-01-03T05:00:00Z,90456,22.904795
22.55,23.5,22.48,768,23.19,2023-01-04T05:00:00Z,45942,22.723565
22.32,22.56,22.15,760,22.43,2023-01-05T05:00:00Z,55558,22.312217
23.68,23.68,22.5,826,22.57,2023-01-06T05:00:00Z,59388,23.479721
24.23,24.42,23.71,1302,23.71,2023-01-09T05:00:00Z,65073,24.202352
24.06,24.14,23.91,861,24.09,2023-01-10T05:00:00Z,41795,24.047623
23.88,24.2,23.12,1455,24.17,2023-01-11T05:00:00Z,110568,23.759696
24.11,24.33,23.78,1197,24.1,2023-01-12T05:00:00Z,98683,24.107871
24.31,24.335,23.9401,824,24.0,2023-01-13T05:00:00Z,47963,24.256448
24.46,24.88,24.24,2713,24.44,2023-01-17T05:00:00Z,90228,24.544694
24.11,24.7,24.07,3044,24.48,2023-01-18T05:00:00Z,57782,24.286194
23.9,23.99,23.45,1143,23.9,2023-01-19T05:00:00Z,60655,23.835119
24.13,24.28,23.51,1069,24.1,2023-01-20T05:00:00Z,100804,24.078833
24.68,24.87,23.83,3233,24.05,2023-01-23T05:00:00Z,96262,24.540585
24.73,24.79,24.5532,659,24.72,2023-01-24T05:00:00Z,28351,24.717538
25.57,25.58,24.07,1379,24.58,2023-01-25T05:00:00Z,74319,25.248201
25.22,25.89,24.95,1278,25.7,2023-01-26T05:00:00Z,78844,25.272675
25.57,25.63,24.93,1172,25.22,2023-01-27T05:00:00Z,69814,25.379035
24.66,25.6699,24.57,970,25.48,2023-01-30T05:00:00Z,57986,24.880103
25.52,25.59,24.66,1544,24.73,2023-01-31T05:00:00Z,118670,25.417883
25.75,25.9,25.3,2350,25.55,2023-02-01T05:00:00Z,99252,25.707159
25.31,26.13,25.21,1707,26.0,2023-02-02T05:00:00Z,72372,25.466183
25.39,25.73,25.1,1883,25.14,2023-02-03T05:00:00Z,95351,25.39897
25.7,26.065,25.5,1878,25.55,2023-02-06T05:00:00Z,107412,25.785444
27.0,28.18,26.57,2654,26.84,2023-02-07T05:00:00Z,241143,27.149545
25.88,27.16,25.17,2118,26.54,2023-02-08T05:00:00Z,134322,26.081391
25.97,26.57,25.97,1860,26.02,2023-02-09T05:00:00Z,95377,26.07424
25.705,25.92,25.22,1282,25.83,2023-02-10T05:00:00Z,111645,25.672757
26.56,26.57,25.48,1935,25.86,2023-02-13T05:00:00Z,141010,26.331356
26.16,26.63,26.07,1615,26.57,2023-02-14T05:00:00Z,78747,26.329659
26.36,26.41,25.89,1550,26.03,2023-02-15T05:00:00Z,72134,26.31747
26.29,26.3803,25.8687,1519,26.1,2023-02-16T05:00:00Z,78803,26.220475
26.07,26.36,25.99,1593,26.36,2023-02-17T05:00:00Z,98424,26.184165
25.21,25.71,25.19,1244,25.71,2023-02-21T05:00:00Z,80861,25.389275
24.89,25.44,24.765,1634,25.27,2023-02-22T05:00:00Z,120295,24.915219
24.97,25.29,24.69,1343,25.09,2023-02-23T05:00:00Z,61686,24.985758
24.8,24.96,24.5,1683,24.65,2023-02-24T05:00:00Z,71654,24.761554
25.25,25.32,24.69,1824,24.9,2023-02-27T05:00:00Z,88049,25.180425
25.01,25.4,25.01,1919,25.18,2023-02-28T05:00:00Z,263692,25.073394
25.51,25.89,25.09,1954,25.09,2023-03-01T05:00:00Z,113743,25.58249
25.25,25.41,24.91,1535,25.16,2023-03-02T05:00:00Z,89007,25.240925
25.89,26.1,25.17,1980,25.4,2023-03-03T05:00:00Z,96771,25.691572
25.48,26.3,25.35,3052,26.04,2023-03-06T05:00:00Z,266466,25.576521
25.15,25.82,24.93,2470,25.56,2023-03-07T05:00:00Z,106888,25.256701
25.05,25.3999,24.79,2279,25.15,2023-03-08T05:00:00Z,131455,25.044249
24.38,25.33,24.35,2445,25.16,2023-03-09T05:00:00Z,105325,24.640202
23.62,24.41,23.46,2342,24.29,2023-03-10T05:00:00Z,92575,23.781569
22.48,23.46,22.14,3567,23.2,2023-03-13T04:00:00Z,245195,22.666194
22.65,23.43,22.51,2756,23.11,2023-03-14T04:00:00Z,162509,22.751694
22.04,22.1,21.66,2723,21.99,2023-03-15T04:00:00Z,151618,21.944184
22.36,22.6,21.38,1870,21.68,2023-03-16T04:00:00Z,102238,22.219083
21.46,22.33,21.24,2734,22.13,2023-03-17T04:00:00Z,832816,21.54394
21.98,22.255,21.79,1501,21.79,2023-03-20T04:00:00Z,83649,22.020605
22.68,22.81,22.25,1871,22.43,2023-03-21T04:00:00Z,201936,22.612949
22.11,23.01,22.08,1364,22.67,2023-03-22T04:00:00Z,75561,22.385803
22.23,22.89,22.07,1828,22.15,2023-03-23T04:00:00Z,100467,22.295116
22.32,22.365,21.86,1209,22.01,2023-03-24T04:00:00Z,92603,22.263829
22.76,22.82,22.36,1141,22.66,2023-03-27T04:00:00Z,67071,22.725766
22.59,22.685,22.485,1521,22.51,2023-03-28T04:00:00Z,76374,22.572589
23.0,23.15,22.12,1379,22.76,2023-03-29T04:00:00Z,77628,22.9472
23.38,23.4826,23.06,1134,23.24,2023-03-30T04:00:00Z,50903,23.328644
24.1,24.24,23.49,2057,23.5,2023-03-31T04:00:00Z,130177,24.018582
23.94,24.3,23.62,2209,24.08,2023-04-03T04:00:00Z,91050,23.911036
23.14,23.78,22.9515,1388,23.78,2023-04-04T04:00:00Z,90507,23.155021
23.01,23.21,22.81,1379,22.83,2023-04-05T04:00:00Z,79195,23.014398
22.67,23.14,22.63,1135,23.14,2023-04-06T04:00:00Z,54558,22.756814
22.94,23.06,22.45,1043,22.45,2023-04-10T04:00:00Z,60420,22.92666
22.79,23.245,22.75,1438,23.15,2023-04-11T04:00:00Z,73056,22.889349
22.71,23.275,22.71,1124,23.08,2023-04-12T04:00:00Z,41331,22.856276
23.01,23.2,22.75,1123,22.85,2023-04-13T04:00:00Z,47665,23.012313
22.74,23.25,22.61,1623,22.98,2023-04-14T04:00:00Z,52121,22.784377
22.6,22.695,22.42,1888,22.61,2023-04-17T04:00:00Z,106121,22.575784
22.15,22.75,22.085,1328,22.63,2023-04-18T04:00:00Z,52778,22.241082
21.78,21.93,21.36,1077,21.88,2023-04-19T04:00:00Z,41815,21.779233
21.53,21.8,21.39,1436,21.67,2023-04-20T04:00:00Z,47877,21.568737
21.06,21.49,20.88,1896,21.49,2023-04-21T04:00:00Z,90018,21.154933
20.86,21.38,20.86,1527,21.02,2023-04-24T04:00:00Z,76738,21.009316
20.24,20.9,20.23,1548,20.71,2023-04-25T04:00:00Z,80057,20.435837
19.93,20.26,19.81,1375,20.14,2023-04-26T04:00:00Z,101445,19.959034
19.8,20.21,19.5177,1827,19.97,2023-04-27T04:00:00Z,79075,19.709393
20.13,20.4001,19.72,1796,19.79,2023-04-28T04:00:00Z,81152,20.061821
20.3,20.82,20.03,2129,20.03,2023-05-01T04:00:00Z,60763,20.378283
20.22,20.33,19.765,1990,20.16,2023-05-02T04:00:00Z,71795,20.129765
20.32,20.63,20.09,1662,20.23,2023-05-03T04:00:00Z,84839,20.32609
19.92,20.28,19.77,2335,20.05,2023-05-04T04:00:00Z,200468,19.941739
20.59,20.8688,19.9255,1717,20.0,2023-05-05T04:00:00Z,176202,20.552875
20.85,20.94,20.61,1717,20.78,2023-05-08T04:00:00Z,115822,20.784776
21.02,21.13,20.61,3083,20.78,2023-05-09T04:00:00Z,102951,20.978852
21.98,22.14,21.04,2724,21.34,2023-05-10T04:00:00Z,139700,21.734647
22.57,22.59,21.74,2436,21.74,2023-05-11T04:00:00Z,117605,22.299024
22.22,22.75,21.87,1840,22.7,2023-05-12T04:00:00Z,93740,22.1829
22.0,22.43,21.82,2178,22.28,2023-05-15T04:00:00Z,104728,22.021346
22.15,22.26,21.74,920,21.8,2023-05-16T04:00:00Z,52557,22.101481
22.72,22.83,22.02,1632,22.32,2023-05-17T04:00:00Z,98050,22.57193
23.06,23.12,22.645,1007,22.72,2023-05-18T04:00:00Z,46783,22.961334
23.22,23.33,22.98,1360,23.33,2023-05-19T04:00:00Z,80321,23.182958
23.89,23.93,23.055,1979,23.31,2023-05-22T04:00:00Z,84145,23.608243
24.1,24.195,22.8177,2571,23.79,2023-05-23T04:00:00Z,106648,23.988427
23.9,24.1,23.42,2093,24.02,2023-05-24T04:00:00Z,113218,23.864497
24.52,24.6999,23.92,1383,23.97,2023-05-25T04:00:00Z,60296,24.391703
25.15,25.4,24.38,1960,24.49,2023-05-26T04:00:00Z,114199,25.093538
25.06,25.66,24.82,2262,25.42,2023-05-30T04:00:00Z,98500,25.113718
24.8,25.16,24.265,2455,24.99,2023-05-31T04:00:00Z,204072,24.791028
23.91,24.84,23.89,3165,24.79,2023-06-01T04:00:00Z,132648,24.269696
25.36,25.42,23.73,3268,24.24,2023-06-02T04:00:00Z,150180,25.112996
24.88,25.52,24.35,1386,25.52,2023-06-05T04:00:00Z,56143,24.949567
25.62,26.09,24.79,2263,24.81,2023-06-06T04:00:00Z,106955,25.74505
26.51,26.7964,25.76,2381,25.76,2023-06-07T04:00:00Z,129969,26.48809
26.05,26.4099,26.02,1360,26.34,2023-06-08T04:00:00Z,52062,26.151001
25.62,26.67,25.59,1532,26.07,2023-06-09T04:00:00Z,81388,25.78618
27.0,27.195,26.01,2247,26.36,2023-06-12T04:00:00Z,84419,26.901369
27.29,27.75,27.04,2212,27.08,2023-06-13T04:00:00Z,82354,27.449062
26.89,27.47,26.71,1424,27.29,2023-06-14T04:00:00Z,66934,26.98622
27.5,27.53,26.77,1487,27.07,2023-06-15T04:00:00Z,81006,27.281798
27.27,28.03,27.01,1719,28.03,2023-06-16T04:00:00Z,105541,27.59876
27.05,27.21,26.6,1837,27.21,2023-06-20T04:00:00Z,75815,27.005845
26.71,27.215,26.69,2001,26.93,2023-06-21T04:00:00Z,80969,26.928903
26.38,26.94,26.315,1547,26.69,2023-06-22T04:00:00Z,73786,26.486518
26.26,26.69,25.92,2838,25.95,2023-06-23T04:00:00Z,388119,26.285524
26.2,26.695,25.87,1893,26.17,2023-06-26T04:00:00Z,81416,26.255179
26.74,27.21,26.3,2008,26.39,2023-06-27T04:00:00Z,65063,26.800992
26.9,27.04,26.58,1788,26.69,2023-06-28T04:00:00Z,67501,26.835378
27.54,27.57,26.98,1871,26.98,2023-06-29T04:00:00Z,67470,27.377617
27.63,28.1,27.45,1459,27.91,2023-06-30T04:00:00Z,82514,27.768499
27.59,27.75,27.205,874,27.59,2023-07-03T04:00:00Z,33588,27.49182
27.28,27.44,26.96,1680,27.41,2023-07-05T04:00:00Z,74265,27.241545
27.41,27.47,26.77,1937,26.92,2023-07-06T04:00:00Z,68339,27.214688
28.33,28.435,27.45,2655,27.45,2023-07-07T04:00:00Z,176450,28.224255
28.52,28.85,28.25,1546,28.25,2023-07-10T04:00:00Z,73855,28.523339
28.59,28.76,28.13,1874,28.5,2023-07-11T04:00:00Z,71341,28.550582
28.81,28.95,28.33,1752,28.94,2023-07-12T04:00:00Z,92282,28.720735
28.93,29.1681,28.59,1448,28.91,2023-07-13T04:00:00Z,101473,28.855975
28.95,29.02,28.31,1729,28.89,2023-07-14T04:00:00Z,128512,28.850404
29.48,29.68,28.94,2197,28.97,2023-07-17T04:00:00Z,145463,29.484055
29.79,29.93,29.39,2311,29.52,2023-07-18T04:00:00Z,143370,29.742761
29.67,30.0,29.24,2495,29.72,2023-07-19T04:00:00Z,102789,29.567008
29.51,29.72,28.99,3306,29.69,2023-07-20T04:00:00Z,167701,29.388945
29.42,29.93,29.07,1925,29.84,2023-07-21T04:00:00Z,80106,29.533918
29.74,29.9467,29.3,2157,29.51,2023-07-24T04:00:00Z,94784,29.556419
29.94,30.29,29.69,2582,29.69,2023-07-25T04:00:00Z,148384,30.104833
29.59,29.9275,29.37,2464,29.8,2023-07-26T04:00:00Z,96250,29.602794
29.0,29.875,28.85,1919,29.78,2023-07-27T04:00:00Z,83065,29.170221
29.15,29.52,28.99,1755,29.33,2023-07-28T04:00:00Z,68444,29.195702
29.18,29.48,29.01,2528,29.14,2023-07-31T04:00:00Z,91425,29.16745
30.15,30.19,28.88,3123,28.98,2023-08-01T04:00:00Z,122041,29.731494
29.46,30.07,29.46,2132,29.99,2023-08-02T04:00:00Z,63355,29.710868
29.35,29.46,29.02,2246,29.28,2023-08-03T04:00:00Z,63676,29.303466
28.98,29.64,28.91,1207,29.3,2023-08-04T04:00:00Z,51220,29.176957
29.21,29.37,29.03,1327,29.03,2023-08-07T04:00:00Z,58558,29.177166
28.85,28.9287,28.35,1126,28.85,2023-08-08T04:00:00Z,50635,28.770724
27.94,28.77,27.9,1401,28.77,2023-08-09T04:00:00Z,62080,28.115912
27.46,28.08,27.29,1606,27.98,2023-08-10T04:00:00Z,83830,27.56573
27.87,28.23,26.81,2465,27.52,2023-08-11T04:00:00Z,88177,27.887627
27.66,28.245,27.62,2026,27.86,2023-08-14T04:00:00Z,53896,27.71859
27.52,27.5885,27.33,1576,27.45,2023-08-15T04:00:00Z,79923,27.441918
27.18,27.69,27.14,2356,27.45,2023-08-16T04:00:00Z,81318,27.325846
29.11,29.42,26.7,2784,26.7,2023-08-17T04:00:00Z,159035,28.791589
27.78,28.97,27.375,2069,28.97,2023-08-18T04:00:00Z,89986,27.989539
28.08,28.18,27.56,1911,27.75,2023-08-21T04:00:00Z,83819,27.949907
28.33,28.775,28.02,1842,28.2,2023-08-22T04:00:00Z,83533,28.396398
28.78,29.05,28.27,1942,28.5,2023-08-23T04:00:00Z,62266,28.770838
28.18,28.8378,28.13,1635,28.61,2023-08-24T04:00:00Z,63039,28.286117
28.28,28.4129,28.04,1567,28.21,2023-08-25T04:00:00Z,64670,28.273944
29.01,29.48,28.56,1928,28.56,2023-08-28T04:00:00Z,84027,29.107852
29.19,29.36,29.03,1169,29.05,2023-08-29T04:00:00Z,45705,29.193394
29.8,30.01,29.19,2011,29.19,2023-08-30T04:00:00Z,91143,29.774065
30.19,30.54,29.66,1689,29.66,2023-08-31T04:00:00Z,87376,30.167817
31.11,31.38,30.49,2465,30.49,2023-09-01T04:00:00Z,156562,31.029605
29.98,31.43,29.75,2455,31.11,2023-09-05T04:00:00Z,112093,30.215976
29.84,30.51,29.28,1778,29.98,2023-09-06T04:00:00Z,53512,29.747435
29.2,29.58,28.98,1770,29.58,2023-09-07T04:00:00Z,70713,29.18787
28.9,29.25,28.79,1649,29.25,2023-09-08T04:00:00Z,46138,28.9294
28.91,29.12,28.85,1667,29.06,2023-09-11T04:00:00Z,56041,28.950893
28.59,29.09,28.5,1194,28.86,2023-09-12T04:00:00Z,35680,28.62483
28.23,28.7312,28.17,1811,28.58,2023-09-13T04:00:00Z,68400,28.314786
28.1,28.64,28.07,1508,28.38,2023-09-14T04:00:00Z,82393,28.20597
27.5,28.21,27.25,2006,28.21,2023-09-15T04:00:00Z,182225,27.640525
27.91,28.36,27.45,1818,27.45,2023-09-18T04:00:00Z,86444,27.964434
27.89,27.9968,27.61,1384,27.85,2023-09-19T04:00:00Z,47312,27.858112
27.66,28.4,27.42,1097,28.1,2023-09-20T04:00:00Z,55376,27.907037
27.12,27.53,26.97,1386,27.35,2023-09-21T04:00:00Z,68710,27.20732
27.25,27.7609,27.16,1194,27.16,2023-09-22T04:00:00Z,42200,27.330969
27.33,27.52,26.93,1944,27.02,2023-09-25T04:00:00Z,52987,27.267075
26.63,27.52,26.5,983,27.11,2023-09-26T04:00:00Z,40912,26.833328
27.15,27.29,26.73,1429,26.73,2023-09-27T04:00:00Z,52565,27.112509
27.75,27.8,26.6,1318,27.15,2023-09-28T04:00:00Z,54055,27.642609
27.38,28.01,27.21,1752,27.89,2023-09-29T04:00:00Z,82017,27.428436
27.57,28.03,27.15,2460,27.15,2023-10-02T04:00:00Z,75864,27.677296
26.85,27.54,26.6401,1614,27.5,2023-10-03T04:00:00Z,46879,26.920715
27.15,27.26,26.59,1160,26.77,2023-10-04T04:00:00Z,41902,27.110754
27.22,27.29,26.86,1270,27.25,2023-10-05T04:00:00Z,67625,27.175564
27.69,27.93,27.155,1332,27.16,2023-10-06T04:00:00Z,71239,27.563965
28.02,28.11,27.31,1496,27.75,2023-10-09T04:00:00Z,65837,27.910663
27.75,28.33,27.6973,1174,28.05,2023-10-10T04:00:00Z,55055,27.857116
27.85,28.16,27.45,1048,27.84,2023-10-11T04:00:00Z,49447,27.73851
26.94,27.85,26.93,1291,27.85,2023-10-12T04:00:00Z,52347,27.066885
25.95,27.1,25.83,1393,27.1,2023-10-13T04:00:00Z,65330,26.09779
26.32,26.79,26.01,1683,26.1,2023-10-16T04:00:00Z,83202,26.322313
26.92,27.09,26.11,1688,26.11,2023-10-17T04:00:00Z,102671,26.871653
26.37,26.7,26.34,1265,26.66,2023-10-18T04:00:00Z,55133,26.425746
25.5,26.23,25.41,1022,26.23,2023-10-19T04:00:00Z,58368,25.662854
25.39,25.6196,25.255,2003,25.59,2023-10-20T04:00:00Z,113317,25.412464
24.89,25.36,24.86,1346,25.15,2023-10-23T04:00:00Z,67474,24.962883
25.42,25.57,24.9,1321,25.03,2023-10-24T04:00:00Z,64005,25.368984
24.87,25.305,24.65,1513,25.22,2023-10-25T04:00:00Z,56665,24.883845
25.38,25.54,24.89,991,24.9,2023-10-26T04:00:00Z,55691,25.306191
25.27,25.46,24.8175,735,25.34,2023-10-27T04:00:00Z,38231,25.243702
25.52,25.97,25.36,1017,25.52,2023-10-30T04:00:00Z,51368,25.525425
26.2,26.21,25.22,1343,25.63,2023-10-31T04:00:00Z,73277,26.008352
26.64,26.755,25.5454,2158,26.26,2023-11-01T04:00:00Z,78967,26.489634
26.48,27.21,25.93,1161,26.8,2023-11-02T04:00:00Z,50318,26.383106
27.21,27.41,26.92,1170,26.92,2023-11-03T04:00:00Z,54702,27.207912
27.01,27.4789,26.94,1514,27.44,2023-11-06T05:00:00Z,53917,27.082814
23.49,26.5,23.41,3257,26.5,2023-11-07T05:00:00Z,220685,24.401611
23.235,24.25,23.085,2942,23.56,2023-11-08T05:00:00Z,125186,23.315582
23.07,24.44,22.88,2160,23.4,2023-11-09T05:00:00Z,107156,23.163785
23.53,23.8,22.95,1758,23.32,2023-11-10T05:00:00Z,83963,23.46852
24.08,24.28,23.5,1530,23.55,2023-11-13T05:00:00Z,85811,24.028064
25.19,25.29,24.56,1769,24.93,2023-11-14T05:00:00Z,74039,25.128601
25.18,25.8385,25.16,2000,25.25,2023-11-15T05:00:00Z,98864,25.310775
24.66,25.25,24.56,1414,25.02,2023-11-16T05:00:00Z,59784,24.735669
25.26,25.565,24.98,1478,25.0,2023-11-17T05:00:00Z,82498,25.221301
25.47,25.52,25.24,1263,25.24,2023-11-20T05:00:00Z,45905,25.408218
25.15,25.44,24.765,1308,25.44,2023-11-21T05:00:00Z,54712,25.120685
25.12,25.64,24.99,948,25.34,2023-11-22T05:00:00Z,36290,25.186044
25.38,25.44,24.92,819,24.98,2023-11-24T05:00:00Z,29572,25.290607
25.24,25.56,24.93,1175,25.37,2023-11-27T05:00:00Z,41251,25.309711
24.77,25.325,24.72,1097,25.1,2023-11-28T05:00:00Z,45821,24.920634
24.71,25.25,24.69,2078,25.07,2023-11-29T05:00:00Z,47920,24.783385
24.64,24.88,24.51,1569,24.67,2023-11-30T05:00:00Z,120724,24.679392
25.0,25.28,24.57,2085,24.64,2023-12-01T05:00:00Z,77189,24.985516
25.23,25.36,24.94,1445,25.03,2023-12-04T05:00:00Z,64673,25.14527
24.58,25.38,24.56,1691,25.18,2023-12-05T05:00:00Z,80407,24.747641
24.51,25.15,24.51,1512,24.85,2023-12-06T05:00:00Z,49305,24.695339
24.75,24.83,24.2293,2202,24.5,2023-12-07T05:00:00Z,118385,24.712853
24.87,25.03,24.62,2218,24.74,2023-12-08T05:00:00Z,71478,24.85592
24.94,25.167,24.88,1719,24.97,2023-12-11T05:00:00Z,75013,24.972121
24.63,24.97,24.465,1808,24.97,2023-12-12T05:00:00Z,68529,24.659249
25.37,25.4,24.4,2754,24.67,2023-12-13T05:00:00Z,140668,25.056419
26.38,26.43,25.41,3160,25.88,2023-12-14T05:00:00Z,171187,26.13514
26.08,27.32,26.025,2897,26.42,2023-12-15T05:00:00Z,284989,26.340863
25.5,26.35,25.325,3158,26.35,2023-12-18T05:00:00Z,156919,25.60272
26.4,26.47,25.39,2715,25.78,2023-12-19T05:00:00Z,178335,25.992632
26.26,27.125,26.2,2506,26.49,2023-12-20T05:00:00Z,127505,26.529944
26.96,26.98,26.25,1634,26.48,2023-12-21T05:00:00Z,79530,26.75623
27.3,27.46,26.94,1483,27.12,2023-12-22T05:00:00Z,63882,27.257225
27.23,27.73,27.16,1489,27.5,2023-12-26T05:00:00Z,83551,27.348767
27.15,27.39,27.04,1967,27.39,2023-12-27T05:00:00Z,82029,27.16725
27.31,27.4599,26.98,1114,26.98,2023-12-28T05:00:00Z,47444,27.302352
26.95,27.41,26.76,1216,27.36,2023-12-29T05:00:00Z,57714,27.02552
26.35,26.815,26.15,2378,26.55,2024-01-02T05:00:00Z,92459,26.471467
25.53,26.195,25.51,1907,26.16,2024-01-03T05:00:00Z,73838,25.737431
25.29,25.705,25.29,2569,25.64,2024-01-04T05:00:00Z,74898,25.483408
25.16,25.39,24.92,2142,25.08,2024-01-05T05:00:00Z,99417,25.142282
25.44,25.71,25.055,1417,25.27,2024-01-08T05:00:00Z,58862,25.436164
24.54,25.4625,24.48,1595,25.04,2024-01-09T05:00:00Z,97563,24.645917
24.66,24.795,24.3795,1733,24.49,2024-01-10T05:00:00Z,113533,24.644911
24.57,24.77,24.34,1755,24.66,2024-01-11T05:00:00Z,110570,24.571606
24.63,25.0265,24.575,1629,24.97,2024-01-12T05:00:00Z,93661,24.674216
23.63,24.465,23.48,2027,24.36,2024-01-16T05:00:00Z,128783,23.823509
23.43,23.795,23.16,1965,23.31,2024-01-17T05:00:00Z,103055,23.41472
23.52,23.7026,23.3339,1455,23.68,2024-01-18T05:00:00Z,49785,23.498902
23.71,23.74,23.19,1176,23.7,2024-01-19T05:00:00Z,64715,23.609832
24.66,24.66,23.93,1789,23.93,2024-01-22T05:00:00Z,80088,24.517696
24.8,25.14,24.78,2164,25.06,2024-01-23T05:00:00Z,151864,24.898457
24.76,25.21,24.62,1488,25.21,2024-01-24T05:00:00Z,57947,24.784657
25.12,25.16,24.65,2320,25.16,2024-01-25T05:00:00Z,111301,25.027426
24.38,25.215,24.33,1508,25.12,2024-01-26T05:00:00Z,61578,24.587126
24.62,24.62,23.84,1891,24.28,2024-01-29T05:00:00Z,108701,24.328926
24.86,24.92,24.43,1200,24.43,2024-01-30T05:00:00Z,65772,24.805847
23.78,24.73,23.77,1730,24.69,2024-01-31T05:00:00Z,94112,24.11443
24.46,24.5175,23.84,3724,23.84,2024-02-01T05:00:00Z,126688,24.358844
23.9,24.35,23.86,1767,24.19,2024-02-02T05:00:00Z,67438,23.997134
23.49,23.69,23.22,1882,23.67,2024-02-05T05:00:00Z,82349,23.467244
20.18,21.57,20.0,5616,20.5,2024-02-06T05:00:00Z,449700,20.390121
19.88,20.39,19.86,3783,20.14,2024-02-07T05:00:00Z,199463,20.046998
20.75,20.77,19.69,4572,19.86,2024-02-08T05:00:00Z,163687,20.461433
21.28,21.315,20.595,2667,20.9,2024-02-09T05:00:00Z,146089,21.135721
21.63,21.984,21.26,2351,21.26,2024-02-12T05:00:00Z,155048,21.664042
20.29,21.005,19.99,3564,20.95,2024-02-13T05:00:00Z,195759,20.342885
21.21,21.28,20.54,2263,20.65,2024-02-14T05:00:00Z,116970,21.088643
21.73,21.91,21.04,2497,21.37,2024-02-15T05:00:00Z,143950,21.518069
21.51,21.91,21.49,1447,21.61,2024-02-16T05:00:00Z,81624,21.596429
22.14,22.602,21.27,4052,21.27,2024-02-20T05:00:00Z,199564,22.109924
22.02,22.09,21.65,2496,21.95,2024-02-21T05:00:00Z,137890,21.961745
21.96,22.17,21.73,2726,22.04,2024-02-22T05:00:00Z,131391,21.961065
22.33,22.65,21.7091,2796,21.94,2024-02-23T05:00:00Z,170063,22.335093
22.49,22.605,22.1054,2936,22.21,2024-02-26T05:00:00Z,112112,22.44608
22.41,22.89,22.35,3073,22.66,2024-02-27T05:00:00Z,157947,22.549117
22.12,22.58,22.0901,2747,22.17,2024-02-28T05:00:00Z,134238,22.231965
22.51,22.9,22.12,3485,22.49,2024-02-29T05:00:00Z,784376,22.524468
22.25,22.46,21.97,3289,22.46,2024-03-01T05:00:00Z,132572,22.174859
21.78,22.325,21.76,1873,22.25,2024-03-04T05:00:00Z,76617,21.906087
21.55,21.885,21.47,2037,21.58,2024-03-05T05:00:00Z,86677,21.617027
21.49,21.76,21.405,1892,21.76,2024-03-06T05:00:00Z,87389,21.51587
21.45,21.635,21.29,1129,21.53,2024-03-07T05:00:00Z,62620,21.466374
21.59,21.96,21.43,1726,21.73,2024-03-08T05:00:00Z,81299,21.624709
21.47,21.74,21.4,2016,21.56,2024-03-11T04:00:00Z,72323,21.532593
21.57,21.64,21.3104,1523,21.45,2024-03-12T04:00:00Z,78028,21.508455
21.34,21.65,21.3,1890,21.44,2024-03-13T04:00:00Z,63689,21.404765
20.6,21.465,20.53,2448,21.3,2024-03-14T04:00:00Z,131189,20.794724
20.33,20.7,20.13,3256,20.36,2024-03-15T04:00:00Z,351307,20.342206
20.08,20.49,20.07,2026,20.45,2024-03-18T04:00:00Z,115539,20.223594
20.15,20.28,19.95,2214,20.01,2024-03-19T04:00:00Z,99797,20.11545
20.96,21.049,20.03,2426,20.13,2024-03-20T04:00:00Z,119789,20.493235
21.06,21.2,20.86,2936,21.0,2024-03-21T04:00:00Z,103319,21.087656
20.75,21.12,20.595,2202,20.96,2024-03-22T04:00:00Z,81908,20.775172
20.57,20.89,20.56,2276,20.87,2024-03-25T04:00:00Z,91404,20.668911
20.8,21.07,20.605,3045,20.77,2024-03-26T04:00:00Z,141596,20.849635
21.65,21.68,20.89,2066,21.04,2024-03-27T04:00:00Z,131735,21.522482
21.65,21.71,21.37,3023,21.62,2024-03-28T04:00:00Z,114069,21.613012
21.6,21.64,21.34,2033,21.64,2024-04-01T04:00:00Z,79961,21.54057
21.35,21.37,21.12,1978,21.33,2024-04-02T04:00:00Z,79172,21.293903
21.59,21.63,21.16,1879,21.16,2024-04-03T04:00:00Z,70521,21.522222
21.46,22.128,21.28,1927,21.86,2024-04-04T04:00:00Z,89989,21.571764
21.12,21.37,20.95,2233,21.3,2024-04-05T04:00:00Z,91025,21.160829
21.47,21.61,21.16,3060,21.18,2024-04-08T04:00:00Z,189713,21.332642
21.47,21.67,21.24,1772,21.49,2024-04-09T04:00:00Z,74353,21.375783
20.88,21.195,20.81,2242,20.81,2024-04-10T04:00:00Z,108403,20.90095
20.99,21.02,20.71,2728,20.88,2024-04-11T04:00:00Z,131267,20.914926
20.71,21.095,20.59,1911,20.9,2024-04-12T04:00:00Z,81782,20.760629
20.62,20.92,20.56,1947,20.83,2024-04-15T04:00:00Z,92904,20.700353
20.77,20.98,20.27,2359,20.4,2024-04-16T04:00:00Z,91445,20.681107
20.66,20.97,20.55,1954,20.97,2024-04-17T04:00:00Z,83570,20.705667
20.93,20.99,20.57,2026,20.67,2024-04-18T04:00:00Z,108309,20.864463
20.78,21.02,20.64,2193,20.78,2024-04-19T04:00:00Z,74090,20.781327
20.89,21.17,20.71,2380,20.92,2024-04-22T04:00:00Z,108517,20.958519
21.08,21.205,20.91,1483,20.91,2024-04-23T04:00:00Z,84474,21.077754
20.96,21.15,20.72,2104,20.99,2024-04-24T04:00:00Z,85726,20.919418
20.8,20.9587,20.65,1416,20.75,2024-04-25T04:00:00Z,63852,20.817041
20.82,21.0792,20.79,1893,20.91,2024-04-26T04:00:00Z,92658,20.885681
21.57,21.61,20.9324,2348,20.97,2024-04-29T04:00:00Z,110812,21.358001
20.93,21.52,20.9,2446,21.37,2024-04-30T04:00:00Z,154033,21.024471
20.99,21.32,20.835,2468,20.95,2024-05-01T04:00:00Z,85715,21.030228
21.71,21.74,21.11,1978,21.35,2024-05-02T04:00:00Z,101283,21.545285
21.89,22.11,21.75,1768,22.11,2024-05-03T04:00:00Z,63049,21.900934
21.85,22.215,21.81,1761,21.99,2024-05-06T04:00:00Z,169430,21.975835
22.16,22.65,21.835,2455,21.9,2024-05-07T04:00:00Z,87641,22.260907
22.74,22.86,19.62,5049,20.52,2024-05-08T04:00:00Z,210855,22.066509
22.58,22.62,21.871,3610,22.62,2024-05-09T04:00:00Z,116943,22.467683
22.33,22.86,22.31,2472,22.56,2024-05-10T04:00:00Z,74949,22.488596
22.39,22.74,22.08,1822,22.58,2024-05-13T04:00:00Z,104444,22.332785
22.84,22.9,22.48,1517,22.64,2024-05-14T04:00:00Z,89453,22.755019
22.62,23.0,22.565,3521,23.0,2024-05-15T04:00:00Z,88109,22.658871
22.51,22.785,22.34,2982,22.52,2024-05-16T04:00:00Z,128294,22.536349
22.56,22.715,22.44,1608,22.67,2024-05-17T04:00:00Z,83834,22.572208
22.64,22.92,22.4,2003,22.45,2024-05-20T04:00:00Z,69823,22.665585
22.55,22.64,22.42,1765,22.53,2024-05-21T04:00:00Z,55156,22.531928
22.62,22.95,22.28,3223,22.95,2024-05-22T04:00:00Z,127201,22.595194
22.38,22.563,22.04,3088,22.56,2024-05-23T04:00:00Z,170379,22.296142
22.41,22.6899,22.17,2601,22.44,2024-05-24T04:00:00Z,116696,22.399306
22.91,23.21,22.49,3157,22.51,2024-05-28T04:00:00Z,78652,22.922857
22.34,22.82,22.27,1877,22.58,2024-05-29T04:00:00Z,77696,22.434603
22.82,22.965,22.43,1671,22.56,2024-05-30T04:00:00Z,81381,22.807813
22.92,23.11,22.56,2208,22.89,2024-05-31T04:00:00Z,103662,22.946063
22.49,23.16,22.46,1867,23.16,2024-06-03T04:00:00Z,68595,22.617034
21.97,22.44,21.92,1537,22.41,2024-06-04T04:00:00Z,68909,22.077556
22.26,22.27,21.74,1876,22.04,2024-06-05T04:00:00Z,54869,22.207407
21.85,22.23,21.82,1713,22.23,2024-06-06T04:00:00Z,44678,21.946847
21.9,22.03,21.67,2197,21.67,2024-06-07T04:00:00Z,116229,21.870186
22.06,22.1,21.5575,2153,21.67,2024-06-10T04:00:00Z,57702,22.009848
21.87,21.99,21.0,2355,21.86,2024-06-11T04:00:00Z,70241,21.846421
22.44,22.735,22.12,2306,22.54,2024-06-12T04:00:00Z,77276,22.530141
22.45,22.45,22.08,1890,22.36,2024-06-13T04:00:00Z,66051,22.318084
21.97,22.06,21.845,1616,22.06,2024-06-14T04:00:00Z,74224,21.959212
22.16,22.17,20.97,1545,21.8,2024-06-17T04:00:00Z,67134,21.895136
22.09,22.27,21.98,1313,22.24,2024-06-18T04:00:00Z,51951,22.151449
21.67,22.12,21.61,2099,21.96,2024-06-20T04:00:00Z,68801,21.78621
21.7,21.995,21.655,2478,21.78,2024-06-21T04:00:00Z,169145,21.749531
21.44,21.87,21.345,2537,21.7,2024-06-24T04:00:00Z,99990,21.518592
21.43,21.51,21.21,1877,21.45,2024-06-25T04:00:00Z,58381,21.401153
21.84,21.87,21.2072,2487,21.31,2024-06-26T04:00:00Z,66437,21.762833
21.83,22.0499,21.67,2360,21.95,2024-06-27T04:00:00Z,88544,21.830207
21.98,22.21,21.84,2476,22.1,2024-06-28T04:00:00Z,443384,21.976927
21.56,22.06,21.355,2098,22.06,2024-07-01T04:00:00Z,75409,21.558273
21.45,21.73,21.39,1315,21.6,2024-07-02T04:00:00Z,57924,21.487781
21.64,21.66,21.31,1106,21.5,2024-07-03T04:00:00Z,35677,21.523454
20.97,21.52,20.921,2498,21.52,2024-07-05T04:00:00Z,118713,21.009573
21.08,21.4,21.07,2531,21.18,2024-07-08T04:00:00Z,87548,21.152435
21.01,21.185,20.965,1798,21.08,2024-07-09T04:00:00Z,66700,21.045006
21.36,21.36,20.99,1172,21.15,2024-07-10T04:00:00Z,49743,21.302438
22.36,22.41,21.58,2425,21.93,2024-07-11T04:00:00Z,128209,22.255438
22.54,22.96,22.52,2387,22.68,2024-07-12T04:00:00Z,141196,22.613662
22.92,23.29,22.705,2742,22.81,2024-07-15T04:00:00Z,121753,22.965655
24.28,24.32,23.21,3317,23.21,2024-07-16T04:00:00Z,129248,24.020706
23.96,24.35,23.71,3540,24.13,2024-07-17T04:00:00Z,140008,23.954418
23.44,24.3,23.4,1798,23.83,2024-07-18T04:00:00Z,76840,23.625169
22.98,23.45,22.89,1317,23.45,2024-07-19T04:00:00Z,72660,23.054731
23.44,23.54,22.63,3285,23.12,2024-07-22T04:00:00Z,112614,23.257582
23.74,23.87,23.28,2374,23.28,2024-07-23T04:00:00Z,114449,23.681765
23.41,24.09,23.275,3060,23.59,2024-07-24T04:00:00Z,115300,23.658545
23.93,24.24,23.49,1959,23.49,2024-07-25T04:00:00Z,101449,23.988368
23.94,24.45,23.85,1481,24.35,2024-07-26T04:00:00Z,63511,24.04525
23.46,23.89,23.315,1492,23.85,2024-07-29T04:00:00Z,48303,23.491147
23.51,23.62,23.25,1714,23.59,2024-07-30T04:00:00Z,114960,23.397634
23.7,24.3,23.39,3691,23.71,2024-07-31T04:00:00Z,179678,23.740226
22.51,23.85,22.44,2792,23.79,2024-08-01T04:00:00Z,136700,22.671897
20.94,21.9,20.9,2088,21.51,2024-08-02T04:00:00Z,82111,21.102669
20.26,20.385,19.595,2472,19.8,2024-08-05T04:00:00Z,130927,20.067472
20.34,20.415,19.94,1719,20.21,2024-08-06T04:00:00Z,81978,20.261621
20.17,20.856,20.04,1779,20.62,2024-08-07T04:00:00Z,75651,20.309688
20.5,20.88,20.32,1518,20.5,2024-08-08T04:00:00Z,81266,20.489043
20.35,20.47,19.92,4258,20.47,2024-08-09T04:00:00Z,138805,20.248792
20.0,20.54,19.96,1820,20.22,2024-08-12T04:00:00Z,72854,20.170241
20.44,20.548,20.0998,2983,20.24,2024-08-13T04:00:00Z,104711,20.380953
18.28,19.215,17.29,9060,19.01,2024-08-14T04:00:00Z,593708,18.06202
17.83,18.535,17.75,4074,18.1,2024-08-15T04:00:00Z,193621,18.065625
18.41,18.45,17.51,3689,17.67,2024-08-16T04:00:00Z,187779,18.208571
18.25,18.71,17.95,2809,18.41,2024-08-19T04:00:00Z,178309,18.342656
18.15,18.4688,17.925,2351,18.18,2024-08-20T04:00:00Z,101852,18.123417
18.29,18.38,18.02,2438,18.25,2024-08-21T04:00:00Z,71005,18.250722
17.81,18.3,17.75,2235,18.29,2024-08-22T04:00:00Z,63781,17.857986
18.24,18.33,17.795,3794,17.9,2024-08-23T04:00:00Z,181922,18.134877
18.11,18.41,18.05,3620,18.34,2024-08-26T04:00:00Z,144136,18.16609
17.91,18.1,17.74,2859,18.1,2024-08-27T04:00:00Z,122292,17.944379
18.31,18.45,17.8118,3982,17.94,2024-08-28T04:00:00Z,117636,18.214731
18.49,18.78,18.37,3754,18.52,2024-08-29T04:00:00Z,96270,18.576585
18.45,18.62,18.25,2663,18.57,2024-08-30T04:00:00Z,143568,18.437749
17.78,18.54,17.61,3160,18.24,2024-09-03T04:00:00Z,139606,17.828718
18.0,18.13,17.705,2641,17.78,2024-09-04T04:00:00Z,97680,17.961183
17.78,18.0,17.695,3681,17.95,2024-09-05T04:00:00Z,169304,17.820703
17.54,17.855,17.45,2914,17.74,2024-09-06T04:00:00Z,110080,17.54773
17.31,17.7,17.31,3621,17.53,2024-09-09T04:00:00Z,133599,17.450128
17.59,17.74,17.18,3625,17.3,2024-09-10T04:00:00Z,109902,17.529975
17.37,17.48,17.09,2553,17.48,2024-09-11T04:00:00Z,95990,17.302931
17.37,17.73,17.18,2940,17.39,2024-09-12T04:00:00Z,144599,17.441328
18.12,18.15,17.32,3289,17.63,2024-09-13T04:00:00Z,112980,17.950968
17.98,18.35,17.895,2474,18.08,2024-09-16T04:00:00Z,153089,18.016329
18.16,18.47,18.07,3186,18.18,2024-09-17T04:00:00Z,94373,18.201244
18.3,18.8,18.01,3024,18.11,2024-09-18T04:00:00Z,98360,18.31234
18.58,18.77,18.235,3238,18.77,2024-09-19T04:00:00Z,116797,18.495993
17.99,18.684,17.84,4211,18.45,2024-09-20T04:00:00Z,398830,18.122354
17.83,18.15,17.75,3757,18.04,2024-09-23T04:00:00Z,145913,17.910897
17.73,18.0699,17.71,2659,17.84,2024-09-24T04:00:00Z,119801,17.811219
17.41,17.73,17.34,2955,17.73,2024-09-25T04:00:00Z,132610,17.467974
18.08,18.2352,17.7,2678,17.7,2024-09-26T04:00:00Z,81057,18.073536
18.37,18.6508,18.215,2446,18.28,2024-09-27T04:00:00Z,81015,18.447066
18.51,18.52,17.94,3132,18.25,2024-09-30T04:00:00Z,122935,18.442551
17.89,18.47,17.665,3189,18.47,2024-10-01T04:00:00Z,126209,17.845037
17.73,18.0,17.59,1923,17.81,2024-10-02T04:00:00Z,71530,17.752186
17.33,17.7499,17.32,2544,17.63,2024-10-03T04:00:00Z,106495,17.505138
17.51,17.89,17.49,2648,17.65,2024-10-04T04:00:00Z,113371,17.584636
17.47,18.21,17.32,2927,17.42,2024-10-07T04:00:00Z,92769,17.447217
17.3,17.69,17.2,2183,17.4,2024-10-08T04:00:00Z,78890,17.335428
17.24,17.6,17.2101,1530,17.28,2024-10-09T04:00:00Z,60339,17.318581
17.14,17.23,16.64,2999,17.02,2024-10-10T04:00:00Z,145723,17.03488
17.65,17.67,17.14,3061,17.14,2024-10-11T04:00:00Z,149396,17.498332
17.79,17.9,17.49,3055,17.63,2024-10-14T04:00:00Z,136671,17.750214
17.96,18.19,17.7701,2505,17.78,2024-10-15T04:00:00Z,100631,17.970445
18.54,18.595,17.805,3004,18.0,2024-10-16T04:00:00Z,125568,18.282711
18.82,18.84,18.22,2979,18.58,2024-10-17T04:00:00Z,96248,18.562213
18.45,18.982,18.43,2900,18.87,2024-10-18T04:00:00Z,94874,18.579745
18.04,18.4298,18.0,2293,18.36,2024-10-21T04:00:00Z,89420,18.159285
17.57,17.95,17.53,1814,17.95,2024-10-22T04:00:00Z,51805,17.623674
17.68,17.71,17.3468,2371,17.52,2024-10-23T04:00:00Z,102036,17.564481
17.84,18.4099,17.56,2044,17.79,2024-10-24T04:00:00Z,77888,17.784073
17.83,18.085,17.57,2663,17.9,2024-10-25T04:00:00Z,83581,17.897756
18.15,18.3193,17.9108,2280,18.07,2024-10-28T04:00:00Z,91992,18.163856
18.26,18.32,17.93,2234,18.01,2024-10-29T04:00:00Z,69890,18.209961
18.19,18.66,18.13,2398,18.14,2024-10-30T04:00:00Z,70248,18.248624
17.79,18.32,17.79,2890,18.29,2024-10-31T04:00:00Z,86712,17.938056
18.15,18.21,17.9,3204,17.93,2024-11-01T04:00:00Z,88067,18.116974
18.47,18.69,17.9324,4143,18.11,2024-11-04T05:00:00Z,137931,18.490193
19.57,19.705,18.0,6767,18.38,2024-11-05T05:00:00Z,251190,19.421836
21.18,21.52,20.72,8368,20.72,2024-11-06T05:00:00Z,237449,21.104224
20.89,21.38,20.75,5212,21.13,2024-11-07T05:00:00Z,148449,20.959624
20.77,21.03,20.43,3852,20.76,2024-11-08T05:00:00Z,98519,20.71713
20.75,21.06,20.52,3309,21.03,2024-11-11T05:00:00Z,81662,20.765488
20.0,20.66,19.95,2797,20.57,2024-11-12T05:00:00Z,106407,20.131524
19.54,20.18,19.52,2418,20.07,2024-11-13T05:00:00Z,88605,19.714348
19.65,19.84,19.3,4674,19.68,2024-11-14T05:00:00Z,144873,19.509844
19.09,19.89,18.53,3511,19.75,2024-11-15T05:00:00Z,169224,19.176161
19.17,19.525,19.04,2909,19.3,2024-11-18T05:00:00Z,129113,19.265082
19.02,19.41,18.8453,1898,18.91,2024-11-19T05:00:00Z,63129,18.996033
19.11,19.21,18.66,3488,19.13,2024-11-20T05:00:00Z,100078,18.939182
19.55,19.68,19.25,2164,19.3,2024-11-21T05:00:00Z,82848,19.520721
19.7,19.8,19.38,2638,19.38,2024-11-22T05:00:00Z,120109,19.642061
19.93,20.47,19.88,2742,19.88,2024-11-25T05:00:00Z,127825,20.055571
19.34,19.8,19.3175,2487,19.8,2024-11-26T05:00:00Z,77721,19.441899
19.41,19.58,19.28,2085,19.5,2024-11-27T05:00:00Z,51555,19.403727
19.61,19.7631,19.47,1530,19.47,2024-11-29T05:00:00Z,53879,19.619464
20.27,20.3,19.61,3555,19.73,2024-12-02T05:00:00Z,140912,20.052674
19.74,20.52,19.6061,3083,20.28,2024-12-03T05:00:00Z,110729,19.868221
19.57,20.0,19.5,2378,19.82,2024-12-04T05:00:00Z,99253,19.683341
19.17,19.7,19.05,3210,19.55,2024-12-05T05:00:00Z,100025,19.222691
19.07,19.32,18.8104,2270,19.27,2024-12-06T05:00:00Z,106966,19.029429
19.17,19.665,19.0678,3549,19.12,2024-12-09T05:00:00Z,143490,19.263185
19.2,19.39,18.72,3677,19.2,2024-12-10T05:00:00Z,131466,19.143474
19.15,19.545,18.87,3805,19.2,2024-12-11T05:00:00Z,128748,19.165607
19.18,19.31,18.9,3263,19.06,2024-12-12T05:00:00Z,100851,19.102072
18.93,19.29,18.78,3445,19.07,2024-12-13T05:00:00Z,123616,18.942428
18.62,19.12,18.61,3627,18.77,2024-12-16T05:00:00Z,124548,18.82359
18.6,18.92,18.37,3982,18.58,2024-12-17T05:00:00Z,143906,18.606193
18.02,19.005,17.865,4148,18.67,2024-12-18T05:00:00Z,160848,18.375273
18.18,18.4,17.93,5347,18.25,2024-12-19T05:00:00Z,146886,18.162358
18.37,18.75,17.96,3992,17.96,2024-12-20T05:00:00Z,307897,18.372833
18.71,18.93,18.29,4350,18.29,2024-12-23T05:00:00Z,210458,18.713882
19.04,19.07,18.56,1694,18.71,2024-12-24T05:00:00Z,82795,18.957125
19.29,19.32,18.9,2112,18.92,2024-12-26T05:00:00Z,85676,19.182103
18.82,19.448,18.56,3645,19.11,2024-12-27T05:00:00Z,127643,18.879723
18.58,18.71,18.28,2150,18.71,2024-12-30T05:00:00Z,63877,18.573394
18.73,18.9,18.4233,2209,18.76,2024-12-31T05:00:00Z,148160,18.735346
18.39,19.1599,18.25,2602,18.93,2025-01-02T05:00:00Z,77472,18.593688
