c,h,l,n,o,t,v,vw
38.4,99.6,38.08,29318,70.4,2022-08-12T04:00:00Z,587169,65.93
31.92,36.4,28.64,6051,34.48,2022-08-15T04:00:00Z,119735,32.57
32.8,41.76,32.08,13280,37.2,2022-08-16T04:00:00Z,321438,37.7
33.92,35.68,30.8,2718,30.96,2022-08-17T04:00:00Z,82631,32.95
31.76,33.2,30.16,2245,32.16,2022-08-18T04:00:00Z,70903,31.88
29.2,32.72,27.28,1544,29.76,2022-08-19T04:00:00Z,37015,29.69
28.32,33.92,27.6,4314,33.04,2022-08-22T04:00:00Z,97685,30.1
27.28,28.96,25.2,1686,27.44,2022-08-23T04:00:00Z,47557,26.57
26.56,28.15,23.36,3613,27.2,2022-08-24T04:00:00Z,143640,25.4
23.6,26.24,21.76,1781,24.4,2022-08-25T04:00:00Z,51197,24.24
22.4,25.04,21.84,1120,23.52,2022-08-26T04:00:00Z,27429,22.62
19.69,22.64,19.2,1047,22.24,2022-08-29T04:00:00Z,23905,20.56
18.64,20.8,18.4,686,20.16,2022-08-30T04:00:00Z,12630,19.56
20.98,22.01,18.4,1023,18.72,2022-08-31T04:00:00Z,36566,19.95
20.76,22.88,20.08,1455,20.72,2022-09-01T04:00:00Z,44583,21.67
19.84,22.4,18.8,2279,22.16,2022-09-02T04:00:00Z,86332,20.82
18.8,19.97,17.6,793,19.52,2022-09-06T04:00:00Z,22654,18.42
17.92,19.56,16.88,623,18.24,2022-09-07T04:00:00Z,11635,18.43
18.24,18.64,17.44,630,17.6,2022-09-08T04:00:00Z,9179,18.01
18.96,20.8,18.0,1520,18.8,2022-09-09T04:00:00Z,52546,19.26
20.56,24.0,20.08,1604,20.72,2022-09-12T04:00:00Z,48628,22.06
19.13,22.4,18.56,1801,20.0,2022-09-13T04:00:00Z,71045,20.56
19.76,21.6,18.24,1048,18.96,2022-09-14T04:00:00Z,38979,19.43
18.16,19.68,17.84,992,19.04,2022-09-15T04:00:00Z,19897,18.52
16.88,18.88,16.88,485,17.84,2022-09-16T04:00:00Z,14476,17.56
16.24,18.32,15.68,855,16.8,2022-09-19T04:00:00Z,15644,16.7
18.08,19.04,16.36,1353,17.44,2022-09-20T04:00:00Z,19058,17.67
16.32,18.4,16.08,451,16.88,2022-09-21T04:00:00Z,6632,16.95
16.32,16.8,15.76,313,16.48,2022-09-22T04:00:00Z,4480,16.34
15.36,16.84,15.2,343,16.32,2022-09-23T04:00:00Z,7170,15.95
15.38,16.0,14.4,179,14.98,2022-09-26T04:00:00Z,2419,15.21
14.56,16.08,14.08,270,15.6,2022-09-27T04:00:00Z,8318,14.87
15.6,16.72,14.4,602,14.43,2022-09-28T04:00:00Z,15288,15.77
14.88,17.28,14.08,629,15.28,2022-09-29T04:00:00Z,13380,15.34
14.72,16.19,14.72,199,14.72,2022-09-30T04:00:00Z,2842,15.22
13.44,15.28,13.2,298,14.8,2022-10-03T04:00:00Z,4924,13.9
13.92,14.48,13.78,377,14.32,2022-10-04T04:00:00Z,3552,14.07
12.4,13.6,12.0,270,13.6,2022-10-05T04:00:00Z,5764,12.7
12.44,13.12,12.16,269,12.88,2022-10-06T04:00:00Z,4367,12.53
12.88,13.08,12.08,217,12.08,2022-10-07T04:00:00Z,3824,12.55
12.68,13.44,12.08,149,12.56,2022-10-10T04:00:00Z,3777,12.82
10.24,12.32,8.88,702,12.24,2022-10-11T04:00:00Z,9977,11.03
10.16,11.28,9.76,204,10.4,2022-10-12T04:00:00Z,6630,10.41
10.72,11.16,10.24,356,10.72,2022-10-13T04:00:00Z,10145,10.73
10.0,10.72,9.76,203,10.24,2022-10-14T04:00:00Z,3264,10.23
10.4,10.4,9.6,324,9.76,2022-10-17T04:00:00Z,5894,10.01
10.24,10.96,9.95,121,10.72,2022-10-18T04:00:00Z,2953,10.43
10.4,11.2,10.0,342,10.48,2022-10-19T04:00:00Z,12557,10.55
9.6,10.8,9.04,246,10.4,2022-10-20T04:00:00Z,5152,9.876
9.12,9.89,9.04,190,9.44,2022-10-21T04:00:00Z,5516,9.3
9.12,9.52,8.96,270,9.2,2022-10-24T04:00:00Z,7324,9.223
9.68,9.999,9.202,176,9.999,2022-10-25T04:00:00Z,3443,9.601
9.92,9.92,9.112,188,9.12,2022-10-26T04:00:00Z,2509,9.396
9.2,9.84,8.8,167,9.84,2022-10-27T04:00:00Z,2998,9.319
9.0,9.68,8.4,387,9.28,2022-10-28T04:00:00Z,9113,9.028
8.88,9.587,8.759,295,9.587,2022-10-31T04:00:00Z,6017,9.065
9.44,9.6,8.881,141,8.881,2022-11-01T04:00:00Z,4269,9.279
9.6,9.92,9.28,361,9.52,2022-11-02T04:00:00Z,19044,9.607
9.04,9.84,8.84,515,9.84,2022-11-03T04:00:00Z,5870,9.205
8.88,9.28,8.561,367,9.28,2022-11-04T04:00:00Z,3730,8.936
8.32,9.12,8.0,236,9.12,2022-11-07T05:00:00Z,6442,8.356
8.08,8.799,8.074,183,8.08,2022-11-08T05:00:00Z,4293,8.266
7.6,8.44,7.375,340,8.32,2022-11-09T05:00:00Z,13764,7.838
7.741,7.87,7.28,179,7.4,2022-11-10T05:00:00Z,5697,7.491
7.6,7.656,7.208,335,7.513,2022-11-11T05:00:00Z,19939,7.432
7.68,7.896,7.44,254,7.6,2022-11-14T05:00:00Z,14694,7.688
8.24,8.504,7.688,316,7.856,2022-11-15T05:00:00Z,8485,8.127
7.965,8.361,7.943,128,8.0,2022-11-16T05:00:00Z,2639,8.001
7.829,7.999,7.615,161,7.974,2022-11-17T05:00:00Z,2594,7.78
7.999,8.16,7.828,139,7.898,2022-11-18T05:00:00Z,7855,7.996
7.856,8.239,7.699,227,8.0,2022-11-21T05:00:00Z,4006,7.973
8.079,8.08,7.626,156,7.626,2022-11-22T05:00:00Z,2110,7.844
7.842,8.22,7.28,160,7.84,2022-11-23T05:00:00Z,5149,7.857
7.921,8.079,7.764,77,7.91,2022-11-25T05:00:00Z,5139,7.933
8.24,8.32,7.827,324,7.827,2022-11-28T05:00:00Z,3644,8.035
7.685,8.16,7.375,188,8.16,2022-11-29T05:00:00Z,7518,7.681
7.376,7.76,7.375,109,7.52,2022-11-30T05:00:00Z,3029,7.597
7.245,7.702,6.72,214,7.385,2022-12-01T05:00:00Z,9424,7.28
6.89,7.28,6.879,96,7.28,2022-12-02T05:00:00Z,2189,7.084
7.84,8.32,6.89,431,6.89,2022-12-05T05:00:00Z,16256,7.735
8.159,9.119,7.466,826,7.92,2022-12-06T05:00:00Z,42272,8.29
7.52,8.08,7.048,472,7.85,2022-12-07T05:00:00Z,24045,7.578
7.16,7.836,6.896,262,7.64,2022-12-08T05:00:00Z,9686,7.24
8.714,9.52,7.04,1994,7.2,2022-12-09T05:00:00Z,105355,8.437
11.2,13.99,10.0,12926,10.88,2022-12-12T05:00:00Z,618409,11.62
10.72,11.04,8.76,3273,9.84,2022-12-13T05:00:00Z,106463,9.54
10.2,11.84,9.28,2016,10.32,2022-12-14T05:00:00Z,57002,10.45
9.04,10.4,8.88,480,10.4,2022-12-15T05:00:00Z,17991,9.281
7.92,8.855,7.76,595,8.855,2022-12-16T05:00:00Z,21020,8.026
7.031,7.96,6.647,650,7.96,2022-12-19T05:00:00Z,43587,7.069
6.888,7.739,6.4,297,7.739,2022-12-20T05:00:00Z,10407,7.087
6.72,7.01,6.0,416,6.881,2022-12-21T05:00:00Z,20820,6.447
6.808,7.198,6.321,120,6.72,2022-12-22T05:00:00Z,3130,6.727
6.241,6.84,6.161,267,6.495,2022-12-23T05:00:00Z,6063,6.51
6.8,7.198,6.24,255,6.35,2022-12-27T05:00:00Z,9206,6.656
6.337,6.88,6.24,178,6.88,2022-12-28T05:00:00Z,5476,6.359
6.318,6.72,5.84,300,6.698,2022-12-29T05:00:00Z,5161,6.281
6.561,7.022,6.081,342,6.36,2022-12-30T05:00:00Z,15967,6.393
6.64,7.12,6.216,486,7.12,2023-01-03T05:00:00Z,18347,6.535
6.559,6.898,6.2,203,6.898,2023-01-04T05:00:00Z,6928,6.416
6.4,6.63,6.178,179,6.413,2023-01-05T05:00:00Z,8216,6.413
6.409,6.776,6.4,191,6.776,2023-01-06T05:00:00Z,5173,6.622
6.808,7.118,6.413,251,6.414,2023-01-09T05:00:00Z,7899,6.788
7.119,7.2,6.566,281,6.809,2023-01-10T05:00:00Z,11407,6.979
7.56,7.714,7.032,323,7.198,2023-01-11T05:00:00Z,17047,7.329
7.54,7.84,7.2,191,7.44,2023-01-12T05:00:00Z,8562,7.525
7.755,7.898,7.28,357,7.56,2023-01-13T05:00:00Z,10002,7.644
9.76,9.92,7.862,1171,8.4,2023-01-17T05:00:00Z,66441,9.026
9.818,10.56,9.262,1084,9.52,2023-01-18T05:00:00Z,67097,9.954
9.6,10.8,9.29,478,10.16,2023-01-19T05:00:00Z,20693,10.11
9.6,9.84,9.12,274,9.84,2023-01-20T05:00:00Z,8755,9.324
9.6,9.92,9.12,654,9.92,2023-01-23T05:00:00Z,35495,9.482
9.52,9.76,9.04,308,9.686,2023-01-24T05:00:00Z,8699,9.383
9.12,9.6,8.96,206,9.36,2023-01-25T05:00:00Z,4144,9.181
8.8,9.12,8.8,366,9.12,2023-01-26T05:00:00Z,2696,8.849
8.8,9.155,8.56,229,8.867,2023-01-27T05:00:00Z,5779,8.801
8.464,8.96,8.24,302,8.72,2023-01-30T05:00:00Z,10481,8.525
8.32,8.719,8.24,179,8.56,2023-01-31T05:00:00Z,8038,8.343
8.801,9.04,8.32,253,8.64,2023-02-01T05:00:00Z,12906,8.65
8.56,9.12,8.24,217,9.12,2023-02-02T05:00:00Z,10256,8.596
8.49,8.64,8.44,204,8.48,2023-02-03T05:00:00Z,9674,8.538
8.552,8.778,8.08,123,8.08,2023-02-06T05:00:00Z,8864,8.539
8.118,8.56,8.08,167,8.56,2023-02-07T05:00:00Z,6776,8.343
8.32,8.8,8.318,236,8.4,2023-02-08T05:00:00Z,3953,8.583
8.24,8.56,8.08,159,8.56,2023-02-09T05:00:00Z,4559,8.3
8.32,8.4,7.76,185,8.24,2023-02-10T05:00:00Z,4803,8.067
8.16,8.72,7.92,364,8.72,2023-02-13T05:00:00Z,7915,8.032
8.239,8.32,7.879,162,8.16,2023-02-14T05:00:00Z,6963,7.989
8.48,8.72,8.0,271,8.4,2023-02-15T05:00:00Z,8877,8.323
7.973,8.48,7.84,404,8.48,2023-02-16T05:00:00Z,19037,8.093
7.998,8.16,7.6,186,8.0,2023-02-17T05:00:00Z,8389,7.8
7.94,8.0,7.601,107,8.0,2023-02-21T05:00:00Z,1751,7.877
7.84,7.941,7.602,100,7.941,2023-02-22T05:00:00Z,3479,7.731
7.679,8.0,7.402,208,7.402,2023-02-23T05:00:00Z,12433,7.519
7.695,8.0,7.36,246,8.0,2023-02-24T05:00:00Z,8169,7.671
7.714,8.079,7.44,110,7.68,2023-02-27T05:00:00Z,1401,7.822
7.909,7.909,7.473,160,7.673,2023-02-28T05:00:00Z,3575,7.696
7.44,7.752,6.88,230,7.6,2023-03-01T05:00:00Z,6806,7.329
7.2,7.519,6.885,246,7.512,2023-03-02T05:00:00Z,4086,7.21
6.961,7.359,6.536,204,6.992,2023-03-03T05:00:00Z,9378,6.908
6.894,7.07,6.64,213,7.07,2023-03-06T05:00:00Z,3629,6.935
7.04,7.22,6.64,180,6.894,2023-03-07T05:00:00Z,3384,7.051
7.2,7.431,6.88,99,7.431,2023-03-08T05:00:00Z,2225,7.104
7.004,7.2,6.808,135,7.2,2023-03-09T05:00:00Z,2719,6.914
6.564,7.2,6.49,170,6.721,2023-03-10T05:00:00Z,4911,6.788
8.56,9.2,6.481,2392,6.481,2023-03-13T04:00:00Z,108638,8.166
7.68,9.2,7.453,919,8.96,2023-03-14T04:00:00Z,26205,8.074
6.767,7.92,6.48,526,7.45,2023-03-15T04:00:00Z,38265,7.054
7.432,7.68,6.48,456,6.492,2023-03-16T04:00:00Z,10229,7.071
6.666,7.432,6.666,470,7.209,2023-03-17T04:00:00Z,5436,6.799
6.96,7.199,6.49,157,7.002,2023-03-20T04:00:00Z,2218,6.789
6.927,7.2,6.64,231,6.8,2023-03-21T04:00:00Z,4625,6.773
6.88,7.503,6.8,81,7.237,2023-03-22T04:00:00Z,1338,7.011
7.12,7.44,6.48,145,6.801,2023-03-23T04:00:00Z,5835,6.906
7.2,7.76,6.542,229,7.119,2023-03-24T04:00:00Z,9752,6.87
6.833,7.36,6.825,40,6.984,2023-03-27T04:00:00Z,540,7.081
6.88,7.28,6.64,48,6.64,2023-03-28T04:00:00Z,445,6.898
7.2,7.27,6.72,101,6.72,2023-03-29T04:00:00Z,2753,7.055
7.271,7.6,7.04,157,7.199,2023-03-30T04:00:00Z,5828,7.435
7.432,7.44,6.889,777,7.44,2023-03-31T04:00:00Z,1566,7.311
7.504,7.68,7.098,90,7.098,2023-04-03T04:00:00Z,4337,7.426
7.599,7.688,7.201,71,7.688,2023-04-04T04:00:00Z,1814,7.455
7.521,7.68,7.126,63,7.599,2023-04-05T04:00:00Z,1897,7.371
7.2,7.52,7.2,29,7.2,2023-04-06T04:00:00Z,417,7.218
7.44,7.561,7.05,47,7.56,2023-04-10T04:00:00Z,519,7.185
7.432,7.529,7.2,59,7.2,2023-04-11T04:00:00Z,1600,7.256
7.518,7.6,7.05,243,7.53,2023-04-12T04:00:00Z,5005,7.364
7.121,7.52,6.889,138,7.236,2023-04-13T04:00:00Z,2753,7.149
6.86,7.121,6.56,154,7.12,2023-04-14T04:00:00Z,4598,6.894
6.825,7.04,6.801,76,6.98,2023-04-17T04:00:00Z,1978,6.839
7.04,7.113,6.825,57,7.113,2023-04-18T04:00:00Z,415,6.938
7.041,7.392,6.646,94,7.392,2023-04-19T04:00:00Z,3095,6.884
6.816,7.319,6.799,81,7.2,2023-04-20T04:00:00Z,1617,6.955
7.197,7.198,6.561,80,7.008,2023-04-21T04:00:00Z,1127,6.92
7.279,7.597,6.8,111,7.2,2023-04-24T04:00:00Z,3108,7.216
7.344,7.44,6.568,64,7.2,2023-04-25T04:00:00Z,1605,7.036
6.96,7.343,6.8,55,6.881,2023-04-26T04:00:00Z,1542,6.929
7.111,7.359,6.72,63,6.72,2023-04-27T04:00:00Z,904,6.887
7.2,7.36,6.889,128,7.196,2023-04-28T04:00:00Z,2243,7.229
6.959,7.049,6.401,90,7.049,2023-05-01T04:00:00Z,1555,6.756
6.96,7.2,6.662,76,7.164,2023-05-02T04:00:00Z,1107,6.883
7.76,8.0,6.8,265,6.8,2023-05-03T04:00:00Z,14764,7.485
7.4,7.92,7.131,82,7.76,2023-05-04T04:00:00Z,2799,7.528
7.838,7.919,6.96,41,7.28,2023-05-05T04:00:00Z,958,7.336
7.432,7.906,7.28,71,7.906,2023-05-08T04:00:00Z,954,7.427
8.562,8.799,7.52,208,7.52,2023-05-09T04:00:00Z,8866,8.183
8.159,8.48,7.742,170,8.32,2023-05-10T04:00:00Z,4421,8.201
7.84,7.999,7.52,79,7.72,2023-05-11T04:00:00Z,2022,7.722
7.279,7.781,6.88,125,7.74,2023-05-12T04:00:00Z,5424,7.289
7.6,8.08,6.899,42,6.899,2023-05-15T04:00:00Z,516,7.472
6.556,8.0,6.08,270,6.969,2023-05-16T04:00:00Z,10453,6.737
6.72,6.938,5.921,263,6.938,2023-05-17T04:00:00Z,8166,6.136
7.2,7.432,6.342,210,6.769,2023-05-18T04:00:00Z,14405,7.13
7.21,7.96,7.2,142,7.96,2023-05-19T04:00:00Z,6301,7.595
6.992,7.792,6.72,118,7.792,2023-05-22T04:00:00Z,4140,7.309
7.244,7.807,6.739,57,6.739,2023-05-23T04:00:00Z,1242,7.358
7.16,7.244,7.16,15,7.244,2023-05-24T04:00:00Z,90,7.191
6.64,7.32,6.64,115,6.64,2023-05-25T04:00:00Z,3529,6.955
7.039,7.057,6.721,38,6.972,2023-05-26T04:00:00Z,344,6.983
7.04,7.2,6.72,108,7.154,2023-05-30T04:00:00Z,2202,6.889
7.199,7.44,6.72,23,7.44,2023-05-31T04:00:00Z,1870,7.27
6.922,7.058,6.721,57,6.83,2023-06-01T04:00:00Z,1705,6.967
6.879,7.0,6.64,186,6.802,2023-06-02T04:00:00Z,4747,6.775
6.64,7.199,6.566,72,7.199,2023-06-05T04:00:00Z,4817,6.624
6.72,6.959,6.64,78,6.719,2023-06-06T04:00:00Z,2687,6.794
7.12,7.12,6.8,109,6.96,2023-06-07T04:00:00Z,6327,6.958
6.8,7.12,6.64,107,7.038,2023-06-08T04:00:00Z,5449,6.888
6.71,7.12,6.64,50,6.72,2023-06-09T04:00:00Z,1010,6.748
6.879,7.04,6.76,31,6.8,2023-06-12T04:00:00Z,279,6.851
6.964,7.199,6.88,98,6.88,2023-06-13T04:00:00Z,5078,7.036
6.64,7.059,6.398,146,6.674,2023-06-14T04:00:00Z,4276,6.662
6.72,7.357,6.576,46,7.357,2023-06-15T04:00:00Z,1019,6.832
6.96,6.96,6.528,52,6.72,2023-06-16T04:00:00Z,1621,6.616
6.568,7.04,6.528,53,6.936,2023-06-20T04:00:00Z,1056,6.709
6.48,7.189,6.408,66,6.571,2023-06-21T04:00:00Z,2990,6.528
6.48,6.64,6.48,52,6.56,2023-06-22T04:00:00Z,911,6.485
6.48,6.725,6.121,90,6.64,2023-06-23T04:00:00Z,1955,6.392
6.755,6.758,6.022,92,6.52,2023-06-26T04:00:00Z,2766,6.248
6.617,6.745,6.336,61,6.401,2023-06-27T04:00:00Z,1448,6.555
6.127,6.72,6.033,101,6.16,2023-06-28T04:00:00Z,1928,6.332
6.48,6.558,6.08,32,6.342,2023-06-29T04:00:00Z,486,6.368
6.32,6.4,6.16,82,6.32,2023-06-30T04:00:00Z,4040,6.279
6.32,6.558,6.24,61,6.386,2023-07-03T04:00:00Z,562,6.349
6.24,6.72,6.16,47,6.72,2023-07-05T04:00:00Z,1352,6.285
6.56,6.56,6.088,48,6.24,2023-07-06T04:00:00Z,1319,6.168
6.24,6.4,6.082,97,6.127,2023-07-07T04:00:00Z,3175,6.174
6.24,6.32,6.12,111,6.32,2023-07-10T04:00:00Z,1218,6.231
6.392,6.4,6.2,129,6.2,2023-07-11T04:00:00Z,5746,6.321
6.4,6.4,6.16,87,6.4,2023-07-12T04:00:00Z,3295,6.27
6.559,6.56,6.28,164,6.56,2023-07-13T04:00:00Z,3432,6.457
6.338,6.638,6.0,82,6.638,2023-07-14T04:00:00Z,2301,6.129
6.364,6.4,6.218,106,6.319,2023-07-17T04:00:00Z,2868,6.37
6.4,6.4,6.24,63,6.362,2023-07-18T04:00:00Z,2170,6.378
6.4,6.4,6.16,72,6.162,2023-07-19T04:00:00Z,1780,6.263
6.216,6.4,6.16,71,6.27,2023-07-20T04:00:00Z,1898,6.214
6.168,6.32,5.6,311,6.239,2023-07-21T04:00:00Z,23037,5.726
6.008,6.4,5.842,249,5.872,2023-07-24T04:00:00Z,18462,6.098
6.4,6.56,6.158,1840,6.48,2023-07-25T04:00:00Z,85958,6.335
6.2,6.481,6.095,288,6.4,2023-07-26T04:00:00Z,11896,6.296
6.003,6.4,5.76,155,5.881,2023-07-27T04:00:00Z,6166,6.071
6.32,6.4,6.005,141,6.08,2023-07-28T04:00:00Z,4310,6.22
6.248,6.4,6.114,139,6.24,2023-07-31T04:00:00Z,2048,6.329
5.849,6.241,5.84,222,6.241,2023-08-01T04:00:00Z,8654,5.994
5.76,6.2,5.681,95,5.84,2023-08-02T04:00:00Z,1999,5.94
5.68,5.759,5.608,152,5.72,2023-08-03T04:00:00Z,2747,5.666
5.519,5.69,5.368,180,5.68,2023-08-04T04:00:00Z,5783,5.481
5.439,5.52,5.36,137,5.44,2023-08-07T04:00:00Z,5654,5.479
5.28,5.592,5.158,117,5.592,2023-08-08T04:00:00Z,2010,5.274
5.039,5.513,4.967,223,5.513,2023-08-09T04:00:00Z,7535,5.098
5.232,5.272,4.889,217,4.889,2023-08-10T04:00:00Z,1624,5.02
5.56,5.56,4.9,144,5.36,2023-08-11T04:00:00Z,5760,5.425
5.492,5.492,4.881,139,4.881,2023-08-14T04:00:00Z,4053,5.185
5.2,5.6,4.95,227,5.6,2023-08-15T04:00:00Z,10342,5.271
5.28,5.28,5.004,121,5.2,2023-08-16T04:00:00Z,6244,5.186
5.432,5.44,4.801,141,4.96,2023-08-17T04:00:00Z,2563,5.014
5.421,5.512,4.845,129,5.04,2023-08-18T04:00:00Z,2158,5.014
5.004,5.549,4.959,146,5.521,2023-08-21T04:00:00Z,4316,5.132
5.52,5.52,4.966,61,5.2,2023-08-22T04:00:00Z,1464,5.217
5.36,5.36,4.96,125,5.32,2023-08-23T04:00:00Z,1969,5.157
4.896,5.2,4.896,58,4.97,2023-08-24T04:00:00Z,997,4.982
4.96,5.12,4.816,63,5.12,2023-08-25T04:00:00Z,622,4.919
4.96,5.208,4.822,55,5.208,2023-08-28T04:00:00Z,892,4.904
4.888,4.96,4.8,58,4.8,2023-08-29T04:00:00Z,1278,4.843
4.96,4.96,4.8,80,4.88,2023-08-30T04:00:00Z,1409,4.869
4.912,5.103,4.8,102,4.96,2023-08-31T04:00:00Z,2714,4.944
4.96,5.147,4.835,44,5.007,2023-09-01T04:00:00Z,619,4.957
5.032,5.04,4.8,72,4.808,2023-09-05T04:00:00Z,466,4.891
5.04,5.04,4.96,93,4.96,2023-09-06T04:00:00Z,773,4.965
4.728,5.168,4.721,141,5.168,2023-09-07T04:00:00Z,1407,4.916
4.88,4.944,4.485,63,4.72,2023-09-08T04:00:00Z,897,4.718
4.656,4.92,4.629,117,4.92,2023-09-11T04:00:00Z,1087,4.72
4.792,4.84,4.485,86,4.84,2023-09-12T04:00:00Z,997,4.549
4.568,4.7,4.512,94,4.64,2023-09-13T04:00:00Z,531,4.568
4.704,4.796,4.512,50,4.52,2023-09-14T04:00:00Z,1316,4.565
4.816,4.816,4.104,158,4.64,2023-09-15T04:00:00Z,5168,4.703
4.8,4.811,4.344,62,4.811,2023-09-18T04:00:00Z,513,4.504
4.712,4.8,4.355,111,4.8,2023-09-19T04:00:00Z,1799,4.604
4.744,4.816,4.48,39,4.688,2023-09-20T04:00:00Z,785,4.685
4.4,4.581,4.4,70,4.48,2023-09-21T04:00:00Z,642,4.445
4.48,4.815,4.24,58,4.815,2023-09-22T04:00:00Z,785,4.476
4.328,4.48,4.32,128,4.48,2023-09-25T04:00:00Z,253,4.375
4.35,4.544,4.329,94,4.544,2023-09-26T04:00:00Z,297,4.363
4.32,4.799,4.097,53,4.097,2023-09-27T04:00:00Z,297,4.48
4.355,4.798,4.089,45,4.718,2023-09-28T04:00:00Z,752,4.309
4.409,4.64,4.178,40,4.32,2023-09-29T04:00:00Z,451,4.325
4.166,4.4,4.16,54,4.16,2023-10-02T04:00:00Z,1158,4.182
4.089,4.169,4.089,58,4.122,2023-10-03T04:00:00Z,493,4.102
4.4,4.799,4.293,100,4.32,2023-10-04T04:00:00Z,1108,4.313
4.248,4.792,4.24,53,4.4,2023-10-05T04:00:00Z,788,4.491
3.763,4.4,3.763,140,4.399,2023-10-06T04:00:00Z,1562,4.045
3.92,4.048,3.285,106,3.685,2023-10-09T04:00:00Z,6837,3.635
3.896,4.352,3.36,5246,4.145,2023-10-10T04:00:00Z,143697,3.705
3.921,4.0,3.361,386,4.0,2023-10-11T04:00:00Z,16579,3.619
3.869,3.914,3.52,164,3.803,2023-10-12T04:00:00Z,4630,3.687
3.517,3.862,3.36,124,3.694,2023-10-13T04:00:00Z,2033,3.497
3.28,3.864,3.28,316,3.864,2023-10-16T04:00:00Z,4404,3.535
3.36,3.552,2.96,230,3.056,2023-10-17T04:00:00Z,5456,3.338
3.4,3.44,3.2,85,3.2,2023-10-18T04:00:00Z,2679,3.273
3.344,3.391,3.12,86,3.2,2023-10-19T04:00:00Z,1085,3.237
3.001,3.2,2.642,183,3.048,2023-10-20T04:00:00Z,5108,3.014
2.67,2.8,2.67,145,2.8,2023-10-23T04:00:00Z,3211,2.792
2.768,3.198,2.653,95,2.653,2023-10-24T04:00:00Z,3105,2.855
2.991,3.12,2.921,339,3.013,2023-10-25T04:00:00Z,22155,3.0
3.28,3.36,2.945,265,3.061,2023-10-26T04:00:00Z,15609,3.052
3.121,3.121,2.965,120,3.12,2023-10-27T04:00:00Z,2543,3.072
3.19,3.2,3.06,67,3.2,2023-10-30T04:00:00Z,2826,3.155
3.152,3.36,3.041,74,3.2,2023-10-31T04:00:00Z,1459,3.208
2.85,3.28,2.72,110,3.28,2023-11-01T04:00:00Z,5030,2.937
2.64,3.118,2.088,273,3.118,2023-11-02T04:00:00Z,15419,2.53
2.688,2.951,2.648,186,2.951,2023-11-03T04:00:00Z,2498,2.677
2.73,2.872,2.64,85,2.872,2023-11-06T05:00:00Z,2231,2.734
2.728,2.952,2.648,219,2.8,2023-11-07T05:00:00Z,1173,2.77
2.76,2.937,2.721,101,2.744,2023-11-08T05:00:00Z,1087,2.811
2.8,3.122,2.64,73,3.122,2023-11-09T05:00:00Z,1876,2.798
2.722,2.94,2.722,60,2.94,2023-11-10T05:00:00Z,394,2.778
2.688,2.881,2.559,64,2.675,2023-11-13T05:00:00Z,2297,2.637
2.719,2.72,2.56,79,2.72,2023-11-14T05:00:00Z,1142,2.661
3.234,3.575,2.8,412,2.801,2023-11-15T05:00:00Z,34930,3.204
2.724,3.199,2.587,89,2.587,2023-11-16T05:00:00Z,4511,2.797
2.84,3.03,2.562,40,2.562,2023-11-17T05:00:00Z,884,2.857
2.762,3.119,2.759,84,3.051,2023-11-20T05:00:00Z,2310,2.845
2.778,3.016,2.64,79,2.68,2023-11-21T05:00:00Z,2914,2.695
2.879,2.88,2.685,69,2.853,2023-11-22T05:00:00Z,1041,2.767
2.799,2.8,2.72,88,2.72,2023-11-24T05:00:00Z,1409,2.763
3.148,3.518,2.802,184,2.879,2023-11-27T05:00:00Z,6568,3.191
3.847,3.912,2.969,4065,3.208,2023-11-28T05:00:00Z,209483,3.615
4.16,4.536,3.429,708,3.594,2023-11-29T05:00:00Z,40700,3.867
6.232,6.32,4.12,1334,4.96,2023-11-30T05:00:00Z,62407,5.674
5.76,6.137,5.64,382,6.045,2023-12-01T05:00:00Z,16524,5.926
4.272,5.587,3.976,718,5.587,2023-12-04T05:00:00Z,31338,4.337
3.576,4.4,3.419,504,4.32,2023-12-05T05:00:00Z,30274,3.743
3.917,3.917,3.419,140,3.419,2023-12-06T05:00:00Z,5495,3.663
4.076,4.4,3.796,167,3.796,2023-12-07T05:00:00Z,8329,4.157
4.4,4.797,3.96,199,4.098,2023-12-08T05:00:00Z,10965,4.596
4.804,5.402,4.006,373,4.048,2023-12-11T05:00:00Z,18626,4.642
4.8,5.212,4.8,171,5.212,2023-12-12T05:00:00Z,6883,4.946
4.88,5.6,4.548,124,4.96,2023-12-13T05:00:00Z,6362,5.125
4.72,5.407,4.72,295,5.2,2023-12-14T05:00:00Z,15164,5.087
4.576,5.039,4.57,154,4.862,2023-12-15T05:00:00Z,3678,4.639
4.481,4.797,4.425,72,4.425,2023-12-18T05:00:00Z,1869,4.554
4.472,4.668,4.45,80,4.668,2023-12-19T05:00:00Z,2535,4.497
4.568,4.802,4.568,48,4.778,2023-12-20T05:00:00Z,652,4.72
4.8,4.8,4.473,64,4.473,2023-12-21T05:00:00Z,1008,4.552
4.952,5.038,4.568,74,4.568,2023-12-22T05:00:00Z,1605,4.754
5.038,5.04,3.6,186,4.842,2023-12-26T05:00:00Z,3948,4.353
4.8,4.952,4.193,146,4.728,2023-12-27T05:00:00Z,3400,4.717
4.632,4.88,4.438,109,4.88,2023-12-28T05:00:00Z,2911,4.666
4.559,4.8,4.221,123,4.48,2023-12-29T05:00:00Z,5676,4.549
3.92,4.786,3.91,197,4.786,2024-01-02T05:00:00Z,5816,4.215
4.005,4.56,4.0,161,4.211,2024-01-03T05:00:00Z,6711,4.113
4.085,4.32,4.085,45,4.156,2024-01-04T05:00:00Z,412,4.106
4.12,4.24,3.87,79,4.229,2024-01-05T05:00:00Z,2067,4.094
4.04,4.388,3.76,145,4.326,2024-01-08T05:00:00Z,2803,4.187
4.059,4.24,3.88,59,3.88,2024-01-09T05:00:00Z,1408,4.043
4.0,4.24,4.0,128,4.232,2024-01-10T05:00:00Z,3581,4.098
3.921,4.239,3.92,62,4.0,2024-01-11T05:00:00Z,2122,4.041
3.608,4.08,3.6,140,4.0,2024-01-12T05:00:00Z,3202,3.921
3.759,3.781,3.421,449,3.781,2024-01-16T05:00:00Z,9003,3.642
3.198,3.491,2.911,23981,3.28,2024-01-17T05:00:00Z,29412,3.179
3.51,3.6,3.108,14601,3.6,2024-01-18T05:00:00Z,19524,3.423
2.958,3.551,2.881,13802,3.534,2024-01-19T05:00:00Z,22214,3.119
2.6,2.97,2.41,15219,2.43,2024-01-22T05:00:00Z,52770,2.648098
2.76,3.63,2.6,2931,2.62,2024-01-23T05:00:00Z,47996,3.053748
3.185,3.3682,2.76,5163,2.76,2024-01-24T05:00:00Z,29134,3.073846
2.93,3.3133,2.79,2319,3.13,2024-01-25T05:00:00Z,19031,3.028438
2.785,2.91,2.68,1169,2.83,2024-01-26T05:00:00Z,14973,2.767316
2.68,3.07,2.6201,595,2.71,2024-01-29T05:00:00Z,10974,2.786364
2.99,3.31,2.656,847,2.7,2024-01-30T05:00:00Z,77737,2.990568
3.5,3.72,2.95,957,3.0617,2024-01-31T05:00:00Z,171961,3.358902
3.53,3.7499,3.27,4295,3.7,2024-02-01T05:00:00Z,46026,3.547813
4.09,4.22,3.41,9222,3.41,2024-02-02T05:00:00Z,242748,3.821117
3.8457,4.47,3.5535,4491,4.45,2024-02-05T05:00:00Z,337111,4.008667
2.72,3.47,2.4,2092,3.41,2024-02-06T05:00:00Z,184019,2.750485
2.41,2.795,2.2662,1273,2.75,2024-02-07T05:00:00Z,106880,2.528964
2.35,2.57,2.31,846,2.47,2024-02-08T05:00:00Z,37226,2.418146
2.32,2.3459,2.17,677,2.3,2024-02-09T05:00:00Z,52053,2.290201
2.07,2.2982,1.99,763,2.27,2024-02-12T05:00:00Z,89377,2.117508
2.03,2.18,2.011,282,2.1,2024-02-13T05:00:00Z,14150,2.096613
2.1,2.17,1.92,538,2.0109,2024-02-14T05:00:00Z,70457,2.056247
2.01,2.14,1.96,269,2.14,2024-02-15T05:00:00Z,33969,2.003913
1.96,2.08,1.95,217,2.08,2024-02-16T05:00:00Z,18446,2.000563
1.79,2.03,1.76,255,1.95,2024-02-20T05:00:00Z,23038,1.860982
1.74,1.8862,1.6801,258,1.8862,2024-02-21T05:00:00Z,20596,1.732731
1.8106,1.98,1.75,1110,1.86,2024-02-22T05:00:00Z,221600,1.861567
1.52,1.75,1.46,736,1.75,2024-02-23T05:00:00Z,124427,1.568957
1.65,1.77,1.5,674,1.5,2024-02-26T05:00:00Z,97410,1.622911
1.53,1.6501,1.49,477,1.65,2024-02-27T05:00:00Z,79272,1.547965
1.52,1.579,1.49,258,1.579,2024-02-28T05:00:00Z,33051,1.511801
1.53,1.73,1.36,2311,1.54,2024-02-29T05:00:00Z,373244,1.571816
1.39,1.56,1.21,1244,1.56,2024-03-01T05:00:00Z,208531,1.380721
1.48,1.5,1.41,472,1.42,2024-03-04T05:00:00Z,45152,1.437061
1.42,1.5,1.3,534,1.4944,2024-03-05T05:00:00Z,62816,1.388575
1.4,1.44,1.32,275,1.43,2024-03-06T05:00:00Z,24200,1.390832
1.34,1.42,1.285,581,1.37,2024-03-07T05:00:00Z,59385,1.335979
1.5001,1.56,1.3,12017,1.41,2024-03-08T05:00:00Z,2527534,1.440894
1.33,1.4989,1.2801,1757,1.44,2024-03-11T04:00:00Z,332385,1.359396
1.25,1.3478,1.22,785,1.32,2024-03-12T04:00:00Z,109225,1.254394
1.2,1.29,1.15,1151,1.2,2024-03-13T04:00:00Z,166599,1.223571
1.05,1.1799,0.92,804,1.16,2024-03-14T04:00:00Z,146706,1.095825
1.01,1.14,0.9223,489,1.05,2024-03-15T04:00:00Z,80136,1.013708
1.05,1.14,0.9901,361,1.12,2024-03-18T04:00:00Z,44659,1.03012
1.02,1.07,0.95,219,1.07,2024-03-19T04:00:00Z,23273,1.013268
1.05,1.092,1.01,218,1.01,2024-03-20T04:00:00Z,30583,1.054132
1.25,1.28,1.0701,1978,1.1,2024-03-21T04:00:00Z,362526,1.187205
1.08,1.24,1.07,540,1.24,2024-03-22T04:00:00Z,98539,1.129237
1.03,1.12,1.03,222,1.09,2024-03-25T04:00:00Z,29762,1.076383
1.02,1.0699,1.01,155,1.05,2024-03-26T04:00:00Z,23723,1.032
1.02,1.05,1.0,174,1.025,2024-03-27T04:00:00Z,16618,1.024069
1.24,1.44,1.04,1058,1.09,2024-03-28T04:00:00Z,288287,1.248441
1.07,1.26,1.0301,466,1.26,2024-04-01T04:00:00Z,81624,1.093717
1.28,1.31,1.05,482,1.05,2024-04-02T04:00:00Z,117279,1.190106
1.19,1.28,1.16,231,1.28,2024-04-03T04:00:00Z,42005,1.20866
1.16,1.215,1.1163,173,1.14,2024-04-04T04:00:00Z,34033,1.166595
1.21,1.23,1.1101,172,1.14,2024-04-05T04:00:00Z,34082,1.168916
1.12,1.19,1.12,227,1.18,2024-04-08T04:00:00Z,60769,1.148597
1.15,1.28,1.1201,305,1.15,2024-04-09T04:00:00Z,82760,1.197237
1.1813,1.3,1.14,211,1.3,2024-04-10T04:00:00Z,34681,1.226977
1.23,1.29,1.15,103,1.29,2024-04-11T04:00:00Z,8280,1.205201
1.0834,1.1873,1.0501,215,1.1501,2024-04-12T04:00:00Z,57300,1.098737
1.05,1.155,1.05,154,1.0901,2024-04-15T04:00:00Z,18683,1.078657
1.215,1.36,1.08,1097,1.08,2024-04-16T04:00:00Z,283430,1.219999
1.31,1.3609,1.17,711,1.24,2024-04-17T04:00:00Z,186903,1.285368
1.61,1.61,1.27,1038,1.27,2024-04-18T04:00:00Z,225155,1.456027
1.3,1.53,1.3,444,1.51,2024-04-19T04:00:00Z,94643,1.420054
1.52,1.61,1.26,376,1.29,2024-04-22T04:00:00Z,40729,1.425902
1.5,1.6,1.45,177,1.52,2024-04-23T04:00:00Z,30604,1.514825
1.42,1.52,1.38,199,1.51,2024-04-24T04:00:00Z,24166,1.443434
1.38,1.45,1.2846,286,1.43,2024-04-25T04:00:00Z,61876,1.321843
1.3662,1.4475,1.3662,118,1.39,2024-04-26T04:00:00Z,17611,1.404212
1.37,1.44,1.37,165,1.42,2024-04-29T04:00:00Z,9316,1.405763
1.415,1.48,1.345,337,1.41,2024-04-30T04:00:00Z,61900,1.404097
1.44,1.49,1.4,75,1.49,2024-05-01T04:00:00Z,5604,1.421836
1.32,1.4,1.31,170,1.4,2024-05-02T04:00:00Z,28788,1.342909
1.42,1.48,1.3313,401,1.36,2024-05-03T04:00:00Z,101907,1.423079
1.38,1.4801,1.36,286,1.47,2024-05-06T04:00:00Z,43248,1.433336
1.73,1.7756,1.39,2588,1.45,2024-05-07T04:00:00Z,636363,1.613834
3.19,4.5199,2.74,573435,3.09,2024-05-08T04:00:00Z,109955801,3.55797
3.22,3.37,2.9,11353,3.08,2024-05-09T04:00:00Z,2294362,3.186069
3.39,3.45,3.03,3951,3.12,2024-05-10T04:00:00Z,947562,3.325456
3.41,3.9,3.2701,4919,3.38,2024-05-13T04:00:00Z,906002,3.615441
2.53,3.45,2.47,2868,3.4,2024-05-14T04:00:00Z,440522,2.858613
3.75,3.94,2.47,3314,2.47,2024-05-15T04:00:00Z,572083,3.375785
3.81,4.09,3.45,2694,3.67,2024-05-16T04:00:00Z,392473,3.827405
4.16,4.4694,3.81,1649,3.81,2024-05-17T04:00:00Z,314960,4.144138
3.91,4.9,3.86,1641,4.06,2024-05-20T04:00:00Z,263076,4.358836
3.92,4.02,3.69,703,3.9,2024-05-21T04:00:00Z,105194,3.857279
3.71,4.0248,3.69,351,3.84,2024-05-22T04:00:00Z,39694,3.78788
3.49,3.82,3.3301,444,3.66,2024-05-23T04:00:00Z,100999,3.538479
3.7,3.7946,3.3601,286,3.46,2024-05-24T04:00:00Z,23030,3.627084
3.72,3.9144,3.5,374,3.63,2024-05-28T04:00:00Z,70265,3.690062
3.9,4.1,3.52,676,3.65,2024-05-29T04:00:00Z,82463,3.7533
3.89,3.92,3.7,270,3.82,2024-05-30T04:00:00Z,31223,3.845703
3.8,3.88,3.67,281,3.81,2024-05-31T04:00:00Z,21089,3.754442
3.81,3.8739,3.72,190,3.72,2024-06-03T04:00:00Z,19174,3.774586
4.3,4.44,3.72,808,3.73,2024-06-04T04:00:00Z,129276,4.169252
4.51,4.89,4.1193,894,4.21,2024-06-05T04:00:00Z,155247,4.501882
4.26,4.42,4.05,418,4.42,2024-06-06T04:00:00Z,58444,4.253794
4.74,4.8683,4.15,514,4.17,2024-06-07T04:00:00Z,44636,4.526859
4.415,4.72,4.0,1100,4.65,2024-06-10T04:00:00Z,162709,4.432226
5.03,5.46,4.51,2721,4.66,2024-06-11T04:00:00Z,316454,5.075461
5.49,5.49,4.56,717,5.0,2024-06-12T04:00:00Z,74588,5.05074
6.76,7.5757,5.34,4881,5.34,2024-06-13T04:00:00Z,494399,6.774609
7.73,8.8,6.52,3248,6.52,2024-06-14T04:00:00Z,486809,7.762822
7.0,8.71,6.65,2466,8.0,2024-06-17T04:00:00Z,294798,7.782082
7.65,8.2,6.91,1919,7.01,2024-06-18T04:00:00Z,250707,7.822112
6.76,7.92,6.0001,1727,7.82,2024-06-20T04:00:00Z,218781,6.805671
7.08,7.5899,6.8,677,6.8,2024-06-21T04:00:00Z,83405,7.052065
6.23,7.4851,5.7,1150,7.0,2024-06-24T04:00:00Z,158543,6.343491
6.41,6.76,5.57,985,6.16,2024-06-25T04:00:00Z,121299,6.114919
6.5,6.76,6.0201,484,6.27,2024-06-26T04:00:00Z,42844,6.420816
5.9,6.18,5.5,644,6.16,2024-06-27T04:00:00Z,82947,5.866195
6.97,7.4474,6.02,980,6.12,2024-06-28T04:00:00Z,89332,6.856955
7.33,7.4491,6.9823,574,6.99,2024-07-01T04:00:00Z,70921,7.231918
7.87,7.91,7.2289,425,7.41,2024-07-02T04:00:00Z,39717,7.626852
7.73,8.24,7.6,590,7.95,2024-07-03T04:00:00Z,44094,7.974779
7.3,7.71,7.03,407,7.71,2024-07-05T04:00:00Z,33451,7.301028
6.75,7.24,6.74,528,7.24,2024-07-08T04:00:00Z,39871,6.965829
6.07,6.832,5.9954,492,6.73,2024-07-09T04:00:00Z,53439,6.275358
6.07,6.51,6.0091,345,6.22,2024-07-10T04:00:00Z,16741,6.201394
6.2,6.5,6.06,877,6.09,2024-07-11T04:00:00Z,67933,6.248128
6.0,6.296,6.0,251,6.11,2024-07-12T04:00:00Z,14891,6.142787
5.24,6.06,4.91,770,6.0,2024-07-15T04:00:00Z,80158,5.388221
5.65,6.8,5.29,1347,6.12,2024-07-16T04:00:00Z,146266,6.084801
5.26,5.6719,5.06,414,5.65,2024-07-17T04:00:00Z,37175,5.245861
5.7,5.81,5.35,456,5.35,2024-07-18T04:00:00Z,43262,5.615531
5.68,5.86,5.56,211,5.56,2024-07-19T04:00:00Z,31578,5.677257
5.645,5.82,5.6,134,5.82,2024-07-22T04:00:00Z,12286,5.735965
5.5,5.8899,5.42,200,5.42,2024-07-23T04:00:00Z,19120,5.587222
5.21,5.8699,4.5791,907,5.42,2024-07-24T04:00:00Z,74953,5.116209
4.91,5.16,4.7,472,5.08,2024-07-25T04:00:00Z,35799,4.904959
5.01,5.17,4.75,172,4.93,2024-07-26T04:00:00Z,10170,4.952852
4.48,4.91,4.31,274,4.91,2024-07-29T04:00:00Z,26442,4.553567
4.28,4.91,4.21,402,4.63,2024-07-30T04:00:00Z,29568,4.504514
4.36,4.53,4.1,173,4.36,2024-07-31T04:00:00Z,15975,4.322915
4.28,4.605,4.13,118,4.42,2024-08-01T04:00:00Z,10366,4.315924
3.36,4.02,3.3,968,4.02,2024-08-02T04:00:00Z,112138,3.529228
2.9,3.16,2.78,786,3.16,2024-08-05T04:00:00Z,86742,2.970578
3.18,3.59,2.82,784,2.82,2024-08-06T04:00:00Z,96931,3.321359
3.25,3.57,3.1301,285,3.31,2024-08-07T04:00:00Z,39059,3.319298
3.19,3.5399,3.1,234,3.29,2024-08-08T04:00:00Z,26497,3.306791
3.08,3.3,3.021,129,3.21,2024-08-09T04:00:00Z,13157,3.124731
3.0,3.14,2.92,218,3.1,2024-08-12T04:00:00Z,22383,3.013769
2.8,3.11,2.55,431,3.11,2024-08-13T04:00:00Z,39682,2.708957
3.79,5.47,3.1,46889,3.36,2024-08-14T04:00:00Z,6267179,4.19587
3.75,3.96,3.3201,3443,3.56,2024-08-15T04:00:00Z,425034,3.650532
3.62,4.0,3.45,1815,3.68,2024-08-16T04:00:00Z,145169,3.707717
3.94,4.24,3.5737,1585,3.6,2024-08-19T04:00:00Z,151726,3.9314
3.87,4.0733,3.6658,857,3.97,2024-08-20T04:00:00Z,85598,3.912163
3.75,3.97,3.69,437,3.8629,2024-08-21T04:00:00Z,69875,3.864841
3.92,4.04,3.75,797,3.75,2024-08-22T04:00:00Z,113269,3.796213
3.87,4.12,3.8182,276,3.95,2024-08-23T04:00:00Z,38190,3.874256
3.69,3.93,3.6,162,3.92,2024-08-26T04:00:00Z,25319,3.750011
3.4,3.63,3.4,266,3.63,2024-08-27T04:00:00Z,22078,3.487495
3.53,3.75,3.34,688,3.4,2024-08-28T04:00:00Z,44552,3.52223
3.39,3.54,3.2624,243,3.53,2024-08-29T04:00:00Z,15520,3.382338
3.41,3.49,3.345,111,3.42,2024-08-30T04:00:00Z,7578,3.428505
3.36,3.44,3.28,134,3.38,2024-09-03T04:00:00Z,8560,3.346286
3.1,3.365,3.0301,449,3.36,2024-09-04T04:00:00Z,36158,3.147625
3.15,3.2747,3.03,151,3.1,2024-09-05T04:00:00Z,13165,3.1016
3.25,3.25,3.03,156,3.05,2024-09-06T04:00:00Z,13476,3.128152
3.4,3.47,3.21,480,3.25,2024-09-09T04:00:00Z,33549,3.334982
3.28,3.4,3.26,144,3.36,2024-09-10T04:00:00Z,7647,3.335357
3.22,3.45,3.0532,378,3.11,2024-09-11T04:00:00Z,17113,3.270594
3.3,3.45,3.18,878,3.23,2024-09-12T04:00:00Z,62457,3.325272
3.5,3.59,3.275,234,3.275,2024-09-13T04:00:00Z,17531,3.441496
3.33,3.58,3.27,169,3.475,2024-09-16T04:00:00Z,14376,3.432848
3.52,3.54,3.3139,221,3.445,2024-09-17T04:00:00Z,13347,3.463494
3.09,3.52,3.08,174,3.3401,2024-09-18T04:00:00Z,12662,3.292501
3.05,3.4081,3.05,418,3.27,2024-09-19T04:00:00Z,44114,3.251557
3.03,3.17,3.0,295,3.05,2024-09-20T04:00:00Z,42884,3.053814
2.963,3.12,2.96,244,3.09,2024-09-23T04:00:00Z,19294,2.998512
2.99,3.12,2.99,261,3.0,2024-09-24T04:00:00Z,28458,3.040033
3.02,3.12,3.0,297,3.0307,2024-09-25T04:00:00Z,53730,3.055415
3.02,3.2299,3.02,332,3.0201,2024-09-26T04:00:00Z,41985,3.108119
3.03,3.19,3.0,227,3.17,2024-09-27T04:00:00Z,42148,3.068875
2.98,3.02,2.92,151,2.97,2024-09-30T04:00:00Z,13289,2.961967
2.94,3.04,2.94,146,2.9462,2024-10-01T04:00:00Z,12972,2.964869
2.99,2.99,2.7801,122,2.94,2024-10-02T04:00:00Z,7541,2.910931
2.9,3.0,2.89,122,2.8901,2024-10-03T04:00:00Z,13221,2.92879
2.84,3.06,2.8,156,2.88,2024-10-04T04:00:00Z,10964,2.941861
2.78,2.809,2.6,174,2.73,2024-10-07T04:00:00Z,10713,2.718426
2.72,2.95,2.67,149,2.69,2024-10-08T04:00:00Z,7816,2.805711
2.63,2.715,2.63,136,2.66,2024-10-09T04:00:00Z,11211,2.661425
2.44,2.7594,2.29,412,2.61,2024-10-10T04:00:00Z,55004,2.440192
2.53,2.7338,2.2727,327,2.52,2024-10-11T04:00:00Z,33433,2.529613
2.57,2.61,2.4111,105,2.6,2024-10-14T04:00:00Z,5047,2.548477
2.55,2.5973,2.2727,342,2.57,2024-10-15T04:00:00Z,46547,2.43708
2.49,2.55,2.415,139,2.55,2024-10-16T04:00:00Z,15015,2.498009
2.54,2.87,2.45,319,2.48,2024-10-17T04:00:00Z,49931,2.623379
2.49,2.6888,2.48,175,2.52,2024-10-18T04:00:00Z,24264,2.517434
2.44,2.5,2.34,171,2.5,2024-10-21T04:00:00Z,14047,2.415559
2.26,2.44,2.22,228,2.44,2024-10-22T04:00:00Z,24401,2.312209
2.06,2.335,2.06,212,2.27,2024-10-23T04:00:00Z,22280,2.208784
2.1,2.19,1.94,372,2.19,2024-10-24T04:00:00Z,40984,2.02314
1.9,2.07,1.9,213,2.07,2024-10-25T04:00:00Z,14688,1.951726
2.07,2.09,1.89,137,1.89,2024-10-28T04:00:00Z,11789,2.042756
2.1,2.29,2.06,158,2.1,2024-10-29T04:00:00Z,13836,2.157039
2.0,2.2199,1.91,203,2.045,2024-10-30T04:00:00Z,21089,2.038247
1.78,2.0,1.73,260,2.0,2024-10-31T04:00:00Z,28984,1.832275
1.74,1.84,1.73,235,1.8,2024-11-01T04:00:00Z,26966,1.790449
1.65,1.76,1.61,338,1.76,2024-11-04T05:00:00Z,37509,1.672152
1.72,1.81,1.66,458,1.68,2024-11-05T05:00:00Z,71406,1.730339
1.7965,2.0199,1.73,2835,1.83,2024-11-06T05:00:00Z,476907,1.804283
1.83,2.15,1.66,6796,2.03,2024-11-07T05:00:00Z,1103465,1.926883
1.53,1.75,1.39,1207,1.75,2024-11-08T05:00:00Z,227512,1.542969
1.48,1.57,1.41,494,1.53,2024-11-11T05:00:00Z,59281,1.493101
1.43,1.5499,1.25,750,1.54,2024-11-12T05:00:00Z,163902,1.436997
1.16,1.4369,1.085,1112,1.43,2024-11-13T05:00:00Z,240987,1.23184
1.13,1.3205,1.08,863,1.26,2024-11-14T05:00:00Z,137255,1.156173
1.11,1.12,1.03,499,1.11,2024-11-15T05:00:00Z,84459,1.093906
1.07,1.13,1.0392,426,1.09,2024-11-18T05:00:00Z,100134,1.072273
1.07,1.1365,1.07,241,1.07,2024-11-19T05:00:00Z,30848,1.112917
1.17,1.25,1.11,425,1.15,2024-11-20T05:00:00Z,105372,1.148811
1.39,1.5,1.17,795,1.17,2024-11-21T05:00:00Z,242716,1.371963
1.42,1.52,1.36,610,1.42,2024-11-22T05:00:00Z,135539,1.445639
1.24,1.39,1.24,627,1.39,2024-11-25T05:00:00Z,134267,1.301232
1.23,1.33,1.15,349,1.33,2024-11-26T05:00:00Z,56738,1.218422
1.11,1.23,1.1,430,1.23,2024-11-27T05:00:00Z,58572,1.160396
1.1018,1.15,1.09,373,1.15,2024-11-29T05:00:00Z,75883,1.109308
1.16,1.18,1.13,331,1.13,2024-12-02T05:00:00Z,51844,1.155204
1.17,1.18,1.14,277,1.17,2024-12-03T05:00:00Z,69225,1.163676
1.13,1.1898,1.13,368,1.17,2024-12-04T05:00:00Z,59765,1.157001
1.12,1.165,1.05,295,1.13,2024-12-05T05:00:00Z,83792,1.092895
1.13,1.15,1.0815,255,1.12,2024-12-06T05:00:00Z,51492,1.115153
1.16,1.17,1.13,287,1.17,2024-12-09T05:00:00Z,33150,1.140619
1.36,1.48,1.1207,1873,1.14,2024-12-10T05:00:00Z,444899,1.346214
1.35,1.4099,1.2841,385,1.36,2024-12-11T05:00:00Z,107046,1.354385
1.26,1.33,1.25,189,1.32,2024-12-12T05:00:00Z,45823,1.283414
1.25,1.36,1.2,236,1.25,2024-12-13T05:00:00Z,39349,1.256115
1.11,1.2102,1.06,363,1.21,2024-12-16T05:00:00Z,95429,1.142657
1.18,1.23,1.14,216,1.17,2024-12-17T05:00:00Z,23509,1.193891
1.26,1.32,1.16,465,1.17,2024-12-18T05:00:00Z,83103,1.234862
1.4,1.4399,1.25,488,1.35,2024-12-19T05:00:00Z,145018,1.34932
1.32,1.4547,1.29,349,1.4,2024-12-20T05:00:00Z,99723,1.388346
1.4,1.4,1.32,175,1.38,2024-12-23T05:00:00Z,23250,1.352059
1.67,1.9697,1.38,1442,1.38,2024-12-24T05:00:00Z,424559,1.700124
1.56,1.66,1.5,473,1.57,2024-12-26T05:00:00Z,92649,1.569357
1.8,1.89,1.52,652,1.52,2024-12-27T05:00:00Z,103521,1.756049
1.65,1.9,1.56,405,1.9,2024-12-30T05:00:00Z,53589,1.682357
1.66,1.85,1.62,360,1.69,2024-12-31T05:00:00Z,54194,1.707257
1.7,1.7911,1.68,902,1.71,2025-01-02T05:00:00Z,209124,1.707099
