c,h,l,n,o,t,v,vw
115920.0,115920.0,115920.0,1,115920.0,2016-01-07T05:00:00Z,0,115920.0
115920.0,115920.0,115920.0,0,115920.0,2016-01-08T05:00:00Z,0,0.0
115920.0,115920.0,115920.0,0,115920.0,2016-01-11T05:00:00Z,0,0.0
115920.0,115920.0,115920.0,0,115920.0,2016-01-12T05:00:00Z,0,0.0
115920.0,115920.0,115920.0,0,115920.0,2016-01-13T05:00:00Z,0,0.0
115920.0,115920.0,115920.0,0,115920.0,2016-01-14T05:00:00Z,0,0.0
115920.0,115920.0,115920.0,0,115920.0,2016-01-15T05:00:00Z,0,0.0
115920.0,115920.0,115920.0,0,115920.0,2016-01-19T05:00:00Z,0,0.0
115920.0,115920.0,115920.0,0,115920.0,2016-01-20T05:00:00Z,0,0.0
115920.0,115920.0,115920.0,0,115920.0,2016-01-21T05:00:00Z,0,0.0
115920.0,115920.0,115920.0,0,115920.0,2016-01-22T05:00:00Z,0,0.0
115920.0,115920.0,115920.0,0,115920.0,2016-01-25T05:00:00Z,0,0.0
115920.0,115920.0,115920.0,0,115920.0,2016-01-26T05:00:00Z,0,0.0
116400.0,116400.0,116400.0,2,116400.0,2016-01-27T05:00:00Z,0,116400.0
116400.0,116400.0,116400.0,0,116400.0,2016-01-28T05:00:00Z,0,0.0
118200.0,118200.0,116400.0,3,116400.0,2016-01-29T05:00:00Z,0,117000.0
118200.0,118200.0,118200.0,0,118200.0,2016-02-01T05:00:00Z,0,0.0
118200.0,118200.0,118200.0,0,118200.0,2016-02-02T05:00:00Z,0,0.0
118200.0,118200.0,118200.0,0,118200.0,2016-02-03T05:00:00Z,0,0.0
118200.0,118200.0,118200.0,1,118200.0,2016-02-04T05:00:00Z,0,118200.0
118200.0,118200.0,118200.0,0,118200.0,2016-02-05T05:00:00Z,0,0.0
117600.0,117600.0,117600.0,50,117600.0,2016-02-08T05:00:00Z,0,117600.0
115920.0,116400.0,115920.0,3,116400.0,2016-02-09T05:00:00Z,0,116360.0
115920.0,115920.0,115920.0,2,115920.0,2016-02-10T05:00:00Z,0,115920.0
116400.0,116400.0,116400.0,3,116400.0,2016-02-11T05:00:00Z,0,116400.0
118200.0,118200.0,118080.0,25,118080.0,2016-02-12T05:00:00Z,0,118184.28
118200.0,118200.0,118200.0,0,118200.0,2016-02-16T05:00:00Z,0,0.0
118200.0,118200.0,118200.0,0,118200.0,2016-02-17T05:00:00Z,0,0.0
118200.0,118200.0,118200.0,0,118200.0,2016-02-18T05:00:00Z,0,0.0
118200.0,118200.0,118200.0,0,118200.0,2016-02-19T05:00:00Z,0,0.0
118200.0,118200.0,118200.0,0,118200.0,2016-02-22T05:00:00Z,0,0.0
118200.0,118200.0,118200.0,0,118200.0,2016-02-23T05:00:00Z,0,0.0
118200.0,118200.0,118200.0,0,118200.0,2016-02-24T05:00:00Z,0,0.0
118200.0,118200.0,118200.0,0,118200.0,2016-02-25T05:00:00Z,0,0.0
118200.0,118200.0,118200.0,0,118200.0,2016-02-26T05:00:00Z,0,0.0
118200.0,118200.0,118200.0,0,118200.0,2016-02-29T05:00:00Z,0,0.0
118200.0,118200.0,118200.0,0,118200.0,2016-03-01T05:00:00Z,0,0.0
118200.0,118200.0,118200.0,0,118200.0,2016-03-02T05:00:00Z,0,0.0
118200.0,118200.0,118200.0,0,118200.0,2016-03-03T05:00:00Z,0,0.0
118200.0,118200.0,118200.0,0,118200.0,2016-03-04T05:00:00Z,0,0.0
118200.0,118200.0,118200.0,0,118200.0,2016-03-07T05:00:00Z,0,0.0
118200.0,118200.0,118200.0,0,118200.0,2016-03-08T05:00:00Z,0,0.0
117001.2,117001.2,117000.0,2,117000.0,2016-03-09T05:00:00Z,0,117000.5
117001.2,117001.2,117001.2,0,117001.2,2016-03-10T05:00:00Z,0,0.0
117600.0,118200.0,117600.0,3,118200.0,2016-03-11T05:00:00Z,0,117898.49
117600.0,117600.0,117600.0,0,117600.0,2016-03-14T04:00:00Z,0,0.0
117600.0,117600.0,117600.0,0,117600.0,2016-03-15T04:00:00Z,0,0.0
117600.0,117600.0,117600.0,0,117600.0,2016-03-16T04:00:00Z,0,0.0
117600.0,117600.0,117600.0,0,117600.0,2016-03-17T04:00:00Z,0,0.0
116760.0,116760.0,116760.0,31,116760.0,2016-03-18T04:00:00Z,0,116760.0
117000.0,117000.0,117000.0,1,117000.0,2016-03-21T04:00:00Z,0,117000.0
117000.0,117000.0,117000.0,0,117000.0,2016-03-22T04:00:00Z,0,0.0
117000.0,117000.0,117000.0,0,117000.0,2016-03-23T04:00:00Z,0,0.0
117120.0,117240.0,117120.0,2,117240.0,2016-03-24T04:00:00Z,4,117237.65
117120.0,117120.0,117120.0,0,117120.0,2016-03-28T04:00:00Z,0,0.0
117120.0,117120.0,117120.0,0,117120.0,2016-03-29T04:00:00Z,0,0.0
118200.0,118200.0,117000.0,4,117000.0,2016-03-30T04:00:00Z,0,117080.0
117360.0,117360.0,117000.0,2,117000.0,2016-03-31T04:00:00Z,0,117180.0
117360.0,117360.0,117360.0,0,117360.0,2016-04-01T04:00:00Z,0,0.0
117360.0,117360.0,117360.0,0,117360.0,2016-04-04T04:00:00Z,0,0.0
117360.0,117360.0,117360.0,0,117360.0,2016-04-05T04:00:00Z,0,0.0
117360.0,117360.0,117360.0,0,117360.0,2016-04-06T04:00:00Z,0,0.0
117360.0,117360.0,117360.0,0,117360.0,2016-04-07T04:00:00Z,0,0.0
118200.0,118200.0,118200.0,2,118200.0,2016-04-08T04:00:00Z,0,118200.0
118200.0,118200.0,118200.0,0,118200.0,2016-04-11T04:00:00Z,0,0.0
118200.0,118200.0,118200.0,0,118200.0,2016-04-12T04:00:00Z,0,0.0
117360.0,117360.0,117360.0,1,117360.0,2016-04-13T04:00:00Z,0,117360.0
117360.0,117360.0,117360.0,0,117360.0,2016-04-14T04:00:00Z,0,0.0
117360.0,117360.0,117360.0,0,117360.0,2016-04-15T04:00:00Z,0,0.0
117360.0,117360.0,117360.0,0,117360.0,2016-04-18T04:00:00Z,0,0.0
117360.0,117360.0,117360.0,0,117360.0,2016-04-19T04:00:00Z,0,0.0
117360.0,117360.0,117360.0,0,117360.0,2016-04-20T04:00:00Z,0,0.0
117000.0,117000.0,117000.0,6,117000.0,2016-04-21T04:00:00Z,0,117000.0
117000.0,117000.0,117000.0,0,117000.0,2016-04-22T04:00:00Z,0,0.0
117000.0,117000.0,117000.0,1,117000.0,2016-04-25T04:00:00Z,0,117000.0
117000.0,117000.0,117000.0,0,117000.0,2016-04-26T04:00:00Z,0,0.0
117000.0,117000.0,117000.0,50,117000.0,2016-04-27T04:00:00Z,0,117000.0
117000.0,117000.0,117000.0,0,117000.0,2016-04-28T04:00:00Z,0,0.0
117000.0,117000.0,117000.0,0,117000.0,2016-04-29T04:00:00Z,0,0.0
117000.0,117000.0,117000.0,0,117000.0,2016-05-02T04:00:00Z,0,0.0
117000.0,117000.0,117000.0,0,117000.0,2016-05-03T04:00:00Z,0,0.0
117000.0,117000.0,117000.0,0,117000.0,2016-05-04T04:00:00Z,0,0.0
117000.0,117000.0,117000.0,0,117000.0,2016-05-05T04:00:00Z,0,0.0
117000.0,117000.0,117000.0,0,117000.0,2016-05-06T04:00:00Z,0,0.0
117000.0,117000.0,117000.0,0,117000.0,2016-05-09T04:00:00Z,0,0.0
117000.0,117000.0,117000.0,0,117000.0,2016-05-10T04:00:00Z,0,0.0
117000.0,117000.0,117000.0,0,117000.0,2016-05-11T04:00:00Z,0,0.0
117000.0,117000.0,117000.0,0,117000.0,2016-05-12T04:00:00Z,0,0.0
117600.0,117600.0,117600.0,4,117600.0,2016-05-13T04:00:00Z,27,117600.0
118200.0,118200.0,117600.0,12,117600.0,2016-05-16T04:00:00Z,0,117625.91
117720.0,118800.0,117720.0,52,117840.0,2016-05-17T04:00:00Z,0,118101.59
117720.0,117720.0,117720.0,0,117720.0,2016-05-18T04:00:00Z,0,0.0
117720.0,117720.0,117720.0,0,117720.0,2016-05-19T04:00:00Z,0,0.0
117720.0,118320.0,117720.0,2,118320.0,2016-05-20T04:00:00Z,0,118020.0
117720.0,117720.0,117720.0,0,117720.0,2016-05-23T04:00:00Z,0,0.0
117960.0,117960.0,117960.0,2,117960.0,2016-05-24T04:00:00Z,4,117960.0
117960.0,117960.0,117960.0,0,117960.0,2016-05-25T04:00:00Z,0,0.0
117960.0,117960.0,117960.0,0,117960.0,2016-05-26T04:00:00Z,0,0.0
117960.0,117960.0,117960.0,0,117960.0,2016-05-27T04:00:00Z,0,0.0
117960.0,117960.0,117960.0,0,117960.0,2016-05-31T04:00:00Z,0,0.0
117960.0,117960.0,117960.0,0,117960.0,2016-06-01T04:00:00Z,0,0.0
117960.0,117960.0,117960.0,0,117960.0,2016-06-02T04:00:00Z,0,0.0
117960.0,117960.0,117960.0,0,117960.0,2016-06-03T04:00:00Z,0,0.0
117840.0,118078.8,117840.0,5,118078.8,2016-06-06T04:00:00Z,0,118049.08
118198.8,118200.0,117840.0,7,117840.0,2016-06-07T04:00:00Z,0,118127.11
118080.0,118440.0,118080.0,17,118080.0,2016-06-08T04:00:00Z,3,118152.61
118320.0,118320.0,118146.0,72,118200.0,2016-06-09T04:00:00Z,88,118209.71
118200.0,118440.0,118200.0,14,118440.0,2016-06-10T04:00:00Z,1,118259.72
118800.0,119280.0,118200.0,41,118200.0,2016-06-13T04:00:00Z,4,118531.01
118200.0,118440.0,118200.0,3,118440.0,2016-06-14T04:00:00Z,0,118360.0
118200.0,118200.0,118200.0,0,118200.0,2016-06-15T04:00:00Z,0,0.0
118440.0,118440.0,118440.0,5,118440.0,2016-06-16T04:00:00Z,0,118440.0
118560.0,119400.0,118440.0,22,118440.0,2016-06-17T04:00:00Z,1,118860.9
118560.0,118560.0,118560.0,0,118560.0,2016-06-20T04:00:00Z,0,0.0
118560.0,118560.0,118560.0,0,118560.0,2016-06-21T04:00:00Z,0,0.0
118560.0,118560.0,118560.0,0,118560.0,2016-06-22T04:00:00Z,0,0.0
118200.0,119160.0,118200.0,16,118680.0,2016-06-23T04:00:00Z,0,118454.28
118680.0,118680.0,117840.0,10,117840.0,2016-06-24T04:00:00Z,0,118227.0
118680.0,118680.0,118680.0,0,118680.0,2016-06-27T04:00:00Z,0,0.0
118320.0,118560.0,117840.0,8,117840.0,2016-06-28T04:00:00Z,0,118056.86
118200.0,119280.0,117960.0,45,117960.0,2016-06-29T04:00:00Z,0,118321.19
118680.0,118680.0,118320.0,3,118320.0,2016-06-30T04:00:00Z,41,118320.07
118200.0,118201.2,118200.0,6,118201.2,2016-07-01T04:00:00Z,0,118200.6
118200.0,118200.0,118200.0,0,118200.0,2016-07-05T04:00:00Z,0,0.0
118560.0,118680.0,118320.0,15,118440.0,2016-07-06T04:00:00Z,8,118327.1
118560.0,118560.0,118560.0,2,118560.0,2016-07-07T04:00:00Z,8,118560.0
119040.0,119040.0,118800.0,6,118800.0,2016-07-08T04:00:00Z,0,118824.0
118680.0,118800.0,118680.0,5,118800.0,2016-07-11T04:00:00Z,0,118780.0
118680.0,118920.0,118680.0,14,118800.0,2016-07-12T04:00:00Z,0,118769.62
118320.0,118800.0,118320.0,35,118560.0,2016-07-13T04:00:00Z,0,118488.47
118320.0,118320.0,118320.0,0,118320.0,2016-07-14T04:00:00Z,0,0.0
118560.0,118560.0,118440.0,7,118440.0,2016-07-15T04:00:00Z,8,118559.29
118560.0,119400.0,118560.0,31,118560.0,2016-07-18T04:00:00Z,80,118562.66
118560.0,118560.0,118560.0,12,118560.0,2016-07-19T04:00:00Z,1,118560.0
118560.0,118560.0,118560.0,0,118560.0,2016-07-20T04:00:00Z,0,0.0
118560.0,118560.0,118560.0,0,118560.0,2016-07-21T04:00:00Z,0,0.0
118320.0,118560.0,118320.0,18,118560.0,2016-07-22T04:00:00Z,9,118343.71
118680.0,118680.0,118678.8,11,118678.8,2016-07-25T04:00:00Z,1,118679.7
118680.0,118680.0,118680.0,7,118680.0,2016-07-26T04:00:00Z,0,118680.0
118680.0,118800.0,118345.2,55,118680.0,2016-07-27T04:00:00Z,4,118668.79
118560.0,118800.0,118440.0,12,118440.0,2016-07-28T04:00:00Z,0,118616.2
118680.0,118680.0,118680.0,3,118680.0,2016-07-29T04:00:00Z,0,118680.0
118320.0,118680.0,118320.0,7,118680.0,2016-08-01T04:00:00Z,0,118656.97
118320.0,118320.0,118320.0,0,118320.0,2016-08-02T04:00:00Z,0,0.0
118320.0,118320.0,118320.0,0,118320.0,2016-08-03T04:00:00Z,0,0.0
118320.0,118320.0,118320.0,0,118320.0,2016-08-04T04:00:00Z,0,0.0
118200.0,118200.0,118200.0,3,118200.0,2016-08-05T04:00:00Z,0,118200.0
118800.0,119010.0,118560.0,56,118800.0,2016-08-08T04:00:00Z,0,118768.13
118680.0,118680.0,118680.0,2,118680.0,2016-08-09T04:00:00Z,9,118680.0
118680.0,118680.0,118680.0,0,118680.0,2016-08-10T04:00:00Z,0,0.0
118320.0,120000.0,118320.0,30,118680.0,2016-08-11T04:00:00Z,0,118957.37
118680.0,118800.0,118440.0,110,118800.0,2016-08-12T04:00:00Z,60,118518.5
118800.0,122880.0,118440.0,83,118680.0,2016-08-15T04:00:00Z,4,118836.9
118680.0,118933.2,118680.0,16,118800.0,2016-08-16T04:00:00Z,0,118825.5
118680.0,118800.0,118680.0,12,118798.8,2016-08-17T04:00:00Z,0,118717.7
118680.0,118680.0,118680.0,0,118680.0,2016-08-18T04:00:00Z,0,0.0
118320.0,118320.0,118200.0,3,118200.0,2016-08-19T04:00:00Z,0,118253.33
118560.0,119040.0,118560.0,4,119040.0,2016-08-22T04:00:00Z,0,118800.0
118560.0,118560.0,118560.0,1,118560.0,2016-08-23T04:00:00Z,0,118560.0
119400.0,119880.0,118918.8,46,118920.0,2016-08-24T04:00:00Z,2,119301.86
119400.0,119400.0,119400.0,0,119400.0,2016-08-25T04:00:00Z,0,0.0
119040.0,119040.0,118920.0,3,118920.0,2016-08-26T04:00:00Z,0,118980.0
118680.0,118800.0,118560.0,11,118800.0,2016-08-29T04:00:00Z,0,118662.78
118560.0,118920.0,118560.0,10,118920.0,2016-08-30T04:00:00Z,0,118882.5
118918.8,118918.8,118918.8,1,118918.8,2016-08-31T04:00:00Z,0,118918.8
118800.0,118800.0,118800.0,5,118800.0,2016-09-01T04:00:00Z,0,118800.0
118800.0,118800.0,118800.0,0,118800.0,2016-09-02T04:00:00Z,0,0.0
118800.0,119041.2,118800.0,3,119041.2,2016-09-06T04:00:00Z,17,118800.56
118800.0,118800.0,118800.0,0,118800.0,2016-09-07T04:00:00Z,0,0.0
118800.0,118800.0,118800.0,0,118800.0,2016-09-08T04:00:00Z,0,0.0
118800.0,118800.0,118800.0,2,118800.0,2016-09-09T04:00:00Z,22,118800.0
118800.0,118800.0,118800.0,0,118800.0,2016-09-12T04:00:00Z,0,0.0
118800.0,118800.0,118800.0,0,118800.0,2016-09-13T04:00:00Z,0,0.0
118800.0,118800.0,118800.0,0,118800.0,2016-09-14T04:00:00Z,0,0.0
118800.0,118800.0,118800.0,0,118800.0,2016-09-15T04:00:00Z,0,0.0
118800.0,118800.0,118800.0,0,118800.0,2016-09-16T04:00:00Z,0,0.0
118800.0,118800.0,118800.0,0,118800.0,2016-09-19T04:00:00Z,0,0.0
118321.2,118956.0,118321.2,9,118921.2,2016-09-20T04:00:00Z,0,118810.98
119640.0,119640.0,119160.0,23,119280.0,2016-09-21T04:00:00Z,0,119495.6
119640.0,119640.0,119640.0,0,119640.0,2016-09-22T04:00:00Z,0,0.0
119640.0,119640.0,119640.0,0,119640.0,2016-09-23T04:00:00Z,0,0.0
119160.0,119270.4,118441.2,5,118441.2,2016-09-26T04:00:00Z,0,118767.25
118800.0,118800.0,118800.0,7,118800.0,2016-09-27T04:00:00Z,0,118800.0
119038.8,119038.8,118801.2,7,118801.2,2016-09-28T04:00:00Z,0,118832.6
119038.8,119038.8,118800.0,4,118800.0,2016-09-29T04:00:00Z,0,118939.3
118918.8,118918.8,118918.8,2,118918.8,2016-09-30T04:00:00Z,0,118918.8
119160.0,119160.0,119160.0,4,119160.0,2016-10-03T04:00:00Z,0,119160.0
119160.0,119160.0,119160.0,0,119160.0,2016-10-04T04:00:00Z,0,0.0
119040.0,119040.0,118800.0,4,118800.0,2016-10-05T04:00:00Z,0,118810.91
119040.0,119040.0,119040.0,0,119040.0,2016-10-06T04:00:00Z,0,0.0
119040.0,119040.0,119040.0,0,119040.0,2016-10-07T04:00:00Z,0,0.0
119040.0,119040.0,119040.0,0,119040.0,2016-10-10T04:00:00Z,0,0.0
118803.6,118980.0,118803.6,5,118980.0,2016-10-11T04:00:00Z,0,118897.68
118803.6,118803.6,118803.6,0,118803.6,2016-10-12T04:00:00Z,0,0.0
118803.6,118803.6,118803.6,0,118803.6,2016-10-13T04:00:00Z,0,0.0
118803.6,118803.6,118803.6,0,118803.6,2016-10-14T04:00:00Z,0,0.0
118929.6,119158.8,118920.0,8,119158.8,2016-10-17T04:00:00Z,0,118999.09
118921.2,118977.6,118921.2,2,118977.6,2016-10-18T04:00:00Z,0,118933.73
118921.2,118921.2,118921.2,0,118921.2,2016-10-19T04:00:00Z,0,0.0
118921.2,118921.2,118921.2,0,118921.2,2016-10-20T04:00:00Z,0,0.0
118920.0,119040.0,118920.0,3,119040.0,2016-10-21T04:00:00Z,0,119016.44
118920.0,118920.0,118920.0,0,118920.0,2016-10-24T04:00:00Z,0,0.0
118920.0,118920.0,118920.0,0,118920.0,2016-10-25T04:00:00Z,0,0.0
119278.8,119278.8,119278.8,1,119278.8,2016-10-26T04:00:00Z,0,119278.8
119278.8,119278.8,119278.8,0,119278.8,2016-10-27T04:00:00Z,0,0.0
118920.0,118920.0,118920.0,3,118920.0,2016-10-28T04:00:00Z,0,118920.0
118920.0,118920.0,118920.0,0,118920.0,2016-10-31T04:00:00Z,0,0.0
118920.0,118920.0,118920.0,0,118920.0,2016-11-01T04:00:00Z,0,0.0
118920.0,118920.0,118920.0,0,118920.0,2016-11-02T04:00:00Z,0,0.0
119400.0,119400.0,119160.0,18,119160.0,2016-11-03T04:00:00Z,4,119293.52
119400.0,119400.0,119400.0,5,119400.0,2016-11-04T04:00:00Z,1,119400.0
119400.0,119400.0,119400.0,0,119400.0,2016-11-07T05:00:00Z,0,0.0
119400.0,119400.0,119400.0,8,119400.0,2016-11-08T05:00:00Z,1,119400.0
119400.0,119400.0,119400.0,15,119400.0,2016-11-09T05:00:00Z,1,119400.0
119400.0,119400.0,119400.0,5,119400.0,2016-11-10T05:00:00Z,8,119400.0
119400.0,119400.0,119400.0,0,119400.0,2016-11-11T05:00:00Z,0,0.0
119400.0,119400.0,119160.0,6,119160.0,2016-11-14T05:00:00Z,0,119354.95
119398.8,119400.0,119398.8,4,119400.0,2016-11-15T05:00:00Z,0,119399.28
119400.0,119400.0,119400.0,9,119400.0,2016-11-16T05:00:00Z,1,119400.0
119400.0,119400.0,119160.0,106,119160.0,2016-11-17T05:00:00Z,1,119307.73
119398.8,119398.8,119398.8,2,119398.8,2016-11-18T05:00:00Z,0,119398.8
119398.8,119398.8,119398.8,0,119398.8,2016-11-21T05:00:00Z,0,0.0
119398.8,119398.8,119398.8,0,119398.8,2016-11-22T05:00:00Z,0,0.0
119400.0,119400.0,119400.0,17,119400.0,2016-11-23T05:00:00Z,0,119400.0
119400.0,119400.0,119400.0,0,119400.0,2016-11-25T05:00:00Z,0,0.0
119400.0,119400.0,119400.0,0,119400.0,2016-11-28T05:00:00Z,0,0.0
119400.0,119400.0,119400.0,0,119400.0,2016-11-29T05:00:00Z,0,0.0
119400.0,119400.0,119400.0,0,119400.0,2016-11-30T05:00:00Z,0,0.0
119400.0,119400.0,119400.0,0,119400.0,2016-12-01T05:00:00Z,0,0.0
119400.0,119400.0,119241.6,9,119398.8,2016-12-02T05:00:00Z,0,119376.43
119160.0,119161.2,119160.0,8,119160.0,2016-12-05T05:00:00Z,0,119160.49
119160.0,119160.0,119160.0,0,119160.0,2016-12-06T05:00:00Z,0,0.0
119160.0,119160.0,119160.0,0,119160.0,2016-12-07T05:00:00Z,0,0.0
119160.0,119160.0,119160.0,0,119160.0,2016-12-08T05:00:00Z,0,0.0
119160.0,119160.0,119160.0,0,119160.0,2016-12-09T05:00:00Z,0,0.0
119160.0,119160.0,119160.0,0,119160.0,2016-12-12T05:00:00Z,0,0.0
119160.0,119160.0,119160.0,0,119160.0,2016-12-13T05:00:00Z,0,0.0
119162.4,119162.4,119160.0,19,119160.0,2016-12-14T05:00:00Z,1,119160.3
119162.4,119162.4,119162.4,0,119162.4,2016-12-15T05:00:00Z,0,0.0
119160.0,119160.0,119160.0,2,119160.0,2016-12-16T05:00:00Z,0,119160.0
119160.0,119160.0,119160.0,3,119160.0,2016-12-19T05:00:00Z,0,119160.0
119400.0,119400.0,119161.2,4,119161.2,2016-12-20T05:00:00Z,0,119198.66
119400.0,119400.0,119400.0,0,119400.0,2016-12-21T05:00:00Z,0,0.0
119160.0,119220.0,119160.0,6,119160.0,2016-12-22T05:00:00Z,0,119184.0
119160.0,119160.0,119160.0,3,119160.0,2016-12-23T05:00:00Z,0,119160.0
119400.0,119400.0,119400.0,10,119400.0,2016-12-27T05:00:00Z,0,119400.0
119160.0,119160.0,119160.0,2,119160.0,2016-12-28T05:00:00Z,0,119160.0
119400.0,119400.0,119400.0,5,119400.0,2016-12-29T05:00:00Z,0,119400.0
119400.0,119760.0,119236.8,14,119760.0,2016-12-30T05:00:00Z,0,119284.18
119161.2,119161.2,119161.2,1,119161.2,2017-01-03T05:00:00Z,0,119161.2
119760.0,119760.0,119161.2,3,119161.2,2017-01-04T05:00:00Z,0,119360.8
119160.0,119160.0,119160.0,1,119160.0,2017-01-05T05:00:00Z,0,119160.0
119160.0,119160.0,119160.0,0,119160.0,2017-01-06T05:00:00Z,0,0.0
119160.0,119160.0,119160.0,0,119160.0,2017-01-09T05:00:00Z,0,0.0
119160.0,119160.0,119160.0,0,119160.0,2017-01-10T05:00:00Z,0,0.0
119640.0,119640.0,119640.0,1,119640.0,2017-01-11T05:00:00Z,0,119640.0
119640.0,119640.0,119640.0,0,119640.0,2017-01-12T05:00:00Z,0,0.0
119400.0,119400.0,119281.2,2,119281.2,2017-01-13T05:00:00Z,0,119378.58
120240.0,120600.0,119880.0,107,120600.0,2017-01-17T05:00:00Z,2,120052.18
120480.0,120600.0,119880.0,81,120600.0,2017-01-18T05:00:00Z,2,120151.8
120480.0,120480.0,119880.0,4,119880.0,2017-01-19T05:00:00Z,84,119885.94
120480.0,120480.0,120480.0,0,120480.0,2017-01-20T05:00:00Z,0,0.0
120480.0,120480.0,120480.0,39,120480.0,2017-01-23T05:00:00Z,0,120480.0
120480.0,120480.0,120480.0,0,120480.0,2017-01-24T05:00:00Z,0,0.0
120600.0,120600.0,120600.0,92,120600.0,2017-01-25T05:00:00Z,0,120600.0
120360.0,120600.0,120360.0,2,120600.0,2017-01-26T05:00:00Z,0,120525.0
120360.0,120360.0,120360.0,0,120360.0,2017-01-27T05:00:00Z,0,0.0
120360.0,120360.0,120360.0,1,120360.0,2017-01-30T05:00:00Z,0,120360.0
120360.0,120360.0,120360.0,0,120360.0,2017-01-31T05:00:00Z,0,0.0
120240.0,120240.0,120240.0,1,120240.0,2017-02-01T05:00:00Z,0,120240.0
120000.0,120000.0,120000.0,2,120000.0,2017-02-02T05:00:00Z,0,120000.0
120600.0,120600.0,120001.2,3,120001.2,2017-02-03T05:00:00Z,0,120446.46
120600.0,120600.0,120600.0,0,120600.0,2017-02-06T05:00:00Z,0,0.0
120600.0,120600.0,120600.0,0,120600.0,2017-02-07T05:00:00Z,0,0.0
120240.0,120240.0,120240.0,4,120240.0,2017-02-08T05:00:00Z,0,120240.0
120240.0,120240.0,120240.0,0,120240.0,2017-02-09T05:00:00Z,0,0.0
120240.0,120240.0,120240.0,0,120240.0,2017-02-10T05:00:00Z,0,0.0
120600.0,120600.0,120600.0,2,120600.0,2017-02-13T05:00:00Z,0,120600.0
120600.0,120600.0,120600.0,0,120600.0,2017-02-14T05:00:00Z,0,0.0
120600.0,120600.0,120600.0,0,120600.0,2017-02-15T05:00:00Z,0,0.0
120600.0,120600.0,120600.0,0,120600.0,2017-02-16T05:00:00Z,0,0.0
120600.0,120600.0,120600.0,0,120600.0,2017-02-17T05:00:00Z,0,0.0
120600.0,120600.0,120360.0,18,120360.0,2017-02-21T05:00:00Z,0,120569.94
121080.0,121800.0,120600.0,1350,121200.0,2017-02-22T05:00:00Z,114,121171.87
120600.0,121320.0,120120.0,174,121200.0,2017-02-23T05:00:00Z,18,120348.42
121200.0,121200.0,120600.0,389,121074.0,2017-02-24T05:00:00Z,26,120835.52
121080.0,121080.0,120600.0,22,120600.0,2017-02-27T05:00:00Z,0,120664.36
120960.0,120960.0,120600.0,7,120600.0,2017-02-28T05:00:00Z,0,120760.0
120480.0,120720.0,120360.0,24,120360.0,2017-03-01T05:00:00Z,0,120520.0
120600.0,120600.0,120480.0,25,120600.0,2017-03-02T05:00:00Z,0,120597.38
120600.0,120600.0,120600.0,0,120600.0,2017-03-03T05:00:00Z,0,0.0
120600.0,120600.0,120600.0,0,120600.0,2017-03-06T05:00:00Z,0,0.0
120600.0,120600.0,120600.0,0,120600.0,2017-03-07T05:00:00Z,0,0.0
120360.0,120360.0,119760.0,133,120120.0,2017-03-08T05:00:00Z,6,120061.98
119880.0,120360.0,119400.0,56,120360.0,2017-03-09T05:00:00Z,6,119991.79
119760.0,119760.0,119760.0,7,119760.0,2017-03-10T05:00:00Z,0,119760.0
119760.0,119760.0,119760.0,0,119760.0,2017-03-13T04:00:00Z,0,0.0
120360.0,120360.0,120360.0,6,120360.0,2017-03-14T04:00:00Z,0,120360.0
120000.0,120000.0,119760.0,14,119760.0,2017-03-15T04:00:00Z,0,119858.78
120000.0,120000.0,120000.0,0,120000.0,2017-03-16T04:00:00Z,0,0.0
120240.0,120360.0,119640.0,7,120360.0,2017-03-17T04:00:00Z,0,119652.95
120240.0,120240.0,120240.0,0,120240.0,2017-03-20T04:00:00Z,0,0.0
119640.0,120360.0,119520.0,73,120000.0,2017-03-21T04:00:00Z,37,119618.17
119640.0,119880.0,119520.0,7,119880.0,2017-03-22T04:00:00Z,0,119605.72
119640.0,119640.0,119640.0,0,119640.0,2017-03-23T04:00:00Z,0,0.0
119640.0,119640.0,119520.0,9,119640.0,2017-03-24T04:00:00Z,2,119630.21
119520.0,119539.2,119520.0,2,119539.2,2017-03-27T04:00:00Z,0,119526.78
119640.0,119880.0,119640.0,2,119880.0,2017-03-28T04:00:00Z,0,119720.0
119640.0,119640.0,119520.0,15,119640.0,2017-03-29T04:00:00Z,7,119578.82
120000.0,120000.0,119880.0,10,119880.0,2017-03-30T04:00:00Z,0,119885.64
119640.0,119640.0,119640.0,17,119640.0,2017-03-31T04:00:00Z,12,119640.0
119520.0,119640.0,119400.0,21,119520.0,2017-04-03T04:00:00Z,1,119565.14
119520.0,119640.0,119520.0,10,119520.0,2017-04-04T04:00:00Z,0,119635.38
119400.0,119640.0,119400.0,27,119640.0,2017-04-05T04:00:00Z,27,119420.86
119640.0,119640.0,119640.0,2,119640.0,2017-04-06T04:00:00Z,0,119640.0
119640.0,119640.0,119640.0,0,119640.0,2017-04-07T04:00:00Z,0,0.0
119640.0,119640.0,119640.0,8,119640.0,2017-04-10T04:00:00Z,0,119640.0
119638.8,120360.0,119400.0,12,120360.0,2017-04-11T04:00:00Z,0,119822.92
120120.0,120120.0,119760.0,3,120000.0,2017-04-12T04:00:00Z,0,119947.5
119640.0,120000.0,119520.0,8,120000.0,2017-04-13T04:00:00Z,4,119652.07
119640.0,119640.0,119640.0,4,119640.0,2017-04-17T04:00:00Z,8,119640.0
119640.0,119640.0,119640.0,0,119640.0,2017-04-18T04:00:00Z,0,0.0
119640.0,120000.0,119638.8,30,120000.0,2017-04-19T04:00:00Z,0,119719.91
119640.0,119640.0,119460.0,20,119640.0,2017-04-20T04:00:00Z,4,119637.65
119640.0,119640.0,119588.4,8,119640.0,2017-04-21T04:00:00Z,0,119618.65
119640.0,119640.0,119640.0,3,119640.0,2017-04-24T04:00:00Z,1,119640.0
119640.0,119760.0,119640.0,10,119760.0,2017-04-25T04:00:00Z,1,119640.52
119640.0,119640.0,119640.0,0,119640.0,2017-04-26T04:00:00Z,0,0.0
119400.0,119640.0,119400.0,9,119640.0,2017-04-27T04:00:00Z,2,119478.91
120000.0,120000.0,119880.0,2,119880.0,2017-04-28T04:00:00Z,0,119940.0
119640.0,119640.0,119625.6,5,119625.6,2017-05-01T04:00:00Z,0,119632.8
119520.0,119880.0,119520.0,2,119880.0,2017-05-02T04:00:00Z,0,119788.08
119520.0,119520.0,119520.0,0,119520.0,2017-05-03T04:00:00Z,0,0.0
119520.0,119520.0,119520.0,0,119520.0,2017-05-04T04:00:00Z,0,0.0
119520.0,119520.0,119520.0,0,119520.0,2017-05-05T04:00:00Z,0,0.0
119520.0,119520.0,119520.0,0,119520.0,2017-05-08T04:00:00Z,0,0.0
119520.0,119520.0,119520.0,0,119520.0,2017-05-09T04:00:00Z,0,0.0
119521.2,119521.2,119521.2,1,119521.2,2017-05-10T04:00:00Z,0,119521.2
119793.6,119793.6,119793.6,1,119793.6,2017-05-11T04:00:00Z,0,119793.6
119520.0,119520.0,119400.0,5,119520.0,2017-05-12T04:00:00Z,0,119440.96
119520.0,119520.0,119520.0,0,119520.0,2017-05-15T04:00:00Z,0,0.0
119520.0,119520.0,119520.0,0,119520.0,2017-05-16T04:00:00Z,0,0.0
119520.0,119520.0,119520.0,0,119520.0,2017-05-17T04:00:00Z,0,0.0
119640.0,119640.0,119400.0,2,119400.0,2017-05-18T04:00:00Z,0,119487.18
119640.0,119640.0,119640.0,0,119640.0,2017-05-19T04:00:00Z,0,0.0
119640.0,119640.0,119640.0,0,119640.0,2017-05-22T04:00:00Z,0,0.0
119400.0,119400.0,119400.0,1,119400.0,2017-05-23T04:00:00Z,0,119400.0
119400.0,119400.0,119400.0,0,119400.0,2017-05-24T04:00:00Z,0,0.0
119400.0,119400.0,119400.0,0,119400.0,2017-05-25T04:00:00Z,0,0.0
119400.0,119400.0,119400.0,0,119400.0,2017-05-26T04:00:00Z,0,0.0
119400.0,119400.0,119400.0,2,119400.0,2017-05-30T04:00:00Z,0,119400.0
119640.0,119640.0,119640.0,1,119640.0,2017-05-31T04:00:00Z,0,119640.0
119640.0,119640.0,119640.0,0,119640.0,2017-06-01T04:00:00Z,0,0.0
119640.0,119640.0,119640.0,0,119640.0,2017-06-02T04:00:00Z,0,0.0
119640.0,119640.0,119161.2,3,119161.2,2017-06-05T04:00:00Z,0,119339.15
119640.0,119640.0,119640.0,0,119640.0,2017-06-06T04:00:00Z,0,0.0
119880.0,119880.0,119880.0,1,119880.0,2017-06-07T04:00:00Z,0,119880.0
119880.0,119880.0,119880.0,0,119880.0,2017-06-08T04:00:00Z,0,0.0
119515.2,119515.2,119515.2,1,119515.2,2017-06-09T04:00:00Z,0,119515.2
119515.2,119515.2,119515.2,0,119515.2,2017-06-12T04:00:00Z,0,0.0
119400.0,119640.0,119400.0,11,119520.0,2017-06-13T04:00:00Z,3,119630.78
119400.0,119400.0,119400.0,0,119400.0,2017-06-14T04:00:00Z,0,0.0
119400.0,119640.0,119400.0,11,119640.0,2017-06-15T04:00:00Z,0,119603.08
119880.0,120000.0,119400.0,129,119880.0,2017-06-16T04:00:00Z,160,119924.15
119760.0,120000.0,119400.0,15,119400.0,2017-06-19T04:00:00Z,0,119672.84
119520.0,119649.6,119520.0,9,119649.6,2017-06-20T04:00:00Z,0,119545.21
119880.0,120000.0,119400.0,23,120000.0,2017-06-21T04:00:00Z,13,119865.07
119529.6,119880.0,119520.0,6,119880.0,2017-06-22T04:00:00Z,0,119543.83
119529.6,119529.6,119529.6,0,119529.6,2017-06-23T04:00:00Z,0,0.0
119520.0,119760.0,119400.0,48,119760.0,2017-06-26T04:00:00Z,13,119737.84
120000.0,120000.0,116400.0,1452,119520.0,2017-06-27T04:00:00Z,82,119885.66
120000.0,120000.0,119760.0,5,119760.0,2017-06-28T04:00:00Z,0,119916.0
91920.0,119640.0,91920.0,105,119640.0,2017-06-29T04:00:00Z,2,102068.94
119040.0,119880.0,109680.0,235,111720.0,2017-06-30T04:00:00Z,4,116086.72
119880.0,120000.0,117960.0,51,120000.0,2017-07-03T04:00:00Z,1,119499.42
102360.0,117840.0,102324.0,142,112560.0,2017-07-05T04:00:00Z,1,110512.74
99120.0,103200.0,93600.0,134,103200.0,2017-07-06T04:00:00Z,2,98110.51
101760.0,102000.0,99000.0,70,99240.0,2017-07-07T04:00:00Z,1,99725.92
105600.0,106920.0,103800.0,39,104040.0,2017-07-10T04:00:00Z,0,104681.99
106963.2,107634.0,106200.0,48,107160.0,2017-07-11T04:00:00Z,1,107051.72
103320.0,105600.0,102600.0,35,105600.0,2017-07-12T04:00:00Z,0,104404.6
107280.0,107400.0,103216.8,30,105600.0,2017-07-13T04:00:00Z,0,105138.19
99600.0,102000.0,99480.0,15,102000.0,2017-07-14T04:00:00Z,0,100405.6
97200.0,100800.0,96120.0,44,98640.0,2017-07-17T04:00:00Z,1,98965.42
92940.0,95880.0,84240.0,20,95880.0,2017-07-18T04:00:00Z,0,91145.0
83700.0,92820.0,83692.8,301,88200.0,2017-07-19T04:00:00Z,5,88294.43
78000.0,84000.0,76200.0,54,80520.0,2017-07-20T04:00:00Z,1,79541.12
80400.0,83400.0,79080.0,13,83400.0,2017-07-21T04:00:00Z,0,81131.59
80400.0,80400.0,80400.0,0,80400.0,2017-07-24T04:00:00Z,0,0.0
85443.6,85443.6,82572.0,47,82572.0,2017-07-25T04:00:00Z,2,83870.68
85680.0,85680.0,84000.0,21,84000.0,2017-07-26T04:00:00Z,0,84643.66
85200.0,85200.0,81001.2,44,84600.0,2017-07-27T04:00:00Z,1,84283.88
82800.0,85800.0,81600.0,39,85800.0,2017-07-28T04:00:00Z,2,84447.59
82680.0,82800.0,80532.0,7,80640.0,2017-07-31T04:00:00Z,0,81555.01
81960.0,81960.0,81960.0,6,81960.0,2017-08-01T04:00:00Z,0,81960.0
82080.0,82080.0,82080.0,7,82080.0,2017-08-02T04:00:00Z,0,82080.0
79209.6,80700.0,79200.0,12,79200.0,2017-08-03T04:00:00Z,0,79372.73
76560.0,79200.0,76560.0,16,79200.0,2017-08-04T04:00:00Z,0,78469.25
79050.0,79050.0,73080.0,11,77760.0,2017-08-07T04:00:00Z,0,75881.05
76440.0,78960.0,76200.0,10,78960.0,2017-08-08T04:00:00Z,0,77307.78
83760.0,89160.0,72120.0,112,72600.0,2017-08-09T04:00:00Z,1,79073.14
78000.0,83888.4,75465.6,77,83520.0,2017-08-10T04:00:00Z,1,79995.95
65640.0,84310.8,65640.0,308,84310.8,2017-08-11T04:00:00Z,4,73020.79
73200.0,75600.0,70080.0,442,70200.0,2017-08-14T04:00:00Z,5,73140.08
68160.0,78480.0,66600.0,179,77040.0,2017-08-15T04:00:00Z,4,75108.8
70200.0,73800.0,67680.0,47,67680.0,2017-08-16T04:00:00Z,0,70501.21
72960.0,74640.0,68520.0,229,69720.0,2017-08-17T04:00:00Z,0,71399.44
72960.0,72960.0,72960.0,0,72960.0,2017-08-18T04:00:00Z,0,0.0
72000.0,75840.0,67468.8,82,75840.0,2017-08-21T04:00:00Z,1,70166.69
70680.0,71760.0,66360.0,124,67512.0,2017-08-22T04:00:00Z,2,69129.82
69720.0,70800.0,68197.2,143,68197.2,2017-08-23T04:00:00Z,2,69778.5
70080.0,70080.0,70080.0,4,70080.0,2017-08-24T04:00:00Z,0,70080.0
73320.0,77640.0,68148.0,201,70800.0,2017-08-25T04:00:00Z,5,73347.54
71280.0,74520.0,69550.8,114,74520.0,2017-08-28T04:00:00Z,1,71456.93
69480.0,70920.0,66000.0,164,70920.0,2017-08-29T04:00:00Z,2,67632.58
70800.0,72000.0,66600.0,135,69480.0,2017-08-30T04:00:00Z,2,69242.89
66360.0,70320.0,66360.0,36,70320.0,2017-08-31T04:00:00Z,0,67852.76
69600.0,69600.0,67267.2,12,67267.2,2017-09-01T04:00:00Z,0,68356.8
69180.0,76080.0,67863.6,271,67863.6,2017-09-05T04:00:00Z,2,70306.98
68400.0,72000.0,68400.0,306,72000.0,2017-09-06T04:00:00Z,3,69845.83
71400.0,74160.0,67200.0,260,70080.0,2017-09-07T04:00:00Z,2,71611.04
68400.0,72000.0,67800.0,305,70560.0,2017-09-08T04:00:00Z,3,69977.94
68280.0,71520.0,67200.0,222,71520.0,2017-09-11T04:00:00Z,3,69400.74
69600.0,71400.0,68160.0,189,68160.0,2017-09-12T04:00:00Z,1,69670.55
67200.0,71862.0,67200.0,431,70500.0,2017-09-13T04:00:00Z,11,68034.12
68280.0,69600.0,67200.0,222,68400.0,2017-09-14T04:00:00Z,7,68261.18
67080.0,68760.0,66000.0,109,67320.0,2017-09-15T04:00:00Z,15,67109.02
60600.0,69600.0,60600.0,216,67201.2,2017-09-18T04:00:00Z,10,61590.53
61560.0,64800.0,57000.0,280,60000.0,2017-09-19T04:00:00Z,9,61697.52
61800.0,64560.0,61800.0,21,62400.0,2017-09-20T04:00:00Z,0,63050.0
66120.0,66360.0,58360.8,22,58360.8,2017-09-21T04:00:00Z,0,64401.6
63480.0,66480.0,60720.0,20,66480.0,2017-09-22T04:00:00Z,0,64186.01
60840.0,63949.2,57840.0,351,60360.0,2017-09-25T04:00:00Z,3,60418.48
61320.0,61320.0,52800.0,426,59550.0,2017-09-26T04:00:00Z,5,58105.56
57720.0,59640.0,54840.0,258,57120.0,2017-09-27T04:00:00Z,3,56701.63
58080.0,58080.0,55080.0,88,57000.0,2017-09-28T04:00:00Z,2,56450.89
58800.0,59878.8,54600.0,88,55080.0,2017-09-29T04:00:00Z,2,57230.29
57600.0,61560.0,55680.0,16,59880.0,2017-10-02T04:00:00Z,0,59545.78
55560.0,56400.0,55200.0,46,56400.0,2017-10-03T04:00:00Z,0,55558.07
57360.0,59640.0,52440.0,103,55200.0,2017-10-04T04:00:00Z,97,54029.52
55680.0,59528.4,54720.0,69,54720.0,2017-10-05T04:00:00Z,0,55930.81
58320.0,58680.0,55440.0,154,55560.0,2017-10-06T04:00:00Z,5,56274.82
58800.0,58800.0,56040.0,16,58200.0,2017-10-09T04:00:00Z,0,57286.0
56640.0,63960.0,56640.0,165,59280.0,2017-10-10T04:00:00Z,5,58870.48
63000.0,70320.0,57360.0,388,57360.0,2017-10-11T04:00:00Z,5,62578.86
63480.0,68880.0,56400.0,76,60961.2,2017-10-12T04:00:00Z,21,56751.01
63480.0,63480.0,63480.0,0,63480.0,2017-10-13T04:00:00Z,0,0.0
68880.0,68880.0,65328.0,28,65640.0,2017-10-16T04:00:00Z,0,65933.59
65880.0,67800.0,63720.0,43,67800.0,2017-10-17T04:00:00Z,0,65518.54
62520.0,69680.4,62520.0,96,64920.0,2017-10-18T04:00:00Z,1,67350.5
63840.0,68040.0,62280.0,106,64320.0,2017-10-19T04:00:00Z,1,64391.02
64320.0,69480.0,63120.0,47,67200.0,2017-10-20T04:00:00Z,3,66145.94
65040.0,67080.0,65040.0,15,66480.0,2017-10-23T04:00:00Z,0,66106.87
64800.0,65040.0,64800.0,6,64809.6,2017-10-24T04:00:00Z,0,64834.8
65880.0,67080.0,60840.0,154,64920.0,2017-10-25T04:00:00Z,2,64016.35
63720.0,65290.8,63600.0,41,65160.0,2017-10-26T04:00:00Z,1,64488.36
64560.0,64560.0,61934.4,17,61934.4,2017-10-27T04:00:00Z,83,63102.53
64800.0,64800.0,61200.0,152,63480.0,2017-10-30T04:00:00Z,3,62801.42
69000.0,69000.0,65160.0,13,65880.0,2017-10-31T04:00:00Z,0,66240.84
67560.0,68640.0,63840.0,50,65640.0,2017-11-01T04:00:00Z,0,64853.83
69000.0,69000.0,65869.2,34,67080.0,2017-11-02T04:00:00Z,0,67084.1
65400.0,71133.6,65400.0,54,67440.0,2017-11-03T04:00:00Z,1,67870.44
65400.0,65400.0,65400.0,0,65400.0,2017-11-06T05:00:00Z,0,0.0
65880.0,70680.0,65760.0,28,70680.0,2017-11-07T05:00:00Z,0,66370.44
66000.0,73200.0,63720.0,60,63720.0,2017-11-08T05:00:00Z,0,66550.1
64320.0,64800.0,64320.0,7,64800.0,2017-11-09T05:00:00Z,0,64640.0
64440.0,68340.0,63000.0,131,67872.0,2017-11-10T05:00:00Z,47,64819.5
63120.0,65880.0,62640.0,36,63480.0,2017-11-13T05:00:00Z,0,63714.88
64800.0,65760.0,62280.0,28,62280.0,2017-11-14T05:00:00Z,0,63854.93
64560.0,65880.0,62160.0,136,64200.0,2017-11-15T05:00:00Z,3,64775.36
63840.0,65140.8,63480.0,98,64440.0,2017-11-16T05:00:00Z,3,64254.04
64200.0,64200.0,63000.0,80,63290.4,2017-11-17T05:00:00Z,0,63925.58
61200.0,65160.0,60840.0,322,65160.0,2017-11-20T05:00:00Z,22,61516.68
60480.0,61680.0,59568.0,373,61200.0,2017-11-21T05:00:00Z,36,60181.68
62280.0,62400.0,60360.0,191,60600.0,2017-11-22T05:00:00Z,4,61480.3
62040.0,63000.0,61800.0,142,61800.0,2017-11-24T05:00:00Z,2,62341.4
62760.0,63358.8,62400.0,114,62520.0,2017-11-27T05:00:00Z,3,62834.71
63240.0,64080.0,60361.2,282,62880.0,2017-11-28T05:00:00Z,29,62944.8
62040.0,63600.0,61020.0,94,63480.0,2017-11-29T05:00:00Z,2,62671.78
60600.0,62280.0,60252.0,74,62280.0,2017-11-30T05:00:00Z,1,60838.3
61680.0,61800.0,60720.0,624,60720.0,2017-12-01T05:00:00Z,1,61187.54
62040.0,62400.0,59880.0,298,61680.0,2017-12-04T05:00:00Z,65,60140.2
62654.4,63480.0,62040.0,177,62040.0,2017-12-05T05:00:00Z,3,62878.72
60960.0,65400.0,59398.8,894,64320.0,2017-12-06T05:00:00Z,22,62476.19
61200.0,61260.0,60840.0,169,60840.0,2017-12-07T05:00:00Z,2,61144.72
61800.0,62280.0,61320.0,153,61504.8,2017-12-08T05:00:00Z,4,61769.86
61200.0,62400.0,61200.0,139,61800.0,2017-12-11T05:00:00Z,1,61670.9
61080.0,62520.0,60600.0,396,61560.0,2017-12-12T05:00:00Z,7,61188.49
60000.0,61440.0,57360.0,680,60840.0,2017-12-13T05:00:00Z,93,60276.37
61560.0,61680.0,59880.0,233,60540.0,2017-12-14T05:00:00Z,11,61398.02
62040.0,62640.0,61800.0,152,62520.0,2017-12-15T05:00:00Z,10,62033.41
63000.0,63000.0,60120.0,293,62160.0,2017-12-18T05:00:00Z,15,62628.19
62640.0,63120.0,61320.0,542,63000.0,2017-12-19T05:00:00Z,20,62689.3
64200.0,64680.0,62520.0,722,62760.0,2017-12-20T05:00:00Z,11,63842.23
62880.0,64740.0,62878.8,327,64200.0,2017-12-21T05:00:00Z,4,63695.03
64680.0,65220.0,62520.0,188,62520.0,2017-12-22T05:00:00Z,2,64023.38
64440.0,65988.0,64320.0,258,65280.0,2017-12-26T05:00:00Z,3,65109.58
63360.0,64800.0,62871.6,285,64560.0,2017-12-27T05:00:00Z,4,63478.63
62640.0,63480.0,60240.0,224,63480.0,2017-12-28T05:00:00Z,4,61883.64
61800.0,63000.0,59760.0,116,62520.0,2017-12-29T05:00:00Z,2,61548.06
62880.0,63480.0,61624.8,91,62054.4,2018-01-02T05:00:00Z,1,62649.73
66600.0,66600.0,61620.0,604,63120.0,2018-01-03T05:00:00Z,54,63254.28
65880.0,67080.0,64080.0,111,66840.0,2018-01-04T05:00:00Z,1,66490.24
65160.0,66600.0,64320.0,294,66120.0,2018-01-05T05:00:00Z,5,65722.72
66720.0,67800.0,63552.0,133,64560.0,2018-01-08T05:00:00Z,18,66148.15
68400.0,71450.4,66960.0,344,71450.4,2018-01-09T05:00:00Z,6,68525.04
73200.0,77400.0,70812.0,613,72000.0,2018-01-10T05:00:00Z,7,72615.6
70440.0,75960.0,70200.0,289,73440.0,2018-01-11T05:00:00Z,7,71989.19
72360.0,75130.8,69357.6,223,70440.0,2018-01-12T05:00:00Z,5,71802.02
71760.0,77724.0,68788.8,242,72720.0,2018-01-16T05:00:00Z,2,72499.01
72120.0,74640.0,71280.0,150,72480.0,2018-01-17T05:00:00Z,4,72172.16
73440.0,75000.0,71400.0,319,72000.0,2018-01-18T05:00:00Z,107,71643.5
73200.0,75000.0,72120.0,458,73680.0,2018-01-19T05:00:00Z,25,72850.21
73200.0,74400.0,71640.0,307,72960.0,2018-01-22T05:00:00Z,8,72388.98
73560.0,75180.0,72480.0,345,73798.8,2018-01-23T05:00:00Z,5,74250.72
74160.0,75180.0,73440.0,278,73560.0,2018-01-24T05:00:00Z,4,74164.68
74760.0,75600.0,74400.0,178,74520.0,2018-01-25T05:00:00Z,2,74889.91
75960.0,77040.0,74160.0,319,75000.0,2018-01-26T05:00:00Z,4,75308.48
73920.0,75360.0,72960.0,122,75240.0,2018-01-29T05:00:00Z,1,74251.72
69840.0,73800.0,68040.0,401,72720.0,2018-01-30T05:00:00Z,8,70487.58
68520.0,71160.0,68388.0,163,70680.0,2018-01-31T05:00:00Z,168,69109.24
66840.0,71400.0,66000.0,750,68280.0,2018-02-01T05:00:00Z,9,68553.58
63120.0,68400.0,60960.0,995,66720.0,2018-02-02T05:00:00Z,15,63386.6
64920.0,66360.0,61800.0,566,63000.0,2018-02-05T05:00:00Z,6,63495.35
65040.0,67560.0,62160.0,650,64440.0,2018-02-06T05:00:00Z,9,64918.34
61800.0,66000.0,61800.0,198,66000.0,2018-02-07T05:00:00Z,6,62408.76
62160.0,64200.0,61080.0,272,62640.0,2018-02-08T05:00:00Z,4,62215.96
61920.0,63756.0,61800.0,222,62280.0,2018-02-09T05:00:00Z,2,62126.06
61200.0,64200.0,60960.0,751,62160.0,2018-02-12T05:00:00Z,10,61583.87
61440.0,65760.0,61200.0,879,61200.0,2018-02-13T05:00:00Z,15,61945.28
62880.0,65760.0,61200.0,678,62040.0,2018-02-14T05:00:00Z,31,61850.62
61800.0,65040.0,61200.0,968,63240.0,2018-02-15T05:00:00Z,10,62622.44
61200.0,63480.0,61200.0,415,61680.0,2018-02-16T05:00:00Z,3,61836.47
61320.0,62040.0,61200.0,254,61200.0,2018-02-20T05:00:00Z,4,61400.75
62640.0,63960.0,61560.0,255,61680.0,2018-02-21T05:00:00Z,3,62188.79
64320.0,66240.0,61920.0,225,63000.0,2018-02-22T05:00:00Z,2,63523.33
66360.0,71760.0,61620.0,369,64680.0,2018-02-23T05:00:00Z,3,68131.52
66840.0,67440.0,64020.0,154,66720.0,2018-02-26T05:00:00Z,1,65819.6
66960.0,69360.0,62580.0,403,66960.0,2018-02-27T05:00:00Z,4,65267.68
69120.0,69120.0,65040.0,304,66960.0,2018-02-28T05:00:00Z,2,66646.52
67200.0,69000.0,63600.0,298,69000.0,2018-03-01T05:00:00Z,2,66683.32
62280.0,67320.0,61560.0,466,66720.0,2018-03-02T05:00:00Z,5,63750.49
63720.0,64140.0,60900.0,389,61920.0,2018-03-05T05:00:00Z,7,62031.3
64440.0,65640.0,61560.0,593,64080.0,2018-03-06T05:00:00Z,9,63700.04
63840.0,64800.0,62640.0,87,64080.0,2018-03-07T05:00:00Z,2,63685.82
63840.0,65280.0,62520.0,81,63120.0,2018-03-08T05:00:00Z,0,64084.37
63600.0,65280.0,63000.0,352,64080.0,2018-03-09T05:00:00Z,3,63709.16
63000.0,66120.0,62760.0,194,63600.0,2018-03-12T04:00:00Z,2,64157.78
65400.0,66000.0,62880.0,375,63360.0,2018-03-13T04:00:00Z,3,65008.97
63960.0,65520.0,63360.0,185,65520.0,2018-03-14T04:00:00Z,5,64078.1
62880.0,66000.0,61800.0,319,64200.0,2018-03-15T04:00:00Z,7,63192.11
64920.0,65880.0,61800.0,1047,64080.0,2018-03-16T04:00:00Z,42,64016.09
63960.0,67200.0,63480.0,450,64680.0,2018-03-19T04:00:00Z,26,64777.2
66120.0,68040.0,64320.0,482,65880.0,2018-03-20T04:00:00Z,29,65692.18
67680.0,69000.0,65400.0,205,66240.0,2018-03-21T04:00:00Z,15,65752.6
66840.0,68760.0,66840.0,931,67200.0,2018-03-22T04:00:00Z,2,67300.91
64560.0,67800.0,63120.0,333,67800.0,2018-03-23T04:00:00Z,20,63925.06
65040.0,65880.0,61320.0,1755,65040.0,2018-03-26T04:00:00Z,7,64140.98
64680.0,66360.0,63120.0,1205,65040.0,2018-03-27T04:00:00Z,2,65287.51
62640.0,67320.0,62640.0,2273,64200.0,2018-03-28T04:00:00Z,10,63860.29
66360.0,68400.0,62040.0,1984,63000.0,2018-03-29T04:00:00Z,5,64468.03
64920.0,69000.0,63360.0,1599,66720.0,2018-04-02T04:00:00Z,25,64397.14
67560.0,69840.0,63360.0,2003,64800.0,2018-04-03T04:00:00Z,16,64889.68
65520.0,67920.0,64800.0,1649,67080.0,2018-04-04T04:00:00Z,4,66539.89
68520.0,69000.0,65160.0,1031,65400.0,2018-04-05T04:00:00Z,3,67573.2
69960.0,70440.0,67440.0,232,68160.0,2018-04-06T04:00:00Z,3,68727.01
69000.0,71400.0,67920.0,485,70080.0,2018-04-09T04:00:00Z,3,70251.34
67440.0,70920.0,66900.0,902,69480.0,2018-04-10T04:00:00Z,2,68024.83
60720.0,64680.0,59880.0,2394,62880.0,2018-04-11T04:00:00Z,34,61256.98
55200.0,58800.0,54600.0,16058,56400.0,2018-04-12T04:00:00Z,316,57244.31
57360.0,58200.0,55200.0,4257,56760.0,2018-04-13T04:00:00Z,54,56767.58
56520.0,58680.0,56040.0,2230,57000.0,2018-04-16T04:00:00Z,19,57418.12
55680.0,57770.4,55560.0,1128,57000.0,2018-04-17T04:00:00Z,18,56168.78
60360.0,61320.0,55896.0,2570,56880.0,2018-04-18T04:00:00Z,59,59303.53
55080.0,60360.0,54600.0,1685,59400.0,2018-04-19T04:00:00Z,30,57170.77
55800.0,56040.0,54000.0,1204,55200.0,2018-04-20T04:00:00Z,19,54805.67
57240.0,58560.0,55200.0,1035,55800.0,2018-04-23T04:00:00Z,13,57053.66
56400.0,57360.0,55200.0,1743,57360.0,2018-04-24T04:00:00Z,9,56418.64
54600.0,57120.0,54600.0,799,56640.0,2018-04-25T04:00:00Z,6,55663.9
55320.0,57960.0,54240.0,544,54480.0,2018-04-26T04:00:00Z,13,55815.5
54960.0,56880.0,54480.0,1236,55440.0,2018-04-27T04:00:00Z,7,55472.05
54240.0,56760.0,54000.0,555,55320.0,2018-04-30T04:00:00Z,7,54674.96
55080.0,55800.0,54117.6,475,54240.0,2018-05-01T04:00:00Z,3,55001.02
54000.0,55200.0,54000.0,2,55200.0,2018-05-02T04:00:00Z,0,54233.42
52560.0,53640.0,52560.0,2,53640.0,2018-05-03T04:00:00Z,0,52733.92
52920.0,53880.0,51960.0,206,52440.0,2018-05-04T04:00:00Z,2,53149.28
56880.0,57480.0,50640.0,1233,52800.0,2018-05-07T04:00:00Z,10,56140.78
56280.0,57600.0,54720.0,1340,57000.0,2018-05-08T04:00:00Z,5,56957.53
53640.0,56400.0,52920.0,913,56280.0,2018-05-09T04:00:00Z,9,53908.02
53760.0,55800.0,52920.0,564,53160.0,2018-05-10T04:00:00Z,8,54204.94
54480.0,58320.0,49800.0,1558,49800.0,2018-05-11T04:00:00Z,20,56078.02
51840.0,55560.0,51840.0,966,54360.0,2018-05-14T04:00:00Z,8,52414.09
53760.0,55200.0,51840.0,507,52080.0,2018-05-15T04:00:00Z,4,53235.16
54960.0,55560.0,52440.0,1545,53520.0,2018-05-16T04:00:00Z,57,54145.98
54240.0,56160.0,53640.0,750,54840.0,2018-05-17T04:00:00Z,7,55011.95
54960.0,55320.0,53040.0,774,54480.0,2018-05-18T04:00:00Z,10,54420.43
55080.0,55800.0,53700.0,1706,55680.0,2018-05-21T04:00:00Z,5,54839.02
55320.0,56280.0,53520.0,758,54720.0,2018-05-22T04:00:00Z,4,54860.81
54600.0,55920.0,54480.0,529,54960.0,2018-05-23T04:00:00Z,6,55165.18
53400.0,54480.0,52596.0,501,54480.0,2018-05-24T04:00:00Z,3,53510.69
53640.0,56040.0,52800.0,1162,53520.0,2018-05-25T04:00:00Z,23,53798.29
53040.0,53640.0,51492.0,624,53520.0,2018-05-29T04:00:00Z,2,52988.75
54240.0,55080.0,52680.0,587,52680.0,2018-05-30T04:00:00Z,6,54023.88
56640.0,58620.0,54180.0,2437,54240.0,2018-05-31T04:00:00Z,52,56132.82
57720.0,58740.0,55320.0,947,56520.0,2018-06-01T04:00:00Z,8,57669.9
56640.0,58680.0,54120.0,965,57960.0,2018-06-04T04:00:00Z,9,56523.06
56880.0,58080.0,56520.0,1007,56640.0,2018-06-05T04:00:00Z,7,57256.0
59400.0,59880.0,56400.0,1073,57000.0,2018-06-06T04:00:00Z,14,58803.73
59520.0,60480.0,58800.0,2067,59160.0,2018-06-07T04:00:00Z,8,59820.7
59880.0,60240.0,59220.0,3251,59280.0,2018-06-08T04:00:00Z,6,59744.66
62880.0,64320.0,60120.0,2182,60120.0,2018-06-11T04:00:00Z,51,62119.16
62400.0,65160.0,60720.0,1744,62160.0,2018-06-12T04:00:00Z,40,62963.17
62040.0,65160.0,60840.0,1519,62520.0,2018-06-13T04:00:00Z,14,62813.76
61920.0,64800.0,61440.0,1310,62160.0,2018-06-14T04:00:00Z,17,62916.0
62040.0,63600.0,61500.0,1619,62280.0,2018-06-15T04:00:00Z,15,62339.47
61680.0,63000.0,61440.0,1357,61800.0,2018-06-18T04:00:00Z,18,62073.6
60240.0,62520.0,59520.0,1862,61560.0,2018-06-19T04:00:00Z,14,61241.6
60720.0,61920.0,60240.0,1231,60600.0,2018-06-20T04:00:00Z,10,61061.12
60960.0,62160.0,60480.0,3091,61920.0,2018-06-21T04:00:00Z,24,61157.84
61080.0,61800.0,58560.0,4434,60840.0,2018-06-22T04:00:00Z,793,61042.69
61800.0,62520.0,59880.0,2798,60720.0,2018-06-25T04:00:00Z,44,61292.0
60960.0,62400.0,60600.0,3192,61800.0,2018-06-26T04:00:00Z,42,61523.16
60360.0,61800.0,59880.0,2419,60480.0,2018-06-27T04:00:00Z,36,60937.4
59040.0,60420.0,58680.0,1294,60000.0,2018-06-28T04:00:00Z,13,59378.76
57000.0,59640.0,56040.0,1437,59280.0,2018-06-29T04:00:00Z,15,57511.37
57600.0,57960.0,55800.0,2144,56520.0,2018-07-02T04:00:00Z,86,57502.13
58200.0,60000.0,57000.0,1978,58200.0,2018-07-03T04:00:00Z,9,58541.38
58440.0,59760.0,58200.0,1818,58680.0,2018-07-05T04:00:00Z,11,58836.96
58320.0,59880.0,57720.0,1608,58800.0,2018-07-06T04:00:00Z,11,58702.03
59040.0,59520.0,57840.0,1308,58320.0,2018-07-09T04:00:00Z,15,58739.3
62400.0,62880.0,58938.0,1525,59400.0,2018-07-10T04:00:00Z,16,61593.35
59880.0,62880.0,59760.0,778,60960.0,2018-07-11T04:00:00Z,7,61122.44
59880.0,60480.0,59400.0,561,59640.0,2018-07-12T04:00:00Z,5,59838.25
59280.0,60120.0,58080.0,430,60120.0,2018-07-13T04:00:00Z,4,58934.48
60480.0,61320.0,58678.8,1569,59280.0,2018-07-16T04:00:00Z,15,60332.51
59280.0,62040.0,58200.0,1111,60240.0,2018-07-17T04:00:00Z,13,59920.84
60000.0,61320.0,58800.0,1165,58800.0,2018-07-18T04:00:00Z,26,60091.27
59400.0,60240.0,58800.0,396,59760.0,2018-07-19T04:00:00Z,5,59473.28
58800.0,59880.0,57840.0,470,59280.0,2018-07-20T04:00:00Z,7,58826.81
59640.0,60360.0,58320.0,553,59160.0,2018-07-23T04:00:00Z,8,59459.39
60120.0,62160.0,59521.2,869,60000.0,2018-07-24T04:00:00Z,9,60541.6
58080.0,61200.0,57000.0,634,60120.0,2018-07-25T04:00:00Z,23,57794.53
59160.0,59520.0,56412.0,567,58320.0,2018-07-26T04:00:00Z,7,58386.17
57480.0,59400.0,56160.0,522,59400.0,2018-07-27T04:00:00Z,6,57480.17
61200.0,62040.0,57840.0,1211,58920.0,2018-07-30T04:00:00Z,16,60425.23
60120.0,61200.0,59640.0,895,61200.0,2018-07-31T04:00:00Z,13,60251.86
59880.0,61080.0,59640.0,498,60480.0,2018-08-01T04:00:00Z,4,60084.82
59400.0,60240.0,59040.0,319,59880.0,2018-08-02T04:00:00Z,4,59528.42
58440.0,60000.0,56400.0,886,59520.0,2018-08-03T04:00:00Z,14,57673.94
56520.0,58800.0,56040.0,461,58440.0,2018-08-06T04:00:00Z,5,57224.9
57720.0,59040.0,53760.0,757,56640.0,2018-08-07T04:00:00Z,8,57147.04
57600.0,59280.0,57120.0,288,57720.0,2018-08-08T04:00:00Z,2,57810.86
59400.0,60240.0,56640.0,956,57720.0,2018-08-09T04:00:00Z,13,59456.4
63120.0,63720.0,58680.0,1289,59760.0,2018-08-10T04:00:00Z,17,62157.04
60120.0,63360.0,59880.0,648,63360.0,2018-08-13T04:00:00Z,6,60886.14
60600.0,61440.0,59227.2,545,60600.0,2018-08-14T04:00:00Z,7,60726.34
60600.0,61320.0,59280.0,787,60360.0,2018-08-15T04:00:00Z,7,60526.51
64920.0,65280.0,60600.0,1176,60840.0,2018-08-16T04:00:00Z,15,64109.7
66240.0,67800.0,64440.0,1083,64440.0,2018-08-17T04:00:00Z,13,66318.18
66840.0,68880.0,66240.0,593,66600.0,2018-08-20T04:00:00Z,8,67335.41
67920.0,68760.0,66480.0,535,66960.0,2018-08-21T04:00:00Z,6,68056.4
67440.0,69240.0,66960.0,566,67920.0,2018-08-22T04:00:00Z,7,67659.97
67440.0,68400.0,66840.0,379,67560.0,2018-08-23T04:00:00Z,4,67557.86
70560.0,71400.0,67440.0,525,67440.0,2018-08-24T04:00:00Z,5,69910.69
71160.0,72000.0,70560.0,407,70800.0,2018-08-27T04:00:00Z,5,71281.33
71040.0,72000.0,70440.0,634,71280.0,2018-08-28T04:00:00Z,6,71294.22
72480.0,73080.0,70800.0,515,70920.0,2018-08-29T04:00:00Z,5,72077.99
71880.0,73800.0,71280.0,555,72600.0,2018-08-30T04:00:00Z,5,72504.95
71760.0,72240.0,61800.0,354,71760.0,2018-08-31T04:00:00Z,5,70636.4
70560.0,72000.0,69960.0,492,72000.0,2018-09-04T04:00:00Z,5,70760.41
69120.0,70680.0,66720.0,1538,70680.0,2018-09-05T04:00:00Z,20,69013.93
70920.0,71640.0,69000.0,570,69480.0,2018-09-06T04:00:00Z,5,70706.5
71040.0,71880.0,70080.0,508,71160.0,2018-09-07T04:00:00Z,3,71379.9
75720.0,75840.0,70680.0,2985,71520.0,2018-09-10T04:00:00Z,55,73120.48
78840.0,82680.0,76629.6,2617,76800.0,2018-09-11T04:00:00Z,34,78955.74
78480.0,79440.0,76920.0,1386,78720.0,2018-09-12T04:00:00Z,34,78289.74
82440.0,82800.0,78000.0,1290,78600.0,2018-09-13T04:00:00Z,17,80300.7
81600.0,86880.0,79080.0,2170,81000.0,2018-09-14T04:00:00Z,24,82994.95
83280.0,83760.0,81351.6,1498,82320.0,2018-09-17T04:00:00Z,17,82500.12
84600.0,87960.0,81720.0,2442,83760.0,2018-09-18T04:00:00Z,29,85178.26
87600.0,88080.0,83280.0,1838,84720.0,2018-09-19T04:00:00Z,17,85860.64
87360.0,88080.0,85920.0,1982,88080.0,2018-09-20T04:00:00Z,29,87087.48
83520.0,87598.8,83400.0,1867,87000.0,2018-09-21T04:00:00Z,219,83881.69
83880.0,85968.0,81120.0,1527,83880.0,2018-09-24T04:00:00Z,16,83022.08
85200.0,87300.0,83640.0,1375,84240.0,2018-09-25T04:00:00Z,18,85808.84
84360.0,86400.0,84000.0,1126,85320.0,2018-09-26T04:00:00Z,9,85338.9
84000.0,86640.0,83640.0,1444,84720.0,2018-09-27T04:00:00Z,13,84436.54
85560.0,86040.0,83160.0,671,83880.0,2018-09-28T04:00:00Z,7,85277.52
84000.0,86520.0,83160.0,678,86160.0,2018-10-01T04:00:00Z,7,84090.98
79080.0,83760.0,78600.0,1029,83640.0,2018-10-02T04:00:00Z,12,79927.15
82080.0,82440.0,78360.0,837,79200.0,2018-10-03T04:00:00Z,8,81056.93
81120.0,82800.0,79920.0,842,82800.0,2018-10-04T04:00:00Z,9,81193.92
80040.0,81720.0,78840.0,398,81120.0,2018-10-05T04:00:00Z,6,80305.8
81240.0,81600.0,78840.0,948,80280.0,2018-10-08T04:00:00Z,9,80516.27
83040.0,84240.0,81000.0,1366,81000.0,2018-10-09T04:00:00Z,15,83179.82
74640.0,83520.0,74640.0,806,82920.0,2018-10-10T04:00:00Z,8,77201.9
72480.0,75600.0,72360.0,883,74640.0,2018-10-11T04:00:00Z,12,74272.07
72000.0,76560.0,71400.0,717,73920.0,2018-10-12T04:00:00Z,10,72468.48
75960.0,77760.0,70680.0,1235,71760.0,2018-10-15T04:00:00Z,15,74259.24
77280.0,77880.0,75600.0,877,76560.0,2018-10-16T04:00:00Z,6,77214.82
77040.0,81480.0,73020.0,478,77280.0,2018-10-17T04:00:00Z,6,76876.7
76800.0,80400.0,75960.0,881,76440.0,2018-10-18T04:00:00Z,7,76877.52
76080.0,79440.0,74880.0,886,76680.0,2018-10-19T04:00:00Z,11,76232.9
80400.0,81360.0,76800.0,621,79920.0,2018-10-22T04:00:00Z,9,79873.02
76800.0,79680.0,75360.0,363,79680.0,2018-10-23T04:00:00Z,6,77586.23
72960.0,78600.0,72720.0,549,76920.0,2018-10-24T04:00:00Z,13,73778.54
72840.0,75000.0,71160.0,1069,73200.0,2018-10-25T04:00:00Z,14,72564.06
72240.0,73920.0,69480.0,969,71400.0,2018-10-26T04:00:00Z,19,72580.92
71760.0,73680.0,71160.0,764,73320.0,2018-10-29T04:00:00Z,22,71880.97
72960.0,73320.0,71760.0,1061,71880.0,2018-10-30T04:00:00Z,11,72844.36
73200.0,76320.0,71280.0,1134,74160.0,2018-10-31T04:00:00Z,21,72928.94
73200.0,78360.0,72120.0,415,73560.0,2018-11-01T04:00:00Z,5,73220.96
73680.0,74760.0,71520.0,490,72840.0,2018-11-02T04:00:00Z,17,72964.48
71160.0,74040.0,69720.0,464,73920.0,2018-11-05T05:00:00Z,8,71337.71
70800.0,72960.0,70120.8,532,71160.0,2018-11-06T05:00:00Z,6,70594.76
70920.0,71520.0,68040.0,634,71040.0,2018-11-07T05:00:00Z,20,69533.53
74880.0,77040.0,70800.0,1108,70800.0,2018-11-08T05:00:00Z,10,74914.73
63360.0,78480.0,62280.0,1024,78480.0,2018-11-09T05:00:00Z,51,67431.92
60060.0,62760.0,58140.0,1812,62760.0,2018-11-12T05:00:00Z,21,59720.06
56640.0,60600.0,56520.0,1119,60600.0,2018-11-13T05:00:00Z,23,57522.55
58440.0,59640.0,57540.0,1036,57600.0,2018-11-14T05:00:00Z,9,58611.91
58080.0,59400.0,56580.0,840,57720.0,2018-11-15T05:00:00Z,18,57593.74
58080.0,58200.0,55440.0,1215,57360.0,2018-11-16T05:00:00Z,17,57136.09
56760.0,64363.2,56100.0,749,57960.0,2018-11-19T05:00:00Z,27,56783.95
53880.0,56280.0,53640.0,1069,56280.0,2018-11-20T05:00:00Z,20,54200.46
54600.0,55200.0,52440.0,857,54000.0,2018-11-21T05:00:00Z,6,53978.74
54360.0,56640.0,53880.0,566,53880.0,2018-11-23T05:00:00Z,4,54805.82
56760.0,57358.8,54480.0,1297,55320.0,2018-11-26T05:00:00Z,12,56233.9
55200.0,58200.0,54720.0,862,56760.0,2018-11-27T05:00:00Z,7,56213.84
55080.0,57360.0,53520.0,1830,55680.0,2018-11-28T05:00:00Z,18,54985.25
53160.0,63120.0,52680.0,784,54720.0,2018-11-29T05:00:00Z,6,53762.57
54480.0,56040.0,52140.0,2354,53400.0,2018-11-30T05:00:00Z,56,54252.49
54120.0,56160.0,52320.0,978,54960.0,2018-12-03T05:00:00Z,12,53881.94
52200.0,56760.0,52200.0,1586,54360.0,2018-12-04T05:00:00Z,20,53740.8
51960.0,53640.0,50760.0,1241,52200.0,2018-12-06T05:00:00Z,15,52158.92
49080.0,52080.0,46920.0,1006,52080.0,2018-12-07T05:00:00Z,10,48796.0
50400.0,50880.0,48120.0,911,49560.0,2018-12-10T05:00:00Z,7,49729.93
48480.0,53463.6,46803.6,572,51000.0,2018-12-11T05:00:00Z,5,48650.39
50160.0,52680.0,49440.0,568,49440.0,2018-12-12T05:00:00Z,6,50534.08
48240.0,50280.0,47520.0,696,49560.0,2018-12-13T05:00:00Z,8,48542.4
48600.0,50520.0,46680.0,656,47880.0,2018-12-14T05:00:00Z,7,48600.19
47400.0,49260.0,45840.0,1300,48720.0,2018-12-17T05:00:00Z,13,47368.87
47760.0,48840.0,46320.0,1045,47640.0,2018-12-18T05:00:00Z,22,47913.79
45720.0,48480.0,44760.0,1075,48000.0,2018-12-19T05:00:00Z,12,45675.1
44880.0,46440.0,44280.0,1426,45840.0,2018-12-20T05:00:00Z,13,45110.23
42120.0,45960.0,41400.0,724,45120.0,2018-12-21T05:00:00Z,34,43606.68
41520.0,42960.0,41520.0,403,42000.0,2018-12-24T05:00:00Z,3,41994.24
44040.0,44640.0,40800.0,946,42120.0,2018-12-26T05:00:00Z,9,43462.39
43560.0,45360.0,43200.0,497,43560.0,2018-12-27T05:00:00Z,6,43782.61
44880.0,46440.0,43560.0,840,43800.0,2018-12-28T05:00:00Z,10,44421.28
46680.0,46800.0,44640.0,662,45360.0,2018-12-31T05:00:00Z,10,46033.3
47160.0,48000.0,44760.0,604,45840.0,2019-01-02T05:00:00Z,11,47175.1
44760.0,47640.0,43680.0,633,44400.0,2019-01-03T05:00:00Z,6,45165.64
46680.0,47160.0,42960.0,431,45600.0,2019-01-04T05:00:00Z,7,46528.64
48120.0,50040.0,46680.0,498,46680.0,2019-01-07T05:00:00Z,10,48517.79
47880.0,49200.0,47400.0,379,48720.0,2019-01-08T05:00:00Z,39,47994.84
47400.0,48720.0,45960.0,764,48720.0,2019-01-09T05:00:00Z,4,47146.82
46920.0,47880.0,42600.0,619,46920.0,2019-01-10T05:00:00Z,4,47052.85
47520.0,47880.0,46800.0,796,46800.0,2019-01-11T05:00:00Z,8,47404.69
46080.0,48000.0,45960.0,462,47160.0,2019-01-14T05:00:00Z,5,46653.25
45840.0,46497.6,44400.0,577,46200.0,2019-01-15T05:00:00Z,4,45554.59
45240.0,46800.0,40680.0,606,40680.0,2019-01-16T05:00:00Z,6,44771.94
45240.0,45780.0,43920.0,513,45120.0,2019-01-17T05:00:00Z,6,45094.98
45000.0,46920.0,44760.0,388,45600.0,2019-01-18T05:00:00Z,6,45587.38
43200.0,45840.0,42360.0,383,44520.0,2019-01-22T05:00:00Z,4,43579.92
42360.0,44880.0,41880.0,266,43320.0,2019-01-23T05:00:00Z,2,42523.14
42120.0,43440.0,41760.0,511,42480.0,2019-01-24T05:00:00Z,7,42306.97
43320.0,45120.0,42120.0,1472,42600.0,2019-01-25T05:00:00Z,16,43391.83
42960.0,44160.0,41160.0,810,43080.0,2019-01-28T05:00:00Z,9,43334.78
43200.0,45120.0,42000.0,881,43200.0,2019-01-29T05:00:00Z,11,43351.04
43200.0,43800.0,42240.0,239,43560.0,2019-01-30T05:00:00Z,4,43205.93
47280.0,48600.0,43200.0,1420,43200.0,2019-01-31T05:00:00Z,21,45237.34
47580.0,48480.0,45600.0,405,47160.0,2019-02-01T05:00:00Z,4,46972.13
48120.0,50520.0,47400.0,305,47400.0,2019-02-04T05:00:00Z,2,48202.28
49320.0,50280.0,48180.0,309,48480.0,2019-02-05T05:00:00Z,3,49483.08
48960.0,50160.0,47760.0,239,49320.0,2019-02-06T05:00:00Z,2,48927.38
48960.0,49920.0,47220.0,366,48360.0,2019-02-07T05:00:00Z,3,48908.76
51120.0,52200.0,48360.0,549,48360.0,2019-02-08T05:00:00Z,5,50805.25
53400.0,54582.0,51000.0,480,51360.0,2019-02-11T05:00:00Z,3,53078.18
53040.0,56160.0,52560.0,529,53520.0,2019-02-12T05:00:00Z,7,54011.24
51480.0,54780.0,51240.0,710,53040.0,2019-02-13T05:00:00Z,10,53414.93
48720.0,51480.0,48600.0,474,51240.0,2019-02-14T05:00:00Z,5,49877.54
49920.0,51360.0,48480.0,896,49320.0,2019-02-15T05:00:00Z,10,49773.61
50040.0,51750.0,49200.0,392,49800.0,2019-02-19T05:00:00Z,4,50187.32
48960.0,52800.0,48000.0,700,50640.0,2019-02-20T05:00:00Z,7,49568.71
47400.0,49680.0,47160.0,874,49680.0,2019-02-21T05:00:00Z,10,48426.01
48240.0,49260.0,47640.0,426,47760.0,2019-02-22T05:00:00Z,5,48112.32
46800.0,50046.0,46440.0,372,48480.0,2019-02-25T05:00:00Z,5,46965.04
46800.0,50520.0,46200.0,732,46920.0,2019-02-26T05:00:00Z,5,47429.03
48240.0,48240.0,46200.0,614,46560.0,2019-02-27T05:00:00Z,6,47697.14
47760.0,49440.0,47040.0,826,48480.0,2019-02-28T05:00:00Z,12,48502.97
47880.0,48600.0,47280.0,317,48480.0,2019-03-01T05:00:00Z,3,47958.58
48240.0,49080.0,46800.0,579,47760.0,2019-03-04T05:00:00Z,5,48079.01
47760.0,48720.0,47400.0,304,48120.0,2019-03-05T05:00:00Z,2,47897.68
44400.0,48120.0,44040.0,315,47520.0,2019-03-06T05:00:00Z,4,45005.27
45360.0,45480.0,43441.2,457,44520.0,2019-03-07T05:00:00Z,5,44887.24
44280.0,46800.0,44040.0,768,45480.0,2019-03-08T05:00:00Z,11,45480.08
45480.0,48382.8,44640.0,448,48382.8,2019-03-11T04:00:00Z,4,45551.34
45360.0,47040.0,44347.2,959,45480.0,2019-03-12T04:00:00Z,11,45489.47
46560.0,48720.0,45600.0,504,45720.0,2019-03-13T04:00:00Z,5,46856.4
46080.0,48120.0,45840.0,463,48000.0,2019-03-14T04:00:00Z,3,46482.47
46440.0,47400.0,44700.0,469,46080.0,2019-03-15T04:00:00Z,41,46270.85
47280.0,47760.0,45000.0,693,46920.0,2019-03-18T04:00:00Z,8,46018.61
44760.0,49200.0,44328.0,1076,48480.0,2019-03-19T04:00:00Z,16,46663.5
42000.0,46140.0,41040.0,664,44520.0,2019-03-20T04:00:00Z,7,42444.49
41280.0,43560.0,41160.0,1082,41820.0,2019-03-21T04:00:00Z,10,41914.73
39240.0,41160.0,39000.0,795,40440.0,2019-03-22T04:00:00Z,11,39806.95
38400.0,41922.0,38280.0,426,39720.0,2019-03-25T04:00:00Z,4,39148.73
38400.0,40320.0,37560.0,321,38640.0,2019-03-26T04:00:00Z,3,38469.49
39000.0,41160.0,37440.0,331,38640.0,2019-03-27T04:00:00Z,3,38948.17
38640.0,39240.0,37800.0,287,39240.0,2019-03-28T04:00:00Z,2,38543.92
40080.0,40680.0,38040.0,420,38880.0,2019-03-29T04:00:00Z,6,39904.32
41760.0,42840.0,40080.0,398,40080.0,2019-04-01T04:00:00Z,5,41282.87
42000.0,42840.0,41280.0,478,42360.0,2019-04-02T04:00:00Z,6,42117.6
43080.0,44400.0,42240.0,311,43200.0,2019-04-03T04:00:00Z,5,43198.97
40920.0,42960.0,40680.0,355,42960.0,2019-04-04T04:00:00Z,4,41557.74
43440.0,43560.0,40348.8,461,41160.0,2019-04-05T04:00:00Z,4,43072.2
45000.0,47760.0,44400.0,1069,46320.0,2019-04-08T04:00:00Z,16,45745.79
45120.0,47280.0,45120.0,666,46080.0,2019-04-09T04:00:00Z,11,46229.06
45960.0,46800.0,45360.0,492,45480.0,2019-04-10T04:00:00Z,5,46015.38
45480.0,47040.0,44880.0,718,46320.0,2019-04-11T04:00:00Z,8,45896.17
45600.0,48000.0,45360.0,621,46320.0,2019-04-12T04:00:00Z,9,46553.6
45480.0,48000.0,45120.0,452,46680.0,2019-04-15T04:00:00Z,8,46255.19
43800.0,46800.0,43800.0,379,45480.0,2019-04-16T04:00:00Z,6,44680.55
42360.0,45808.8,42120.0,337,44160.0,2019-04-17T04:00:00Z,5,43266.52
42120.0,42960.0,40680.0,432,42240.0,2019-04-18T04:00:00Z,6,41911.33
40440.0,43200.0,40200.0,296,42720.0,2019-04-22T04:00:00Z,4,41041.48
40800.0,41280.0,39600.0,301,39840.0,2019-04-23T04:00:00Z,4,40489.43
40200.0,41148.0,39480.0,214,40920.0,2019-04-24T04:00:00Z,3,40345.91
38640.0,39840.0,38400.0,342,39840.0,2019-04-25T04:00:00Z,6,39059.24
39360.0,40800.0,38760.0,184,38760.0,2019-04-26T04:00:00Z,2,39422.1
40680.0,40800.0,39360.0,434,39360.0,2019-04-29T04:00:00Z,6,39820.54
39480.0,41040.0,39010.8,240,40680.0,2019-04-30T04:00:00Z,8,39494.1
39240.0,39960.0,38400.0,364,39600.0,2019-05-01T04:00:00Z,3,38968.48
39480.0,39840.0,38400.0,407,39240.0,2019-05-02T04:00:00Z,4,39190.03
41280.0,41280.0,39600.0,272,39720.0,2019-05-03T04:00:00Z,3,40857.64
40680.0,40920.0,39840.0,324,40800.0,2019-05-06T04:00:00Z,3,40591.91
40320.0,40680.0,39360.0,271,40560.0,2019-05-07T04:00:00Z,4,40060.4
40920.0,41160.0,39960.0,353,40440.0,2019-05-08T04:00:00Z,4,40628.9
40560.0,41820.0,39000.0,469,41160.0,2019-05-09T04:00:00Z,6,39985.36
38520.0,44160.0,37800.0,456,38400.0,2019-05-10T04:00:00Z,9,38965.56
37200.0,38160.0,36480.0,517,36960.0,2019-05-13T04:00:00Z,5,37208.77
35880.0,37244.4,35760.0,516,37200.0,2019-05-14T04:00:00Z,7,36250.38
36360.0,36480.0,34920.0,401,35040.0,2019-05-15T04:00:00Z,8,35797.49
36480.0,36960.0,35520.0,595,36480.0,2019-05-16T04:00:00Z,6,36590.04
36360.0,36720.0,36000.0,467,36000.0,2019-05-17T04:00:00Z,14,36308.44
33600.0,36000.0,32400.0,844,36000.0,2019-05-20T04:00:00Z,16,34219.74
35280.0,35640.0,31920.0,560,33720.0,2019-05-21T04:00:00Z,7,33730.96
28920.0,35040.0,25440.0,1046,35040.0,2019-05-22T04:00:00Z,46,31755.59
22920.0,27360.0,22800.0,2535,27000.0,2019-05-23T04:00:00Z,69,23734.32
20040.0,23880.0,19800.0,1397,22560.0,2019-05-24T04:00:00Z,48,21605.16
28680.0,29040.0,20640.0,5215,20640.0,2019-05-28T04:00:00Z,185,26219.11
26280.0,29638.8,25380.0,2325,28440.0,2019-05-29T04:00:00Z,53,27194.23
27960.0,28680.0,26640.0,782,26640.0,2019-05-30T04:00:00Z,10,27927.1
26280.0,27480.0,25585.2,984,27480.0,2019-05-31T04:00:00Z,15,26495.04
28200.0,28680.0,26040.0,920,26040.0,2019-06-03T04:00:00Z,11,28047.88
26280.0,28800.0,26160.0,588,28680.0,2019-06-04T04:00:00Z,7,27102.13
25320.0,27720.0,25200.0,725,26400.0,2019-06-05T04:00:00Z,9,25701.73
25080.0,26125.2,24000.0,530,25680.0,2019-06-06T04:00:00Z,6,25187.04
24960.0,26400.0,24600.0,529,25080.0,2019-06-07T04:00:00Z,6,25135.64
26400.0,26640.0,24960.0,1033,25080.0,2019-06-10T04:00:00Z,12,25943.87
25320.0,27720.0,25080.0,694,26760.0,2019-06-11T04:00:00Z,8,25571.23
26040.0,26400.0,24240.0,758,25320.0,2019-06-12T04:00:00Z,9,25532.74
26280.0,27120.0,25320.0,951,26160.0,2019-06-13T04:00:00Z,14,26589.14
25080.0,27120.0,24480.0,715,26160.0,2019-06-14T04:00:00Z,12,25036.6
24480.0,25680.0,24120.0,586,24960.0,2019-06-17T04:00:00Z,10,24751.78
25080.0,26160.0,24000.0,751,24600.0,2019-06-18T04:00:00Z,11,25068.9
23880.0,25080.0,23880.0,666,25080.0,2019-06-19T04:00:00Z,22,24514.82
24840.0,25200.0,23640.0,555,24360.0,2019-06-20T04:00:00Z,9,24636.77
25440.0,25800.0,24240.0,476,24240.0,2019-06-21T04:00:00Z,19,25058.83
23640.0,25812.0,23400.0,579,25320.0,2019-06-24T04:00:00Z,8,23985.83
23520.0,24720.0,22320.0,500,23880.0,2019-06-25T04:00:00Z,8,23425.0
24000.0,24600.0,23460.0,314,23637.6,2019-06-26T04:00:00Z,4,24159.66
24120.0,24960.0,23640.0,826,24000.0,2019-06-27T04:00:00Z,10,24126.67
26280.0,26400.0,23880.0,1018,24120.0,2019-06-28T04:00:00Z,28,26109.53
25080.0,27480.0,25020.0,971,26280.0,2019-07-01T04:00:00Z,14,26388.64
24480.0,25382.4,24000.0,320,25320.0,2019-07-02T04:00:00Z,4,24531.48
24360.0,25020.0,24000.0,337,24480.0,2019-07-03T04:00:00Z,4,24328.52
24240.0,24480.0,22920.0,255,24360.0,2019-07-05T04:00:00Z,3,24037.48
24840.0,24960.0,23761.2,205,24240.0,2019-07-08T04:00:00Z,2,24506.41
26640.0,26838.0,24960.0,244,24960.0,2019-07-09T04:00:00Z,3,26030.11
25920.0,26880.0,25800.0,216,26880.0,2019-07-10T04:00:00Z,5,26183.14
24840.0,27000.0,24480.0,553,25920.0,2019-07-11T04:00:00Z,21,26074.09
25680.0,26280.0,25080.0,370,25320.0,2019-07-12T04:00:00Z,6,25695.83
25800.0,26628.0,25560.0,315,26355.6,2019-07-15T04:00:00Z,7,25805.08
25200.0,26280.0,24840.0,420,25260.0,2019-07-16T04:00:00Z,5,25523.51
24840.0,26400.0,23760.0,607,25440.0,2019-07-17T04:00:00Z,7,24654.28
30120.0,35520.0,24600.0,9662,24600.0,2019-07-18T04:00:00Z,170,30972.18
28560.0,30120.0,27960.0,1402,28560.0,2019-07-19T04:00:00Z,20,28643.8
29400.0,29460.0,27840.0,682,28920.0,2019-07-22T04:00:00Z,10,28978.39
28920.0,30480.0,28327.2,539,29760.0,2019-07-23T04:00:00Z,5,29134.72
29400.0,29520.0,28200.0,830,28440.0,2019-07-24T04:00:00Z,11,29122.12
28800.0,29400.0,27600.0,535,29400.0,2019-07-25T04:00:00Z,10,28666.88
33180.0,38400.0,28800.0,3290,28800.0,2019-07-26T04:00:00Z,57,34681.32
32400.0,38040.0,31320.0,2097,34200.0,2019-07-29T04:00:00Z,29,34190.38
31320.0,31920.0,30000.0,885,31800.0,2019-07-30T04:00:00Z,14,31186.14
31800.0,34680.0,31440.0,1066,31440.0,2019-07-31T04:00:00Z,16,32540.11
32520.0,34200.0,31920.0,688,31920.0,2019-08-01T04:00:00Z,8,32888.45
31560.0,33240.0,30840.0,362,32040.0,2019-08-02T04:00:00Z,5,31562.26
29040.0,31560.0,28080.0,727,31560.0,2019-08-05T04:00:00Z,11,29729.59
26880.0,30000.0,26400.0,546,29040.0,2019-08-06T04:00:00Z,7,27460.19
27120.0,27480.0,25680.0,579,26640.0,2019-08-07T04:00:00Z,5,26944.42
29400.0,32760.0,27480.0,1028,27480.0,2019-08-08T04:00:00Z,21,30488.58
15360.0,27480.0,15180.0,5648,27480.0,2019-08-09T04:00:00Z,154,17304.35
15120.0,16560.0,14042.4,2590,16320.0,2019-08-12T04:00:00Z,53,14961.48
14760.0,15720.0,14281.2,1293,15720.0,2019-08-13T04:00:00Z,37,14818.98
14160.0,14520.0,13080.0,1213,14520.0,2019-08-14T04:00:00Z,24,13770.89
13920.0,15000.0,13681.2,933,14760.0,2019-08-15T04:00:00Z,16,14162.0
13440.0,14400.0,13200.0,1186,13920.0,2019-08-16T04:00:00Z,27,13612.07
13920.0,14400.0,13320.0,909,13680.0,2019-08-19T04:00:00Z,17,13940.87
14160.0,14520.0,13320.0,682,13920.0,2019-08-20T04:00:00Z,24,13951.1
13920.0,15000.0,13920.0,661,14280.0,2019-08-21T04:00:00Z,17,14389.76
14880.0,15000.0,13920.0,559,14040.0,2019-08-22T04:00:00Z,18,14543.71
15600.0,16200.0,14650.8,1147,14880.0,2019-08-23T04:00:00Z,26,15572.53
15600.0,16200.0,15120.0,904,15720.0,2019-08-26T04:00:00Z,14,15804.11
14160.0,15840.0,14160.0,658,15840.0,2019-08-27T04:00:00Z,18,14530.94
13560.0,14758.8,13320.0,508,14280.0,2019-08-28T04:00:00Z,26,13561.2
13680.0,14316.0,13452.0,355,13680.0,2019-08-29T04:00:00Z,7,13736.83
13800.0,14040.0,13200.0,281,13680.0,2019-08-30T04:00:00Z,6,13656.26
13560.0,13920.0,13440.0,247,13800.0,2019-09-03T04:00:00Z,5,13673.78
13560.0,13800.0,13440.0,371,13680.0,2019-09-04T04:00:00Z,3,13597.13
15000.0,15120.0,13800.0,826,13800.0,2019-09-05T04:00:00Z,15,14724.1
14880.0,15360.0,14520.0,406,15000.0,2019-09-06T04:00:00Z,5,14968.38
15840.0,15960.0,14520.0,767,15000.0,2019-09-09T04:00:00Z,16,15521.18
15900.0,16717.2,15240.0,599,15600.0,2019-09-10T04:00:00Z,11,16043.71
16560.0,16920.0,15919.2,893,16080.0,2019-09-11T04:00:00Z,7,16417.66
16680.0,16800.0,16080.0,419,16800.0,2019-09-12T04:00:00Z,5,16511.53
16680.0,16920.0,16200.0,585,16680.0,2019-09-13T04:00:00Z,8,16707.44
16200.0,16680.0,15957.6,750,16680.0,2019-09-16T04:00:00Z,9,16307.92
16320.0,16440.0,16080.0,833,16200.0,2019-09-17T04:00:00Z,10,16255.7
16200.0,17340.0,16080.0,1011,16320.0,2019-09-18T04:00:00Z,7,16544.81
16200.0,16560.0,15960.0,377,16320.0,2019-09-19T04:00:00Z,4,16303.82
16560.0,16560.0,15762.0,395,15960.0,2019-09-20T04:00:00Z,22,16202.16
15720.0,16320.0,15600.0,301,16320.0,2019-09-23T04:00:00Z,3,15820.98
14820.0,15730.8,14640.0,464,15600.0,2019-09-24T04:00:00Z,8,15026.23
14280.0,14926.8,14280.0,626,14760.0,2019-09-25T04:00:00Z,29,14393.21
13680.0,14520.0,13680.0,530,14280.0,2019-09-26T04:00:00Z,8,14065.22
13440.0,14320.8,13320.0,421,13800.0,2019-09-27T04:00:00Z,6,13554.56
14160.0,17640.0,13440.0,906,13440.0,2019-09-30T04:00:00Z,22,15527.92
13800.0,16009.2,13440.0,781,14520.0,2019-10-01T04:00:00Z,15,14476.25
13560.0,14520.0,13200.0,406,13920.0,2019-10-02T04:00:00Z,11,13661.71
13200.0,13826.4,12960.0,546,13680.0,2019-10-03T04:00:00Z,12,13220.63
16560.0,19560.0,15480.0,47802,17160.0,2019-10-04T04:00:00Z,1400,17154.71
15240.0,16800.0,15120.0,3004,15960.0,2019-10-07T04:00:00Z,120,15746.59
13800.0,15120.0,13560.0,1782,15120.0,2019-10-08T04:00:00Z,67,14033.5
13440.0,14640.0,13200.0,1067,14040.0,2019-10-09T04:00:00Z,36,13686.59
13560.0,13920.0,13200.0,799,13200.0,2019-10-10T04:00:00Z,27,13490.83
12840.0,14100.0,12134.4,1345,13920.0,2019-10-11T04:00:00Z,62,13147.5
12240.0,12954.0,12000.0,921,12600.0,2019-10-14T04:00:00Z,32,12344.62
12240.0,12720.0,12000.0,690,12120.0,2019-10-15T04:00:00Z,25,12267.17
11880.0,12360.0,11040.0,1203,12240.0,2019-10-16T04:00:00Z,40,11746.4
11778.0,12120.0,11521.2,586,11805.6,2019-10-17T04:00:00Z,18,11835.37
11160.0,11880.0,11040.0,700,11342.4,2019-10-18T04:00:00Z,13,11320.94
10821.6,11520.0,10800.0,580,11520.0,2019-10-21T04:00:00Z,37,10885.67
9817.2,10920.0,9600.0,812,10920.0,2019-10-22T04:00:00Z,26,10072.88
9811.2,10090.8,9720.0,498,9826.8,2019-10-23T04:00:00Z,11,9817.25
9914.4,10077.6,9720.0,2088,9811.2,2019-10-24T04:00:00Z,17,9907.82
9626.4,10047.6,9508.8,393,10011.6,2019-10-25T04:00:00Z,11,9745.06
8816.4,9714.0,8760.0,1105,9600.0,2019-10-28T04:00:00Z,37,9144.98
8635.2,9051.6,8026.62,1082,8833.2,2019-10-29T04:00:00Z,29,8387.9
6897.6,9000.0,6610.8,2375,9000.0,2019-10-30T04:00:00Z,89,7618.28
7333.2,7644.0,6930.0,1339,7080.0,2019-10-31T04:00:00Z,56,7219.09
7044.0,7320.0,6960.0,599,7320.0,2019-11-01T04:00:00Z,16,7127.76
7450.8,7652.4,6841.2,811,7048.8,2019-11-04T05:00:00Z,20,7244.39
7407.6,7692.0,7200.0,636,7600.8,2019-11-05T05:00:00Z,22,7444.62
7243.2,7918.8,7053.6,958,7440.0,2019-11-06T05:00:00Z,32,7516.84
7249.2,7654.8,7188.92,461,7322.4,2019-11-07T05:00:00Z,9,7279.82
6782.4,7320.0,6600.0,898,7281.6,2019-11-08T05:00:00Z,21,6841.97
7254.0,7560.0,6940.8,754,6960.0,2019-11-11T05:00:00Z,20,7221.78
7209.6,7556.06,7080.0,864,7200.0,2019-11-12T05:00:00Z,22,7290.79
4200.0,5340.0,3960.0,2297,5272.8,2019-11-13T05:00:00Z,388,4482.65
3721.2,4232.4,3240.0,3444,4200.0,2019-11-14T05:00:00Z,612,3365.99
4083.6,4320.0,3600.0,1608,3721.2,2019-11-15T05:00:00Z,77,4064.17
4226.4,4800.0,4080.0,851,4800.0,2019-11-18T05:00:00Z,54,4445.1
4200.0,4320.0,3675.6,987,4267.2,2019-11-19T05:00:00Z,21,3996.66
4034.4,4320.0,3960.0,610,4201.2,2019-11-20T05:00:00Z,20,4144.99
3698.4,4116.05,3570.0,1673,4053.6,2019-11-21T05:00:00Z,43,3790.4
3742.8,3840.0,3600.0,665,3662.4,2019-11-22T05:00:00Z,17,3761.11
3706.8,3958.8,3660.0,1339,3720.0,2019-11-25T05:00:00Z,23,3743.1
3814.8,3960.0,3698.4,777,3766.8,2019-11-26T05:00:00Z,60,3816.55
3711.6,3840.0,3600.0,768,3840.0,2019-11-27T05:00:00Z,23,3712.84
3886.8,3924.0,3540.0,338,3720.0,2019-11-29T05:00:00Z,18,3789.28
3483.6,4320.0,3396.0,1471,4243.2,2019-12-02T05:00:00Z,61,3757.75
3427.2,3720.0,3238.8,1263,3600.0,2019-12-03T05:00:00Z,65,3417.38
3369.6,3561.6,3308.4,1096,3560.4,2019-12-04T05:00:00Z,39,3393.49
3330.0,3561.6,3276.0,563,3537.6,2019-12-05T05:00:00Z,21,3351.89
3567.6,3718.8,3244.8,1402,3362.4,2019-12-06T05:00:00Z,54,3528.94
3506.4,3719.88,3384.0,748,3564.0,2019-12-09T05:00:00Z,28,3611.52
3427.2,3681.6,3360.0,798,3681.6,2019-12-10T05:00:00Z,19,3457.43
3480.0,3604.8,3360.0,495,3600.0,2019-12-11T05:00:00Z,15,3469.82
3444.0,3598.8,3348.0,778,3540.0,2019-12-12T05:00:00Z,38,3399.64
3550.8,3600.0,3453.6,507,3480.0,2019-12-13T05:00:00Z,22,3534.78
3600.0,3721.2,3360.0,464,3720.0,2019-12-16T05:00:00Z,18,3558.24
3896.4,4071.6,3600.0,1255,3600.0,2019-12-17T05:00:00Z,78,3861.16
4054.8,4560.0,3960.0,1843,4062.0,2019-12-18T05:00:00Z,76,4214.76
3805.2,4548.0,3720.0,1344,4200.0,2019-12-19T05:00:00Z,56,3942.53
4177.2,4200.0,3600.0,1737,3840.0,2019-12-20T05:00:00Z,93,3922.02
3938.4,4532.4,3720.0,1373,4380.0,2019-12-23T05:00:00Z,78,4147.7
3961.2,4080.0,3900.0,379,3980.4,2019-12-24T05:00:00Z,19,3998.56
3854.4,4041.6,3735.6,753,4041.6,2019-12-26T05:00:00Z,32,3874.63
3900.0,4260.0,3852.0,694,4046.4,2019-12-27T05:00:00Z,50,4061.27
4593.6,4680.0,3938.4,1919,4176.0,2019-12-30T05:00:00Z,103,4236.19
4892.4,5280.0,4468.8,2538,4680.0,2019-12-31T05:00:00Z,125,5016.38
5025.6,5340.0,4800.0,768,5030.4,2020-01-02T05:00:00Z,50,5021.33
4815.6,5340.0,4800.0,863,5065.2,2020-01-03T05:00:00Z,49,4881.68
4584.0,4879.2,4440.0,846,4879.2,2020-01-06T05:00:00Z,48,4608.68
4659.6,4800.0,4515.6,715,4680.0,2020-01-07T05:00:00Z,40,4670.9
4755.6,5140.8,4650.0,1029,4800.0,2020-01-08T05:00:00Z,49,4906.66
4690.8,4993.2,4560.0,1474,4993.2,2020-01-09T05:00:00Z,53,4796.9
4321.2,4620.0,4064.4,1313,4560.0,2020-01-10T05:00:00Z,45,4331.5
4557.6,4680.0,4320.0,731,4360.8,2020-01-13T05:00:00Z,38,4541.95
4528.8,4680.0,4461.6,2849,4662.0,2020-01-14T05:00:00Z,23,4561.97
4680.0,6477.6,4560.0,8715,5400.0,2020-01-15T05:00:00Z,582,5573.42
5239.2,5688.0,4933.2,2829,5160.0,2020-01-16T05:00:00Z,183,5290.0
5430.0,5877.6,5280.0,3704,5352.0,2020-01-17T05:00:00Z,174,5531.62
5524.8,5664.0,5161.2,1629,5400.0,2020-01-21T05:00:00Z,100,5434.08
5257.2,5580.0,4866.0,1124,5520.0,2020-01-22T05:00:00Z,45,5262.8
5053.2,5254.8,4800.0,894,5066.4,2020-01-23T05:00:00Z,24,5003.45
4830.0,5103.6,4740.0,703,4860.0,2020-01-24T05:00:00Z,26,4847.08
5322.0,5520.0,4464.0,1698,4620.0,2020-01-27T05:00:00Z,71,5150.82
5064.0,5278.8,4800.0,750,5217.6,2020-01-28T05:00:00Z,34,5086.26
4753.2,5278.13,4686.0,938,5100.0,2020-01-29T05:00:00Z,47,4843.52
4740.0,4920.0,4623.6,633,4920.0,2020-01-30T05:00:00Z,19,4705.4
4507.2,4838.4,4464.0,814,4800.0,2020-01-31T05:00:00Z,26,4604.06
4392.0,4500.0,4268.4,1043,4500.0,2020-02-03T05:00:00Z,33,4380.8
4405.2,4550.4,4350.0,939,4392.0,2020-02-04T05:00:00Z,20,4454.5
4510.8,4800.0,4441.2,718,4514.4,2020-02-05T05:00:00Z,25,4560.76
4508.4,4800.0,4320.0,841,4618.8,2020-02-06T05:00:00Z,20,4559.94
4396.8,4444.2,4320.0,1225,4440.0,2020-02-07T05:00:00Z,17,4393.82
4114.8,4558.43,3872.4,1428,4440.0,2020-02-10T05:00:00Z,53,4135.99
3687.6,4201.2,3616.8,1862,4201.2,2020-02-11T05:00:00Z,73,3781.04
4021.2,4068.0,3492.0,1805,3690.0,2020-02-12T05:00:00Z,61,3766.49
3661.2,4032.0,3601.2,1215,4032.0,2020-02-13T05:00:00Z,37,3760.57
3651.6,3840.0,3456.0,1125,3840.0,2020-02-14T05:00:00Z,31,3614.76
3710.4,3834.0,3362.4,1546,3834.0,2020-02-18T05:00:00Z,41,3546.66
3610.8,3720.0,3498.0,2976,3711.6,2020-02-19T05:00:00Z,15,3606.18
3858.0,3912.0,3506.4,970,3600.0,2020-02-20T05:00:00Z,36,3688.69
3562.8,3936.0,3540.0,1870,3906.0,2020-02-21T05:00:00Z,51,3643.22
3535.2,3660.0,3364.8,818,3655.2,2020-02-24T05:00:00Z,26,3567.76
3385.2,3570.0,3330.0,1149,3528.0,2020-02-25T05:00:00Z,30,3398.44
3307.2,3600.0,3240.0,863,3408.0,2020-02-26T05:00:00Z,38,3370.01
3192.0,3480.0,3001.2,1187,3360.0,2020-02-27T05:00:00Z,43,3164.27
3084.0,3334.8,2880.0,1127,3238.8,2020-02-28T05:00:00Z,52,3155.09
3417.6,3588.0,3240.0,1335,3360.0,2020-03-02T05:00:00Z,29,3373.72
3958.8,4078.8,3360.0,3109,3628.8,2020-03-03T05:00:00Z,78,3813.85
4294.8,4920.0,3732.0,3540,4076.4,2020-03-04T05:00:00Z,113,4200.71
4280.4,4884.0,4065.6,2991,4200.0,2020-03-05T05:00:00Z,93,4569.43
3903.6,4437.6,3721.2,1487,4356.0,2020-03-06T05:00:00Z,51,4092.06
3349.2,3720.0,2772.0,2149,3481.2,2020-03-09T04:00:00Z,97,3069.36
3240.0,3720.0,3001.2,1385,3480.0,2020-03-10T04:00:00Z,41,3273.74
2464.8,3424.8,2404.8,1827,3340.8,2020-03-11T04:00:00Z,95,2771.66
2220.0,2460.0,1920.0,1910,2400.0,2020-03-12T04:00:00Z,101,2264.82
2388.0,2496.0,2280.0,1839,2496.0,2020-03-13T04:00:00Z,68,2378.24
2224.8,2626.8,1920.0,1680,2400.0,2020-03-16T04:00:00Z,52,2305.51
2040.0,2168.4,1452.0,1857,1957.2,2020-03-17T04:00:00Z,84,1826.0
1740.0,2158.8,1032.0,1893,2100.0,2020-03-18T04:00:00Z,110,1593.96
1896.0,1921.2,1438.8,1081,1920.0,2020-03-19T04:00:00Z,46,1795.45
2640.0,2640.0,1560.0,2160,1920.0,2020-03-20T04:00:00Z,217,2325.47
1920.0,2280.0,1896.0,1615,2268.0,2020-03-23T04:00:00Z,46,2013.54
2148.0,2158.8,1920.0,1282,2040.0,2020-03-24T04:00:00Z,38,2064.29
2208.0,2220.0,1920.0,906,2217.6,2020-03-25T04:00:00Z,27,2123.84
2358.0,2640.0,2100.0,2193,2160.0,2020-03-26T04:00:00Z,146,2412.05
2106.0,2400.0,2040.0,1130,2400.0,2020-03-27T04:00:00Z,27,2185.34
2520.0,2520.0,2157.6,1207,2388.0,2020-03-30T04:00:00Z,34,2237.45
2460.0,2640.0,2162.4,4472,2400.0,2020-03-31T04:00:00Z,263,2434.92
1920.0,2395.2,1812.0,1771,2280.0,2020-04-01T04:00:00Z,81,2078.41
1908.0,2100.0,1759.2,1489,2040.0,2020-04-02T04:00:00Z,41,1880.06
1633.2,2040.0,1490.4,2095,1860.0,2020-04-03T04:00:00Z,84,1743.29
1917.6,1920.0,1680.0,1636,1764.0,2020-04-06T04:00:00Z,70,1790.82
1965.6,2220.0,1860.0,1480,1966.8,2020-04-07T04:00:00Z,96,2045.18
2016.0,2062.8,1836.0,965,2062.8,2020-04-08T04:00:00Z,33,1984.58
2020.8,2052.0,1873.2,1295,1980.0,2020-04-09T04:00:00Z,44,1982.66
2281.2,2370.0,1920.0,1639,2160.0,2020-04-13T04:00:00Z,87,2112.77
2100.0,2400.0,2046.0,1569,2370.0,2020-04-14T04:00:00Z,41,2151.18
2190.0,2340.0,2100.0,1403,2330.4,2020-04-15T04:00:00Z,62,2168.29
2314.8,2420.4,2064.0,2693,2280.0,2020-04-16T04:00:00Z,151,2292.86
2520.0,2904.0,2318.4,10183,2400.0,2020-04-17T04:00:00Z,958,2617.25
2517.6,2652.0,2280.0,4280,2640.0,2020-04-20T04:00:00Z,343,2502.02
2379.6,2494.8,2304.0,2499,2400.0,2020-04-21T04:00:00Z,158,2375.98
2376.0,2544.0,2304.48,2265,2458.8,2020-04-22T04:00:00Z,184,2409.06
2520.0,2610.0,2400.0,3396,2532.0,2020-04-23T04:00:00Z,295,2504.57
2518.8,2604.0,2420.4,1991,2599.2,2020-04-24T04:00:00Z,87,2473.0
2508.0,2520.0,2424.0,1520,2492.4,2020-04-27T04:00:00Z,101,2495.14
2535.6,2578.8,2430.0,1942,2556.0,2020-04-28T04:00:00Z,114,2509.32
2677.2,2928.0,2460.0,6019,2638.8,2020-04-29T04:00:00Z,564,2758.86
4260.0,6780.0,3612.0,104086,4476.0,2020-04-30T04:00:00Z,10138,5004.0
3573.6,4678.8,3254.4,17517,4020.0,2020-05-01T04:00:00Z,1608,3807.01
3390.0,3840.0,3240.0,5864,3567.6,2020-05-04T04:00:00Z,386,3428.69
3481.2,3936.0,3030.0,8799,3240.0,2020-05-05T04:00:00Z,795,3448.34
3471.6,3696.0,3240.0,4890,3528.0,2020-05-06T04:00:00Z,345,3440.84
3542.4,3828.0,3288.61,7983,3360.0,2020-05-07T04:00:00Z,675,3642.32
3808.8,4440.0,3528.0,16838,3564.0,2020-05-08T04:00:00Z,1704,4031.65
4077.6,4272.0,3601.56,10438,3690.0,2020-05-11T04:00:00Z,964,3960.12
3843.6,4272.0,3745.2,12585,4044.0,2020-05-12T04:00:00Z,1008,4009.56
3642.0,3840.0,3372.0,8699,3828.0,2020-05-13T04:00:00Z,583,3620.44
3390.0,3542.4,3300.0,5445,3493.2,2020-05-14T04:00:00Z,273,3409.36
3225.6,3390.0,3120.0,4939,3390.0,2020-05-15T04:00:00Z,274,3227.9
3564.0,3632.4,3240.0,8063,3252.0,2020-05-18T04:00:00Z,513,3440.78
3944.4,4020.0,3322.8,12461,3480.0,2020-05-19T04:00:00Z,1375,3745.4
3853.2,4188.0,3648.0,12719,3960.0,2020-05-20T04:00:00Z,1001,3912.88
3716.4,3840.0,3624.0,5282,3830.4,2020-05-21T04:00:00Z,340,3704.08
4251.6,4590.0,3360.0,21419,3600.0,2020-05-22T04:00:00Z,2164,4161.82
4440.0,5026.8,4260.0,20398,4406.4,2020-05-26T04:00:00Z,1400,4702.73
4165.2,4526.4,3864.0,7562,4513.2,2020-05-27T04:00:00Z,480,4223.94
4093.2,4293.6,3900.0,4738,4080.0,2020-05-28T04:00:00Z,215,4115.87
3897.6,4260.0,3720.0,8063,3960.0,2020-05-29T04:00:00Z,537,4003.19
3950.4,4500.0,3852.0,12180,3914.4,2020-06-01T04:00:00Z,749,4188.85
4122.0,4320.0,3996.0,5323,4104.0,2020-06-02T04:00:00Z,298,4138.1
4138.8,4290.0,3984.0,5460,4116.0,2020-06-03T04:00:00Z,288,4113.52
4500.0,4977.6,4021.2,13774,4104.0,2020-06-04T04:00:00Z,1061,4460.32
4797.6,5281.2,4614.0,11235,4620.0,2020-06-05T04:00:00Z,765,4934.22
5139.6,5460.0,4797.6,12562,5246.4,2020-06-08T04:00:00Z,802,5152.24
9660.0,10440.0,5400.0,77067,5415.6,2020-06-09T04:00:00Z,5633,8317.37
6720.0,8270.4,6420.0,39462,7626.0,2020-06-10T04:00:00Z,2620,7139.27
5155.2,6360.0,5100.0,20022,5732.4,2020-06-11T04:00:00Z,1310,5550.94
5521.2,5880.0,5076.0,16400,5760.0,2020-06-12T04:00:00Z,1040,5487.14
5866.8,6478.8,5106.0,28398,5328.0,2020-06-15T04:00:00Z,1739,5883.95
6480.0,7224.0,6360.0,27428,7200.0,2020-06-16T04:00:00Z,1853,6788.54
6241.2,6960.0,5773.2,19481,6297.6,2020-06-17T04:00:00Z,1186,6339.76
6211.2,6540.0,5940.0,11240,6360.0,2020-06-18T04:00:00Z,596,6115.27
5950.8,6336.0,5784.0,9861,6001.2,2020-06-19T04:00:00Z,551,5986.98
5940.0,6156.0,5760.0,10370,6000.0,2020-06-22T04:00:00Z,548,5922.92
6592.8,6948.0,5799.6,24248,6120.0,2020-06-23T04:00:00Z,1683,6477.37
5821.2,6543.6,5520.0,17367,6543.6,2020-06-24T04:00:00Z,876,5923.86
6386.4,6576.0,5700.0,12223,6000.0,2020-06-25T04:00:00Z,639,6113.99
6446.4,6672.0,5761.2,12128,6660.0,2020-06-26T04:00:00Z,1268,6307.96
7140.0,8016.0,6360.0,33335,6600.0,2020-06-29T04:00:00Z,2818,7176.5
6650.4,7836.0,6253.2,34328,7320.0,2020-06-30T04:00:00Z,1936,7040.23
5356.8,5760.0,5280.0,20856,5701.2,2020-07-01T04:00:00Z,1188,5462.11
4719.6,5156.4,4620.0,14934,4968.0,2020-07-02T04:00:00Z,913,4813.13
5239.2,5426.4,4800.0,14353,4917.6,2020-07-06T04:00:00Z,953,5157.35
5349.6,5700.0,4824.0,10469,5160.0,2020-07-07T04:00:00Z,802,5277.02
5580.0,5760.0,5040.0,12186,5340.0,2020-07-08T04:00:00Z,1030,5482.62
5907.6,5988.0,5431.2,10298,5877.6,2020-07-09T04:00:00Z,645,5752.58
6300.0,6540.0,5648.4,19124,5940.0,2020-07-10T04:00:00Z,1267,6261.96
6108.0,6540.0,5894.4,12187,6360.0,2020-07-13T04:00:00Z,746,6272.95
6720.0,6958.8,5520.0,26816,6060.0,2020-07-14T04:00:00Z,2198,6256.0
6360.0,6826.8,6072.0,15951,6360.0,2020-07-15T04:00:00Z,1204,6420.47
6417.6,6756.0,6060.0,15724,6240.0,2020-07-16T04:00:00Z,1113,6480.54
6480.0,6804.0,6366.0,8951,6552.0,2020-07-17T04:00:00Z,589,6527.17
6282.0,6480.0,6156.0,7828,6360.0,2020-07-20T04:00:00Z,434,6309.89
6194.4,6420.0,5892.0,10029,6120.0,2020-07-21T04:00:00Z,732,6198.13
6330.0,6540.0,5988.0,9657,6310.8,2020-07-22T04:00:00Z,799,6257.45
6180.0,6408.0,6024.0,6779,6240.0,2020-07-23T04:00:00Z,473,6190.21
6025.2,6238.8,5905.2,4916,6120.0,2020-07-24T04:00:00Z,311,6017.68
5890.8,6060.0,5520.0,6866,6000.0,2020-07-27T04:00:00Z,452,5830.34
8040.0,9095.99,6132.0,109149,6456.0,2020-07-28T04:00:00Z,10341,8006.77
6480.0,7056.0,6180.0,26109,6792.0,2020-07-29T04:00:00Z,2121,6581.48
6060.0,6358.8,6000.0,9797,6301.2,2020-07-30T04:00:00Z,799,6108.31
6123.6,6592.8,6067.2,11262,6288.0,2020-07-31T04:00:00Z,855,6334.98
6060.0,6330.0,5940.0,7042,6240.0,2020-08-03T04:00:00Z,408,6105.55
6178.8,6360.0,5937.6,5950,6000.0,2020-08-04T04:00:00Z,308,6164.84
6187.2,6348.0,6067.2,5396,6103.2,2020-08-05T04:00:00Z,371,6174.36
6676.8,7320.0,6361.2,17000,6426.0,2020-08-06T04:00:00Z,1380,6848.88
7533.6,7896.0,6600.0,22366,6930.0,2020-08-07T04:00:00Z,1866,7398.24
7556.4,8400.0,7500.0,18276,7969.2,2020-08-10T04:00:00Z,1244,7924.96
6324.0,7195.2,6067.2,13499,7008.0,2020-08-11T04:00:00Z,1012,6682.25
6154.8,6588.0,6000.0,10465,6258.0,2020-08-12T04:00:00Z,574,6168.7
6151.2,6408.0,5940.0,7156,6000.0,2020-08-13T04:00:00Z,479,6165.22
5964.0,6120.0,5844.0,6591,6110.4,2020-08-14T04:00:00Z,399,5960.39
5846.4,6056.4,5760.0,5447,6000.0,2020-08-17T04:00:00Z,307,5876.15
5906.4,6000.0,5652.0,4317,6000.0,2020-08-18T04:00:00Z,293,5792.76
5846.4,6216.0,5760.0,5610,6145.2,2020-08-19T04:00:00Z,365,5924.11
5640.0,5820.0,5520.0,5328,5712.0,2020-08-20T04:00:00Z,312,5616.5
5421.6,5652.0,5155.2,5946,5640.0,2020-08-21T04:00:00Z,363,5370.9
5144.4,5256.0,4938.0,4686,5229.6,2020-08-24T04:00:00Z,298,5102.62
5451.6,5676.0,5040.0,4115,5263.2,2020-08-25T04:00:00Z,256,5390.68
5256.0,5460.0,5160.0,2350,5400.0,2020-08-26T04:00:00Z,145,5245.31
5425.2,5514.0,5160.0,3111,5222.4,2020-08-27T04:00:00Z,202,5336.98
5419.2,5422.8,5220.0,2527,5400.0,2020-08-28T04:00:00Z,123,5325.12
5134.8,5281.2,4980.0,4012,5280.0,2020-08-31T04:00:00Z,230,5084.33
4983.6,5353.2,4893.6,4001,5106.0,2020-09-01T04:00:00Z,317,5081.82
4894.8,5248.8,4788.0,4688,4956.0,2020-09-02T04:00:00Z,286,4980.14
4518.0,4894.8,4476.0,4427,4820.4,2020-09-03T04:00:00Z,239,4636.5
4222.8,4680.0,3961.2,4102,4560.0,2020-09-04T04:00:00Z,273,4220.35
4719.6,4784.4,3980.4,4448,4039.2,2020-09-08T04:00:00Z,232,4498.44
4634.4,4918.8,4462.8,3760,4800.0,2020-09-09T04:00:00Z,144,4650.34
4491.6,4680.0,4412.4,2106,4680.0,2020-09-10T04:00:00Z,132,4543.34
4380.0,4524.0,4258.8,2170,4440.0,2020-09-11T04:00:00Z,93,4377.19
4530.0,4674.0,4290.0,2273,4440.0,2020-09-14T04:00:00Z,106,4483.58
5461.2,6660.0,5173.2,81643,5520.0,2020-09-15T04:00:00Z,6164,6013.42
5175.6,5504.4,4861.2,12557,5280.0,2020-09-16T04:00:00Z,849,5144.44
5482.8,5700.0,5160.0,7512,5298.0,2020-09-17T04:00:00Z,521,5482.07
4989.6,5520.0,4989.6,5347,5400.0,2020-09-18T04:00:00Z,362,5158.14
4992.0,5220.0,4989.6,3499,5040.0,2020-09-21T04:00:00Z,176,5061.26
4855.2,5145.6,4681.2,3250,5005.2,2020-09-22T04:00:00Z,208,4816.58
4560.0,4854.0,4548.0,3426,4800.0,2020-09-23T04:00:00Z,189,4653.31
4467.6,4650.0,4234.8,3995,4440.0,2020-09-24T04:00:00Z,224,4402.44
4441.2,4618.8,4296.0,5264,4320.0,2020-09-25T04:00:00Z,197,4426.86
4440.0,4618.8,4440.0,5129,4498.8,2020-09-28T04:00:00Z,159,4516.09
4443.6,4560.0,4383.6,2055,4500.0,2020-09-29T04:00:00Z,86,4494.79
4616.4,4920.0,4459.21,4321,4500.0,2020-09-30T04:00:00Z,273,4673.77
4623.6,4800.0,4560.0,2609,4680.0,2020-10-01T04:00:00Z,119,4656.95
4568.4,4623.6,4332.0,1674,4560.0,2020-10-02T04:00:00Z,90,4508.32
4573.2,4666.8,4525.2,2026,4666.8,2020-10-05T04:00:00Z,92,4588.55
4399.2,4798.8,4374.0,4591,4560.0,2020-10-06T04:00:00Z,188,4527.67
4512.0,4639.2,4426.2,1807,4440.0,2020-10-07T04:00:00Z,112,4518.6
4578.0,4668.0,4513.2,1936,4560.0,2020-10-08T04:00:00Z,116,4594.14
5005.2,5124.0,4681.2,7203,4753.2,2020-10-09T04:00:00Z,509,4906.27
4777.2,5136.0,4716.0,3549,5040.0,2020-10-12T04:00:00Z,208,4902.36
4851.6,4999.2,4791.6,2247,4920.0,2020-10-13T04:00:00Z,119,4883.39
4825.2,4920.0,4680.0,2471,4920.0,2020-10-14T04:00:00Z,132,4812.95
4970.4,5130.0,4705.2,3782,4772.4,2020-10-15T04:00:00Z,210,4983.92
4975.2,5086.8,4920.0,1642,4988.4,2020-10-16T04:00:00Z,89,5013.02
5012.4,5272.8,4864.8,2983,4920.0,2020-10-19T04:00:00Z,170,5102.65
5400.0,5737.2,5085.6,5357,5085.6,2020-10-20T04:00:00Z,358,5368.52
5516.4,5856.0,5226.0,5229,5280.0,2020-10-21T04:00:00Z,352,5552.75
5346.0,5700.0,5178.0,2918,5521.2,2020-10-22T04:00:00Z,140,5419.25
5252.4,5520.0,5160.0,2119,5514.0,2020-10-23T04:00:00Z,90,5267.68
4897.2,5252.4,4800.0,2289,5145.6,2020-10-26T04:00:00Z,117,4939.18
4789.2,4968.0,4706.4,2022,4968.0,2020-10-27T04:00:00Z,95,4795.2
4576.8,4789.2,4564.8,2654,4680.0,2020-10-28T04:00:00Z,131,4695.36
4654.8,4728.0,4560.0,1839,4701.6,2020-10-29T04:00:00Z,72,4634.68
4500.0,4800.0,4369.2,2696,4680.0,2020-10-30T04:00:00Z,123,4522.55
4512.0,4558.8,4332.0,1818,4500.0,2020-11-02T05:00:00Z,79,4464.11
4634.4,4666.8,4474.8,1908,4564.8,2020-11-03T05:00:00Z,91,4547.42
4538.4,4776.0,4449.6,956,4776.0,2020-11-04T05:00:00Z,46,4569.47
4860.0,4860.0,4585.2,2594,4740.0,2020-11-05T05:00:00Z,90,4745.36
4752.0,4800.0,4659.6,1712,4796.4,2020-11-06T05:00:00Z,84,4730.06
5167.2,5304.0,4710.0,4904,4800.0,2020-11-09T05:00:00Z,316,5040.94
4524.0,4675.2,4380.0,3613,4620.0,2020-11-10T05:00:00Z,291,4504.94
4442.4,4674.0,4332.0,2547,4502.4,2020-11-11T05:00:00Z,148,4421.47
4326.0,4438.8,4201.2,4144,4435.2,2020-11-12T05:00:00Z,216,4314.79
4366.8,4441.2,4320.0,1978,4431.6,2020-11-13T05:00:00Z,86,4396.16
4306.8,4440.0,4093.2,2528,4338.0,2020-11-16T05:00:00Z,138,4286.23
4472.4,4506.0,4268.4,3020,4320.0,2020-11-17T05:00:00Z,131,4393.52
4359.6,4498.8,4320.0,2624,4440.0,2020-11-18T05:00:00Z,113,4393.55
4354.8,4584.0,4330.8,3703,4536.0,2020-11-19T05:00:00Z,183,4450.9
4400.4,4542.0,4320.0,3146,4404.0,2020-11-20T05:00:00Z,155,4415.41
4484.4,4608.0,4380.0,3582,4492.8,2020-11-23T05:00:00Z,199,4510.42
4468.8,4560.0,4380.0,3186,4551.6,2020-11-24T05:00:00Z,175,4476.14
4707.6,4800.0,4416.0,3390,4554.0,2020-11-25T05:00:00Z,253,4611.6
4785.6,5040.0,4666.8,2083,4920.0,2020-11-27T05:00:00Z,129,4871.06
4688.4,4918.8,4560.0,3542,4800.0,2020-11-30T05:00:00Z,170,4654.72
4656.0,4800.0,4620.0,1949,4800.0,2020-12-01T05:00:00Z,116,4689.53
4777.2,4800.0,4518.0,2375,4656.0,2020-12-02T05:00:00Z,89,4624.03
4616.4,4885.2,4567.2,2179,4681.2,2020-12-03T05:00:00Z,102,4698.66
4593.6,4788.0,4581.6,2231,4788.0,2020-12-04T05:00:00Z,101,4619.52
4638.0,4675.2,4560.0,1865,4581.6,2020-12-07T05:00:00Z,109,4588.9
4440.0,4545.59,4260.0,3373,4380.0,2020-12-08T05:00:00Z,295,4384.7
4369.2,4560.0,4318.8,3538,4546.8,2020-12-09T05:00:00Z,231,4420.43
4485.6,4548.0,4352.04,2654,4386.0,2020-12-10T05:00:00Z,135,4442.09
4443.6,4494.0,4394.4,1919,4449.6,2020-12-11T05:00:00Z,103,4445.1
4348.8,4438.8,4320.0,2722,4424.4,2020-12-14T05:00:00Z,113,4359.31
4297.2,4498.8,4093.2,2580,4498.8,2020-12-15T05:00:00Z,150,4275.12
4272.0,4318.8,4152.0,2743,4224.0,2020-12-16T05:00:00Z,143,4211.72
4354.8,4436.4,4273.2,6142,4320.0,2020-12-17T05:00:00Z,519,4356.88
5491.2,7741.2,5280.0,116165,6487.2,2020-12-18T05:00:00Z,8902,6456.74
5192.4,5400.0,4921.2,14905,5228.4,2020-12-21T05:00:00Z,819,5147.22
4822.8,4968.0,4680.0,7941,4887.6,2020-12-22T05:00:00Z,519,4803.19
5356.8,5720.4,4800.0,14950,4932.0,2020-12-23T05:00:00Z,1157,5315.16
5312.4,5820.0,5161.2,6958,5640.0,2020-12-24T05:00:00Z,464,5482.2
5028.0,5520.0,4872.0,7575,5485.2,2020-12-28T05:00:00Z,453,5124.37
5017.2,5280.0,4620.0,8610,5258.4,2020-12-29T05:00:00Z,502,4892.14
5196.0,5520.0,5100.0,14928,5472.0,2020-12-30T05:00:00Z,892,5286.77
4983.6,5196.0,4837.2,5278,5160.0,2020-12-31T05:00:00Z,304,4986.96
5556.0,5603.99,4728.0,9773,4980.0,2021-01-04T05:00:00Z,599,5332.26
5802.0,6093.6,5401.2,13838,5456.4,2021-01-05T05:00:00Z,879,5845.31
5676.0,6360.0,5652.0,15532,5940.0,2021-01-06T05:00:00Z,896,6028.81
6090.0,6348.0,5899.2,11495,6240.0,2021-01-07T05:00:00Z,729,6059.36
6096.0,6240.0,5899.2,11056,6096.0,2021-01-08T05:00:00Z,610,6050.34
6900.0,7272.0,6298.8,25338,6360.0,2021-01-11T05:00:00Z,1508,6869.75
7599.6,8520.0,7320.0,42246,7695.6,2021-01-12T05:00:00Z,2408,7780.81
11239.2,13800.0,9000.0,288202,9840.0,2021-01-13T05:00:00Z,19153,11771.6
9324.0,10260.0,9000.0,57616,10198.8,2021-01-14T05:00:00Z,3811,9595.62
9936.0,10620.0,9240.0,44943,10140.0,2021-01-15T05:00:00Z,2267,9943.36
12480.0,12600.0,9960.0,57686,10080.0,2021-01-19T05:00:00Z,3712,11412.52
12840.0,13560.0,11276.4,35616,13440.0,2021-01-20T05:00:00Z,2042,12338.36
12000.0,12300.0,11430.0,14823,12000.0,2021-01-21T05:00:00Z,816,12039.53
12360.0,12480.0,11436.0,16089,11520.0,2021-01-22T05:00:00Z,681,12090.84
10484.4,11820.0,9828.0,47377,10018.8,2021-01-25T05:00:00Z,2757,10613.94
10040.0,10400.0,9080.0,20566,9666.8,2021-01-26T05:00:00Z,1436,9741.46
8760.0,9560.4,8600.0,16219,9160.0,2021-01-27T05:00:00Z,1135,9050.0
8400.0,9000.0,8120.0,10855,8440.0,2021-01-28T05:00:00Z,658,8540.81
8600.0,8880.0,7880.0,11284,8259.2,2021-01-29T05:00:00Z,701,8315.7
8280.0,8600.0,7800.0,9959,8195.2,2021-02-01T05:00:00Z,599,8212.42
8520.0,8600.0,7920.0,7039,8320.0,2021-02-02T05:00:00Z,434,8291.04
9760.0,10140.0,8760.0,13843,8910.0,2021-02-03T05:00:00Z,1140,9487.47
10200.0,10760.0,9800.0,9546,10120.0,2021-02-04T05:00:00Z,682,10279.33
12000.0,12326.8,10320.0,14313,10680.0,2021-02-05T05:00:00Z,1133,11459.21
11640.0,11760.0,10800.0,9065,11454.0,2021-02-08T05:00:00Z,573,11442.0
11520.0,12000.0,11240.0,7299,11400.0,2021-02-09T05:00:00Z,526,11727.51
11720.0,12680.0,10840.0,8548,12560.0,2021-02-10T05:00:00Z,590,11783.37
10880.0,11760.0,10520.0,6835,11720.0,2021-02-11T05:00:00Z,620,11133.4
10960.0,11310.8,10472.4,4280,10800.0,2021-02-12T05:00:00Z,290,10836.94
10920.0,11207.6,10568.8,4853,11207.6,2021-02-16T05:00:00Z,307,10921.44
10280.0,10840.0,10000.0,3848,10840.0,2021-02-17T05:00:00Z,298,10390.15
9880.0,10974.8,9600.0,4443,10933.2,2021-02-18T05:00:00Z,376,10068.6
10360.0,10680.0,9920.0,3480,10000.0,2021-02-19T05:00:00Z,197,10338.75
9560.0,10360.0,9320.0,3546,10280.0,2021-02-22T05:00:00Z,236,9929.41
8800.0,9021.6,7960.0,4270,9021.6,2021-02-23T05:00:00Z,332,8607.81
9360.0,9880.0,9000.0,2593,9120.8,2021-02-24T05:00:00Z,186,9510.6
8760.0,9720.0,8640.0,3196,9680.0,2021-02-25T05:00:00Z,202,9093.62
8640.0,9758.4,8400.0,3678,8960.0,2021-02-26T05:00:00Z,400,8861.45
8960.0,9200.0,8772.0,2214,8840.0,2021-03-01T05:00:00Z,148,8937.85
9160.0,9680.0,8760.0,8818,9080.0,2021-03-02T05:00:00Z,1258,9224.32
8280.0,9036.0,8240.0,3243,8800.0,2021-03-03T05:00:00Z,295,8536.75
6440.0,8340.0,6280.0,7761,8200.0,2021-03-04T05:00:00Z,866,6983.25
6920.0,7120.0,6200.0,4687,6920.0,2021-03-05T05:00:00Z,353,6700.66
6600.0,7440.0,6520.0,3384,7360.0,2021-03-08T05:00:00Z,233,6879.59
18440.0,22000.0,9320.0,1347592,9880.0,2021-03-09T05:00:00Z,118784,16612.6
16680.0,31280.0,16000.0,455106,24320.0,2021-03-10T05:00:00Z,31260,22679.61
16120.0,16520.0,14080.0,50021,15320.0,2021-03-11T05:00:00Z,3474,15064.02
15740.0,16280.0,14400.0,19193,14620.8,2021-03-12T05:00:00Z,1503,15313.54
15040.0,15880.0,14840.0,12763,15360.0,2021-03-15T04:00:00Z,804,15372.08
12000.0,12960.0,11640.0,31367,12454.0,2021-03-16T04:00:00Z,2736,12303.92
12080.0,12760.0,11440.0,16346,11480.0,2021-03-17T04:00:00Z,1391,12218.97
11360.0,12040.0,11080.0,17296,12000.0,2021-03-18T04:00:00Z,1013,11494.84
11280.0,11560.0,11040.0,11558,11520.0,2021-03-19T04:00:00Z,763,11255.73
10640.0,11240.0,10360.0,11405,11240.0,2021-03-22T04:00:00Z,821,10776.69
9680.0,10400.0,9400.0,11611,10360.0,2021-03-23T04:00:00Z,999,9810.1
8800.0,9800.0,8800.0,7848,9760.0,2021-03-24T04:00:00Z,585,9342.05
9880.0,9960.0,8720.0,11767,8800.0,2021-03-25T04:00:00Z,876,9414.66
9440.0,10000.0,8920.0,7815,9920.0,2021-03-26T04:00:00Z,557,9405.76
8640.0,9320.0,8520.0,5568,9280.0,2021-03-29T04:00:00Z,344,8859.3
8800.0,8920.0,8280.0,4131,8600.0,2021-03-30T04:00:00Z,280,8616.01
8720.0,9200.0,8640.0,3866,8840.0,2021-03-31T04:00:00Z,277,8865.48
8840.0,9360.0,8760.0,4543,9160.0,2021-04-01T04:00:00Z,385,9025.88
8720.0,9120.0,8520.0,5187,9120.0,2021-04-05T04:00:00Z,384,8741.07
9360.0,10000.0,8640.0,9829,8796.4,2021-04-06T04:00:00Z,791,9356.85
8880.0,9640.0,8688.8,5003,9535.2,2021-04-07T04:00:00Z,396,9057.05
9040.0,9160.0,8660.0,4052,8840.0,2021-04-08T04:00:00Z,255,8926.19
8680.0,8960.0,8680.0,2700,8880.0,2021-04-09T04:00:00Z,191,8768.12
8240.0,8680.0,7800.0,6817,8680.0,2021-04-12T04:00:00Z,558,8114.14
8120.0,8320.0,8000.0,3188,8040.0,2021-04-13T04:00:00Z,189,8152.99
7960.0,8436.8,7880.0,4244,8160.0,2021-04-14T04:00:00Z,249,8158.26
7640.0,8079.6,7200.0,7082,8040.0,2021-04-15T04:00:00Z,592,7533.65
7280.0,7480.0,7120.0,5398,7360.0,2021-04-16T04:00:00Z,333,7303.06
7240.0,7440.0,6980.0,3686,7160.0,2021-04-19T04:00:00Z,208,7215.11
6880.0,7320.0,6760.0,2954,7160.0,2021-04-20T04:00:00Z,212,6962.81
7480.0,7480.0,6840.0,3136,7040.0,2021-04-21T04:00:00Z,227,7220.14
7680.0,7940.0,7340.0,4819,7480.0,2021-04-22T04:00:00Z,425,7685.0
7680.0,8080.0,7600.0,2991,7920.0,2021-04-23T04:00:00Z,230,7803.49
8320.0,8480.0,7680.0,3778,7680.0,2021-04-26T04:00:00Z,258,8088.99
8200.0,8560.0,8040.0,2679,8560.0,2021-04-27T04:00:00Z,168,8207.73
8160.0,8240.0,7880.0,2558,8200.0,2021-04-28T04:00:00Z,149,8085.86
7960.0,8349.2,7637.6,3686,8320.0,2021-04-29T04:00:00Z,232,7876.27
7800.0,8040.0,7720.0,3033,7840.0,2021-04-30T04:00:00Z,182,7867.49
7800.0,7960.0,7360.0,4568,7800.0,2021-05-03T04:00:00Z,348,7629.53
7560.0,7640.0,7000.0,4001,7560.0,2021-05-04T04:00:00Z,296,7359.62
7160.0,7474.4,7040.0,2424,7461.2,2021-05-05T04:00:00Z,177,7242.74
6680.0,7200.0,6640.0,2915,7200.0,2021-05-06T04:00:00Z,177,6826.36
6680.0,7200.0,6620.0,3262,6720.0,2021-05-07T04:00:00Z,256,6881.5
6200.0,7080.0,6080.0,5332,7079.2,2021-05-10T04:00:00Z,374,6413.28
6200.0,6480.0,5840.0,2769,6000.0,2021-05-11T04:00:00Z,212,6149.87
5920.0,6200.0,5840.0,2688,6200.0,2021-05-12T04:00:00Z,200,5989.36
5840.0,6080.0,5080.0,7553,6080.0,2021-05-13T04:00:00Z,597,5554.81
6380.0,6560.0,5720.0,5358,5800.0,2021-05-14T04:00:00Z,397,6146.25
6280.0,6400.0,6040.0,2919,6360.0,2021-05-17T04:00:00Z,155,6188.0
6440.0,6600.0,6120.0,3097,6200.0,2021-05-18T04:00:00Z,199,6451.59
6200.0,6400.0,6040.0,4487,6160.0,2021-05-19T04:00:00Z,263,6182.66
6400.0,6520.0,6000.0,4433,6160.0,2021-05-20T04:00:00Z,241,6211.82
6520.0,6560.0,6200.0,3696,6400.0,2021-05-21T04:00:00Z,183,6366.02
6240.0,6600.0,6040.0,5178,6600.0,2021-05-24T04:00:00Z,307,6262.04
6120.0,6322.4,6040.0,3769,6200.0,2021-05-25T04:00:00Z,185,6142.53
6280.0,6480.0,5800.0,9297,6080.0,2021-05-26T04:00:00Z,628,6073.0
6400.0,6500.0,6040.4,5857,6320.0,2021-05-27T04:00:00Z,330,6340.52
6200.0,6400.0,6080.0,6680,6320.0,2021-05-28T04:00:00Z,414,6196.78
6280.0,6880.0,6120.0,20419,6520.0,2021-06-01T04:00:00Z,1582,6373.52
6880.0,7080.0,6360.0,25259,6640.0,2021-06-02T04:00:00Z,1942,6674.46
6240.0,6840.0,6200.0,9938,6760.0,2021-06-03T04:00:00Z,883,6359.0
6080.0,6440.0,6000.0,4975,6440.0,2021-06-04T04:00:00Z,1269,6179.63
6240.0,6280.0,6040.0,5152,6120.0,2021-06-07T04:00:00Z,444,6185.34
6280.0,6520.0,6080.0,7956,6440.0,2021-06-08T04:00:00Z,978,6218.06
6800.0,7280.0,6360.0,18291,6680.0,2021-06-09T04:00:00Z,2385,6721.0
6760.0,8480.0,6720.0,36751,8100.0,2021-06-10T04:00:00Z,5324,7488.82
6480.0,7000.0,6400.0,13162,6860.0,2021-06-11T04:00:00Z,1689,6631.52
6120.0,6480.0,6120.0,8865,6280.0,2021-06-14T04:00:00Z,1383,6238.16
5920.0,6240.0,5820.0,7947,6160.0,2021-06-15T04:00:00Z,1264,5929.89
5720.0,6000.0,5520.0,8198,6000.0,2021-06-16T04:00:00Z,873,5698.28
5480.0,5880.0,5440.0,7180,5600.0,2021-06-17T04:00:00Z,799,5615.16
5120.0,5560.0,5120.0,5783,5480.0,2021-06-18T04:00:00Z,816,5265.9
5400.0,5480.0,4920.0,6364,5120.0,2021-06-21T04:00:00Z,755,5188.61
5280.0,5400.0,5240.0,3799,5320.0,2021-06-22T04:00:00Z,311,5318.18
5360.0,5600.0,5120.0,8296,5324.0,2021-06-23T04:00:00Z,825,5270.58
5280.0,5480.0,5140.0,6281,5403.2,2021-06-24T04:00:00Z,690,5333.13
5560.0,5760.0,5160.0,9304,5280.0,2021-06-25T04:00:00Z,1410,5505.98
5880.0,6040.0,5560.4,14992,5600.0,2021-06-28T04:00:00Z,2018,5829.82
9360.0,10320.0,7520.0,615708,8880.0,2021-06-29T04:00:00Z,101179,8738.38
9560.0,12440.0,8600.0,732341,11120.0,2021-06-30T04:00:00Z,111773,10329.36
8480.0,8960.0,7880.0,134441,8760.0,2021-07-01T04:00:00Z,22116,8446.22
7520.0,8280.0,7280.0,74635,8080.0,2021-07-02T04:00:00Z,12539,7623.59
10720.0,10760.0,7520.0,257954,8000.0,2021-07-06T04:00:00Z,42805,9215.44
13160.0,13360.0,9040.0,493595,10040.0,2021-07-07T04:00:00Z,84536,11504.42
11200.0,15480.0,10520.0,558201,10720.0,2021-07-08T04:00:00Z,86504,13623.06
11640.0,13400.0,10480.0,279420,12380.0,2021-07-09T04:00:00Z,44522,11956.61
13880.0,14520.0,11920.0,413121,12760.0,2021-07-12T04:00:00Z,64000,13278.3
17360.0,21800.0,14000.0,1183453,14280.0,2021-07-13T04:00:00Z,128874,18480.09
16000.0,21520.0,15680.0,653665,20360.0,2021-07-14T04:00:00Z,74142,18052.06
13200.0,15200.0,12640.0,260642,15120.0,2021-07-15T04:00:00Z,33143,13728.94
13080.0,16200.0,13000.0,303391,15080.0,2021-07-16T04:00:00Z,38499,14624.17
12200.0,12840.0,11640.0,136751,12560.0,2021-07-19T04:00:00Z,16402,12105.53
11000.0,11600.0,10120.0,122607,11600.0,2021-07-20T04:00:00Z,18460,10900.42
11680.0,12520.0,10840.0,115258,10880.0,2021-07-21T04:00:00Z,17613,11882.02
10440.0,11560.0,10400.0,66483,11320.0,2021-07-22T04:00:00Z,8020,10797.5
9720.0,10120.0,9240.0,56892,10120.0,2021-07-23T04:00:00Z,7240,9620.7
9840.0,10520.0,8920.0,57221,9000.0,2021-07-26T04:00:00Z,6327,9973.93
10480.0,12360.0,10320.0,227265,11400.0,2021-07-27T04:00:00Z,32231,11349.65
10320.0,10920.0,10040.0,53243,10600.0,2021-07-28T04:00:00Z,6953,10356.01
10400.0,10760.0,10080.0,35947,10360.0,2021-07-29T04:00:00Z,4229,10363.75
10520.0,10720.0,10200.0,27420,10360.0,2021-07-30T04:00:00Z,3318,10464.77
11360.0,12125.6,10720.0,80010,11000.0,2021-08-02T04:00:00Z,10255,11477.54
12880.0,13200.0,11800.0,141559,12040.0,2021-08-03T04:00:00Z,19628,12586.92
12280.0,14160.0,11840.0,128222,13400.0,2021-08-04T04:00:00Z,16056,12957.1
12080.0,12640.0,11800.0,54519,12360.0,2021-08-05T04:00:00Z,5596,12163.48
12880.0,13080.0,11340.0,69797,12000.0,2021-08-06T04:00:00Z,8345,12259.33
12240.0,13420.0,12080.0,69950,12760.0,2021-08-09T04:00:00Z,7770,12752.22
11400.0,12600.0,11320.0,66982,11760.0,2021-08-10T04:00:00Z,7838,11848.48
12480.0,12917.2,11520.0,96100,11560.0,2021-08-11T04:00:00Z,14068,12384.88
11840.0,12480.0,11720.0,38273,12320.0,2021-08-12T04:00:00Z,3989,11956.36
10640.0,12000.0,10640.0,55151,11900.0,2021-08-13T04:00:00Z,6486,11196.82
10400.0,11080.0,10300.0,34747,10760.0,2021-08-16T04:00:00Z,3549,10617.92
9400.0,10160.0,9320.0,46690,10160.0,2021-08-17T04:00:00Z,6455,9584.0
9280.0,9920.0,9040.0,34144,9440.0,2021-08-18T04:00:00Z,4706,9453.52
8920.0,9440.0,8920.0,28454,9035.6,2021-08-19T04:00:00Z,2858,9151.84
9000.0,9240.0,8520.0,22247,8960.0,2021-08-20T04:00:00Z,2564,8987.07
8920.0,9280.0,8680.0,29737,9046.0,2021-08-23T04:00:00Z,4100,8954.88
9040.0,9440.0,8720.0,30772,8880.0,2021-08-24T04:00:00Z,4601,9067.94
9120.0,9280.0,8960.0,22939,9120.0,2021-08-25T04:00:00Z,2632,9136.01
8600.0,9680.0,8600.0,33017,9080.0,2021-08-26T04:00:00Z,4876,9083.24
9680.0,10360.0,8680.0,74473,8760.0,2021-08-27T04:00:00Z,11667,9442.88
9200.0,10520.0,9120.0,54649,10080.0,2021-08-30T04:00:00Z,7777,9706.8
10360.0,10720.0,8920.0,98567,9280.0,2021-08-31T04:00:00Z,18589,9973.3
10280.0,10740.0,10040.0,59980,10520.0,2021-09-01T04:00:00Z,9895,10354.99
10240.0,10880.0,9840.0,53477,10360.0,2021-09-02T04:00:00Z,8318,10366.52
10360.0,10600.0,10120.0,29756,10160.0,2021-09-03T04:00:00Z,4055,10332.11
9960.0,10720.0,9960.0,34260,10360.0,2021-09-07T04:00:00Z,5167,10345.04
9240.0,9840.0,9040.0,40056,9800.0,2021-09-08T04:00:00Z,6243,9327.35
9200.0,9440.0,9040.0,24532,9085.2,2021-09-09T04:00:00Z,4002,9253.64
8880.0,9400.0,8840.0,25313,9200.0,2021-09-10T04:00:00Z,3907,9070.43
8720.0,9080.0,8560.0,23829,9080.0,2021-09-13T04:00:00Z,3477,8802.17
8360.0,8920.0,8160.0,31526,8680.0,2021-09-14T04:00:00Z,4202,8543.36
8240.0,8560.0,8120.0,23720,8325.2,2021-09-15T04:00:00Z,3676,8296.48
8400.0,8640.0,8240.0,17551,8280.0,2021-09-16T04:00:00Z,2612,8459.43
8200.0,8520.0,8160.0,16584,8320.0,2021-09-17T04:00:00Z,3902,8249.05
7480.0,8020.0,7280.0,35683,7840.0,2021-09-20T04:00:00Z,4943,7604.52
7720.0,7920.0,7560.0,21182,7680.0,2021-09-21T04:00:00Z,3266,7746.81
8040.0,8360.0,7900.0,30948,8180.4,2021-09-22T04:00:00Z,4552,8120.41
8560.0,8560.0,7920.0,21196,8084.8,2021-09-23T04:00:00Z,3525,8259.85
8000.0,8400.0,7880.0,22026,8280.0,2021-09-24T04:00:00Z,3310,8088.28
8280.0,8520.0,7760.0,21679,8000.0,2021-09-27T04:00:00Z,3085,8238.99
7760.0,8320.0,7620.0,24217,8120.0,2021-09-28T04:00:00Z,3177,7871.2
7440.0,7960.0,7400.0,20004,7840.0,2021-09-29T04:00:00Z,2645,7650.68
7760.0,7880.0,7120.0,27235,7360.0,2021-09-30T04:00:00Z,4375,7498.6
7600.0,7760.0,7320.0,17386,7640.0,2021-10-01T04:00:00Z,2002,7494.25
6960.0,7511.6,6920.0,21542,7511.6,2021-10-04T04:00:00Z,3397,7138.13
7000.0,7320.0,6720.0,15855,6885.6,2021-10-05T04:00:00Z,2751,7065.36
6800.0,7000.0,6680.0,14907,6724.8,2021-10-06T04:00:00Z,1899,6829.76
6760.0,6880.0,6680.0,11419,6800.0,2021-10-07T04:00:00Z,1949,6788.01
6600.0,6840.0,6600.0,12541,6720.0,2021-10-08T04:00:00Z,1836,6689.73
6600.0,6960.0,6560.0,13402,6640.0,2021-10-11T04:00:00Z,1901,6755.21
6680.0,6840.0,6560.0,16445,6637.2,2021-10-12T04:00:00Z,2511,6737.88
6840.0,6920.0,6520.0,13591,6720.0,2021-10-13T04:00:00Z,1794,6737.52
6720.0,7040.0,6680.0,12214,6793.6,2021-10-14T04:00:00Z,1788,6855.48
6800.0,7080.0,6720.0,16598,6874.8,2021-10-15T04:00:00Z,2700,6856.21
6760.0,6919.6,6600.0,16893,6720.0,2021-10-18T04:00:00Z,2946,6763.09
6680.0,6800.0,6560.0,14998,6729.2,2021-10-19T04:00:00Z,2369,6668.22
6640.0,6760.0,6560.0,11396,6634.8,2021-10-20T04:00:00Z,1783,6640.99
6520.0,6720.0,6520.0,13111,6578.0,2021-10-21T04:00:00Z,2489,6601.16
6000.0,6280.0,5840.0,20831,6240.0,2021-10-22T04:00:00Z,6649,6085.66
9080.0,9520.0,6040.0,169960,6160.0,2021-10-25T04:00:00Z,32736,7752.76
7680.0,8480.0,7480.0,106314,8280.0,2021-10-26T04:00:00Z,18161,7841.08
6800.0,7760.0,6720.0,40942,7480.0,2021-10-27T04:00:00Z,7231,7048.28
7240.0,7960.0,6680.0,83116,6800.0,2021-10-28T04:00:00Z,15028,7540.34
7520.0,8360.0,7320.0,74083,7840.0,2021-10-29T04:00:00Z,11994,7729.77
8240.0,8360.0,7560.0,45266,7720.0,2021-11-01T04:00:00Z,7156,8015.37
8240.0,8600.0,7840.0,37416,8120.0,2021-11-02T04:00:00Z,6470,8181.35
8120.0,8320.0,7920.0,20092,8120.0,2021-11-03T04:00:00Z,2924,8096.87
8020.0,8240.0,7840.0,19921,8040.0,2021-11-04T04:00:00Z,2987,8044.16
7100.0,7720.0,7040.0,39535,7680.0,2021-11-05T04:00:00Z,7083,7274.39
6800.0,7160.0,6720.0,27118,7120.0,2021-11-08T05:00:00Z,4780,6894.56
6400.0,6680.0,6240.0,29594,6660.0,2021-11-09T05:00:00Z,4503,6411.85
6400.0,6480.0,6120.0,23646,6400.0,2021-11-10T05:00:00Z,3569,6318.66
6400.0,6440.0,6240.0,13826,6340.0,2021-11-11T05:00:00Z,2174,6377.16
6520.0,6560.0,6240.0,16504,6440.0,2021-11-12T05:00:00Z,3895,6404.46
6240.0,6880.0,6160.0,23531,6640.0,2021-11-15T05:00:00Z,4712,6443.61
6320.0,6360.0,5920.4,19799,6240.0,2021-11-16T05:00:00Z,3325,6122.98
6040.0,6320.0,5960.0,17725,6280.0,2021-11-17T05:00:00Z,7848,6090.09
5640.0,6580.0,5560.0,35826,6360.0,2021-11-18T05:00:00Z,6714,5922.9
5480.0,5760.0,5360.0,18867,5640.0,2021-11-19T05:00:00Z,3607,5508.45
5200.0,5640.0,5040.0,20277,5640.0,2021-11-22T05:00:00Z,3145,5244.4
5280.0,5600.0,5080.0,20343,5240.0,2021-11-23T05:00:00Z,3640,5289.2
5560.0,5680.0,5240.0,13635,5400.0,2021-11-24T05:00:00Z,2464,5533.13
5560.0,5560.0,5240.0,7505,5400.0,2021-11-26T05:00:00Z,1400,5342.27
5360.0,5568.0,5160.0,11529,5480.0,2021-11-29T05:00:00Z,1910,5326.24
5080.0,5360.0,4840.0,17187,5240.0,2021-11-30T05:00:00Z,3086,5066.56
4560.0,5120.0,4520.0,19999,5080.0,2021-12-01T05:00:00Z,3424,4801.21
4720.0,4800.0,4480.0,11751,4600.0,2021-12-02T05:00:00Z,1945,4663.85
4360.0,4760.0,4280.0,21319,4760.0,2021-12-03T05:00:00Z,3136,4414.44
4280.0,4440.0,4200.0,16484,4440.0,2021-12-06T05:00:00Z,2679,4278.4
4560.0,4680.0,4360.0,15469,4400.0,2021-12-07T05:00:00Z,3058,4587.21
5040.0,5440.0,4880.0,68168,5320.0,2021-12-08T05:00:00Z,24128,5133.78
4880.0,5360.0,4840.0,22444,5114.8,2021-12-09T05:00:00Z,5442,5052.1
4960.0,5120.0,4880.0,13658,4920.0,2021-12-10T05:00:00Z,2673,4971.08
4720.0,5160.0,4640.0,13073,5126.0,2021-12-13T05:00:00Z,2393,4799.53
4640.0,4760.0,4600.0,12819,4720.0,2021-12-14T05:00:00Z,2077,4671.06
4520.0,4600.0,4280.0,19753,4600.0,2021-12-15T05:00:00Z,4005,4446.93
4440.0,4679.6,4320.0,17601,4600.0,2021-12-16T05:00:00Z,2816,4483.72
4320.0,4520.0,4200.0,11899,4318.8,2021-12-17T05:00:00Z,2652,4368.75
4160.0,4280.0,4080.0,13287,4250.8,2021-12-20T05:00:00Z,2713,4152.68
4240.0,4360.0,4200.0,13049,4280.0,2021-12-21T05:00:00Z,2675,4283.5
4360.0,4560.0,4240.0,17515,4240.0,2021-12-22T05:00:00Z,3354,4421.36
4280.0,4440.0,4200.0,15136,4440.0,2021-12-23T05:00:00Z,2673,4276.47
4000.0,4320.0,3880.4,25297,4280.0,2021-12-27T05:00:00Z,4526,4038.44
3704.0,3960.0,3660.0,25049,3930.0,2021-12-28T05:00:00Z,3742,3759.9
3550.0,3746.8,3420.0,27552,3720.0,2021-12-29T05:00:00Z,3848,3529.63
3586.0,3738.8,3480.0,26162,3551.2,2021-12-30T05:00:00Z,3477,3615.12
3509.6,3600.0,3448.4,23829,3600.0,2021-12-31T05:00:00Z,2877,3500.59
3512.8,3590.0,3400.0,17004,3560.4,2022-01-03T05:00:00Z,2237,3498.38
3324.0,3546.8,3300.0,16991,3540.0,2022-01-04T05:00:00Z,2817,3369.56
2960.4,3334.8,2902.8,28146,3329.2,2022-01-05T05:00:00Z,4484,3070.36
2810.8,3058.8,2800.0,21983,3040.4,2022-01-06T05:00:00Z,2887,2894.09
2804.0,2918.4,2724.0,16163,2822.8,2022-01-07T05:00:00Z,2153,2819.6
2649.2,2804.0,2592.6,23842,2800.0,2022-01-10T05:00:00Z,3192,2632.18
2594.8,2718.4,2540.4,24073,2679.2,2022-01-11T05:00:00Z,4264,2658.34
2410.0,2599.2,2327.6,54223,2588.0,2022-01-12T05:00:00Z,20447,2418.49
2200.8,2439.2,2180.0,37884,2438.8,2022-01-13T05:00:00Z,6458,2271.77
2034.0,2179.6,2022.8,32412,2148.4,2022-01-14T05:00:00Z,6467,2076.89
2007.2,2144.0,2000.0,25814,2080.0,2022-01-18T05:00:00Z,5450,2048.82
1887.2,2079.6,1880.0,26717,2078.4,2022-01-19T05:00:00Z,5514,1936.53
1808.0,1944.0,1800.0,29314,1912.0,2022-01-20T05:00:00Z,7119,1855.94
1591.6,1800.8,1565.6,35562,1792.0,2022-01-21T05:00:00Z,7615,1657.92
1654.8,1720.0,1380.0,47278,1519.6,2022-01-24T05:00:00Z,9772,1528.3
2200.0,2450.4,1620.0,158398,1655.6,2022-01-25T05:00:00Z,45691,2197.33
2560.0,3000.0,2404.0,233585,2834.8,2022-01-26T05:00:00Z,67363,2772.46
2178.4,2455.2,2142.0,55892,2440.0,2022-01-27T05:00:00Z,16121,2271.74
2517.6,2517.6,2216.0,58625,2216.0,2022-01-28T05:00:00Z,15333,2350.74
2712.0,2791.6,2460.0,57854,2558.0,2022-01-31T05:00:00Z,18663,2692.95
3439.6,3498.8,2600.0,116822,2679.6,2022-02-01T05:00:00Z,36713,3108.84
3160.4,3822.0,3060.0,134241,3204.0,2022-02-02T05:00:00Z,41330,3495.65
3136.0,3467.6,3000.0,70694,3136.0,2022-02-03T05:00:00Z,21503,3212.61
3230.4,3342.8,3120.0,51234,3210.0,2022-02-04T05:00:00Z,13720,3225.49
3375.2,3739.6,3280.0,74490,3600.0,2022-02-07T05:00:00Z,20202,3445.42
3265.2,3560.0,3138.4,37256,3420.0,2022-02-08T05:00:00Z,10414,3349.75
3260.0,3350.0,3080.4,28642,3232.0,2022-02-09T05:00:00Z,7913,3238.38
2995.2,3237.6,2965.6,31198,3127.2,2022-02-10T05:00:00Z,8464,3097.89
2652.4,2942.0,2640.0,37875,2940.0,2022-02-11T05:00:00Z,9021,2771.11
2920.0,3000.0,2600.0,36419,2600.0,2022-02-14T05:00:00Z,9727,2873.1
2945.6,3035.6,2860.0,21099,3032.0,2022-02-15T05:00:00Z,5299,2950.68
2914.8,2956.8,2840.0,13958,2882.0,2022-02-16T05:00:00Z,2995,2904.39
3068.0,3440.0,2880.0,69442,2880.0,2022-02-17T05:00:00Z,16751,3233.09
3144.4,3240.0,2933.6,28561,3193.2,2022-02-18T05:00:00Z,6800,3085.99
2780.4,3027.6,2760.0,28911,2880.0,2022-02-22T05:00:00Z,6444,2878.65
2760.4,2919.6,2692.8,21948,2916.0,2022-02-23T05:00:00Z,4286,2795.77
2810.0,2840.0,2480.0,25528,2528.4,2022-02-24T05:00:00Z,5727,2641.63
2744.8,2791.6,2644.0,19364,2776.0,2022-02-25T05:00:00Z,3780,2717.77
2588.0,2717.6,2560.0,17310,2600.0,2022-02-28T05:00:00Z,3713,2617.44
2435.6,2624.0,2392.0,19783,2604.0,2022-03-01T05:00:00Z,4429,2466.32
2660.0,2788.0,2335.2,22411,2468.8,2022-03-02T05:00:00Z,4719,2582.5
2507.6,2660.0,2498.0,11556,2631.6,2022-03-03T05:00:00Z,2271,2564.99
2546.0,2548.4,2433.6,12811,2460.0,2022-03-04T05:00:00Z,2156,2501.27
2536.0,2771.6,2520.0,27519,2520.0,2022-03-07T05:00:00Z,5929,2650.0
2500.4,2540.0,2280.4,23477,2444.0,2022-03-08T05:00:00Z,5069,2429.44
3080.0,3080.0,2560.0,35856,2560.0,2022-03-09T05:00:00Z,10498,2840.23
3404.4,3780.4,2904.0,68576,3040.0,2022-03-10T05:00:00Z,20653,3457.3
2292.0,3112.0,2216.0,74668,3034.8,2022-03-11T05:00:00Z,21565,2547.31
1960.4,2584.0,1928.8,67798,2560.0,2022-03-14T04:00:00Z,14684,2176.61
1900.0,2140.0,1898.0,35352,2068.0,2022-03-15T04:00:00Z,12819,1994.09
2028.0,2108.0,1920.4,38621,1956.0,2022-03-16T04:00:00Z,11562,2011.96
2004.0,2056.0,1940.0,30013,2000.0,2022-03-17T04:00:00Z,8935,1988.62
2010.0,2100.0,1928.0,38006,1991.2,2022-03-18T04:00:00Z,14832,2008.87
2016.4,2189.6,1972.4,49408,2062.0,2022-03-21T04:00:00Z,14214,2052.35
2002.8,2055.6,1998.0,34093,2033.6,2022-03-22T04:00:00Z,10715,2010.16
1880.0,1979.6,1800.0,44305,1958.8,2022-03-23T04:00:00Z,10943,1890.75
1820.0,1940.0,1819.2,31792,1920.0,2022-03-24T04:00:00Z,8302,1858.7
1624.8,1728.0,1600.0,42092,1721.2,2022-03-25T04:00:00Z,12651,1648.99
1753.6,1788.0,1660.0,32751,1720.0,2022-03-28T04:00:00Z,9271,1724.42
1760.0,1840.0,1720.0,24071,1773.2,2022-03-29T04:00:00Z,6850,1780.04
1708.8,1801.6,1700.0,20314,1793.2,2022-03-30T04:00:00Z,4902,1742.25
1664.8,1708.4,1640.0,18198,1704.4,2022-03-31T04:00:00Z,20957,1673.28
1702.0,1920.4,1680.0,66194,1880.0,2022-04-01T04:00:00Z,21568,1806.16
1702.0,1736.0,1648.0,26523,1691.6,2022-04-04T04:00:00Z,7543,1687.34
1614.0,1680.0,1600.0,21774,1664.8,2022-04-05T04:00:00Z,6248,1636.2
1560.0,1588.4,1512.0,27306,1588.4,2022-04-06T04:00:00Z,7584,1542.36
1510.8,1608.0,1480.0,29781,1600.0,2022-04-07T04:00:00Z,8092,1509.86
1437.2,1528.8,1420.4,24747,1480.4,2022-04-08T04:00:00Z,6554,1473.37
1538.0,1697.2,1482.4,55869,1495.6,2022-04-11T04:00:00Z,17845,1615.28
1500.0,1560.0,1468.0,28790,1559.6,2022-04-12T04:00:00Z,6560,1497.56
1492.8,1535.2,1464.0,20621,1500.8,2022-04-13T04:00:00Z,4180,1509.37
1400.0,1500.4,1392.0,20900,1484.0,2022-04-14T04:00:00Z,5687,1434.48
1529.2,1708.8,1478.4,75727,1654.8,2022-04-18T04:00:00Z,27635,1561.96
1579.6,1609.2,1453.2,31115,1500.0,2022-04-19T04:00:00Z,10094,1540.82
1461.6,1542.0,1440.0,18137,1542.0,2022-04-20T04:00:00Z,5995,1479.79
1422.4,1480.0,1400.0,19107,1472.0,2022-04-21T04:00:00Z,5251,1434.74
1440.8,1466.0,1400.0,15900,1400.0,2022-04-22T04:00:00Z,3882,1428.76
1414.0,1438.4,1392.0,16679,1400.0,2022-04-25T04:00:00Z,4134,1408.1
1332.4,1402.4,1300.0,21943,1400.0,2022-04-26T04:00:00Z,6103,1336.35
1285.2,1348.0,1280.4,13284,1320.0,2022-04-27T04:00:00Z,3475,1305.72
1368.4,1464.0,1320.0,34371,1415.2,2022-04-28T04:00:00Z,12636,1384.14
1317.6,1360.0,1316.0,16436,1360.0,2022-04-29T04:00:00Z,4846,1331.04
1359.6,1385.6,1280.4,18941,1307.2,2022-05-02T04:00:00Z,4021,1332.11
1332.4,1380.0,1328.0,9859,1344.0,2022-05-03T04:00:00Z,2359,1344.14
1359.6,1364.0,1291.6,10147,1325.6,2022-05-04T04:00:00Z,3414,1316.5
1280.0,1355.2,1242.0,11993,1355.2,2022-05-05T04:00:00Z,3770,1286.61
1152.4,1233.2,1120.0,20077,1220.0,2022-05-06T04:00:00Z,5696,1159.71
1480.4,1520.0,1127.2,54482,1219.2,2022-05-09T04:00:00Z,21024,1349.88
1221.6,1287.6,1164.4,31521,1190.0,2022-05-10T04:00:00Z,10713,1219.37
1092.0,1244.0,1088.0,18721,1146.0,2022-05-11T04:00:00Z,5342,1154.52
1076.4,1138.0,1040.8,14263,1096.4,2022-05-12T04:00:00Z,4699,1082.08
1267.6,1284.4,1080.4,22739,1080.4,2022-05-13T04:00:00Z,6780,1208.56
1300.0,1346.0,1193.2,15258,1193.2,2022-05-16T04:00:00Z,4358,1292.24
1290.8,1359.6,1280.4,14090,1316.4,2022-05-17T04:00:00Z,2898,1325.98
1180.8,1280.0,1160.4,16839,1280.0,2022-05-18T04:00:00Z,4010,1197.1
1160.4,1194.0,1160.0,11436,1160.0,2022-05-19T04:00:00Z,2980,1171.94
1083.2,1189.6,1052.0,14027,1160.0,2022-05-20T04:00:00Z,4070,1098.17
1082.0,1124.8,1052.0,13317,1105.2,2022-05-23T04:00:00Z,3985,1086.88
935.6,1053.6,928.0,29297,1046.0,2022-05-24T04:00:00Z,10159,953.86
880.0,928.0,864.8,23914,924.0,2022-05-25T04:00:00Z,9275,888.53
859.6,920.0,840.4,21950,882.0,2022-05-26T04:00:00Z,6949,875.22
880.0,906.0,864.0,18647,880.0,2022-05-27T04:00:00Z,5809,883.91
878.4,903.6,860.0,17996,902.0,2022-05-31T04:00:00Z,6593,879.32
844.4,888.0,842.0,21039,887.6,2022-06-01T04:00:00Z,4758,854.95
875.6,1039.6,824.0,48800,838.8,2022-06-02T04:00:00Z,23895,919.18
850.0,928.0,841.6,39402,900.0,2022-06-03T04:00:00Z,19208,879.9
810.8,920.0,800.0,41814,880.0,2022-06-06T04:00:00Z,18303,838.04
767.2,808.0,760.0,51312,808.0,2022-06-07T04:00:00Z,16523,771.75
735.6,772.8,727.2,31883,763.2,2022-06-08T04:00:00Z,12551,748.29
702.8,780.0,680.0,47068,714.4,2022-06-09T04:00:00Z,25928,724.72
646.0,694.0,643.6,30418,688.4,2022-06-10T04:00:00Z,13553,657.63
596.4,630.8,590.8,26098,601.2,2022-06-13T04:00:00Z,9374,606.46
548.0,603.6,536.8,28903,600.0,2022-06-14T04:00:00Z,12194,558.23
546.8,556.0,520.0,25566,548.0,2022-06-15T04:00:00Z,9531,541.95
570.0,655.2,513.6,55302,540.0,2022-06-16T04:00:00Z,24488,583.5
565.6,632.0,565.6,44831,631.2,2022-06-17T04:00:00Z,24254,588.1
545.2,596.0,541.2,38713,588.0,2022-06-21T04:00:00Z,20059,560.35
758.8,920.0,670.8,268747,781.2,2022-06-22T04:00:00Z,165921,792.68
669.2,759.6,610.8,84114,721.2,2022-06-23T04:00:00Z,44263,670.26
614.8,646.0,600.0,46873,640.0,2022-06-24T04:00:00Z,31617,623.27
551.6,609.2,542.0,54200,608.4,2022-06-27T04:00:00Z,31791,560.78
530.8,579.2,526.4,56268,579.2,2022-06-28T04:00:00Z,28810,549.67
492.4,531.6,488.0,56314,525.2,2022-06-29T04:00:00Z,28786,499.08
457.6,545.6,440.0,70926,472.0,2022-06-30T04:00:00Z,56378,483.5
459.2,502.0,458.8,37765,482.0,2022-07-01T04:00:00Z,28197,473.13
445.6,462.8,420.8,40774,462.0,2022-07-05T04:00:00Z,26092,442.78
424.8,456.0,423.6,51805,444.0,2022-07-06T04:00:00Z,31455,432.2
439.2,452.0,412.0,83007,422.0,2022-07-07T04:00:00Z,49072,431.31
428.0,448.0,424.0,80948,438.0,2022-07-08T04:00:00Z,40512,431.97
406.4,424.8,404.0,50952,424.8,2022-07-11T04:00:00Z,37113,409.98
370.4,400.8,369.2,66280,400.0,2022-07-12T04:00:00Z,48465,380.36
382.0,468.0,380.0,177020,462.0,2022-07-13T04:00:00Z,122805,406.48
382.8,402.8,366.0,82942,400.0,2022-07-14T04:00:00Z,61323,380.32
402.0,435.2,367.2,70785,380.0,2022-07-15T04:00:00Z,63668,394.04
540.0,560.0,430.4,245220,446.4,2022-07-18T04:00:00Z,197851,491.22
530.0,720.0,500.0,318167,672.0,2022-07-19T04:00:00Z,244212,615.38
606.0,622.4,524.8,143162,566.0,2022-07-20T04:00:00Z,110372,572.81
605.6,656.0,570.0,123767,630.0,2022-07-21T04:00:00Z,94842,617.0
611.2,629.6,543.6,98243,585.2,2022-07-22T04:00:00Z,84932,581.82
582.0,620.0,550.0,102222,594.4,2022-07-25T04:00:00Z,92179,567.22
370.0,396.0,330.0,59003,394.0,2022-07-26T04:00:00Z,128911,352.67
312.0,364.0,306.0,33364,344.0,2022-07-27T04:00:00Z,96008,324.68
280.0,312.0,270.0,36599,310.0,2022-07-28T04:00:00Z,110272,281.41
284.0,311.72,280.0,31657,302.0,2022-07-29T04:00:00Z,95087,290.55
266.0,278.0,254.0,26155,274.0,2022-08-01T04:00:00Z,84958,263.24
252.0,266.0,250.0,24791,255.0,2022-08-02T04:00:00Z,61405,253.85
292.0,296.0,250.0,45743,258.0,2022-08-03T04:00:00Z,164285,277.75
334.0,362.0,304.0,52853,320.0,2022-08-04T04:00:00Z,174417,331.99
308.0,318.0,302.0,20881,310.2,2022-08-05T04:00:00Z,50043,309.18
300.0,324.0,294.0,16781,304.0,2022-08-08T04:00:00Z,41011,307.61
294.0,304.0,288.0,21103,304.0,2022-08-09T04:00:00Z,53200,293.87
268.0,268.0,236.0,27761,248.0,2022-08-10T04:00:00Z,82442,255.24
282.0,320.0,278.0,29151,304.0,2022-08-11T04:00:00Z,83555,298.55
292.0,298.0,282.0,12051,288.0,2022-08-12T04:00:00Z,27644,289.19
288.0,298.0,284.0,8715,294.0,2022-08-15T04:00:00Z,22351,290.05
286.0,294.0,276.0,11693,286.0,2022-08-16T04:00:00Z,33533,282.56
280.0,288.0,272.0,9445,280.0,2022-08-17T04:00:00Z,23210,278.4
264.0,278.0,258.0,12875,277.0,2022-08-18T04:00:00Z,39365,266.46
248.0,260.0,246.0,9233,260.0,2022-08-19T04:00:00Z,22753,252.15
232.0,241.0,226.0,9575,240.0,2022-08-22T04:00:00Z,22142,234.01
222.0,236.0,222.0,9184,234.0,2022-08-23T04:00:00Z,26033,228.49
232.0,246.0,220.0,10088,222.0,2022-08-24T04:00:00Z,26254,234.99
230.0,241.92,228.0,6616,236.0,2022-08-25T04:00:00Z,13865,233.11
222.0,232.02,218.0,8765,232.0,2022-08-26T04:00:00Z,23263,223.41
200.0,218.0,200.0,15296,216.0,2022-08-29T04:00:00Z,48030,205.8
189.66,202.0,182.0,16856,200.0,2022-08-30T04:00:00Z,55848,188.03
188.3,198.0,184.0,9348,185.46,2022-08-31T04:00:00Z,20855,190.4
177.5,187.96,172.54,11347,184.0,2022-09-01T04:00:00Z,29069,177.86
173.58,177.68,167.0,7010,177.48,2022-09-02T04:00:00Z,19001,172.91
165.94,172.0,161.92,7819,172.0,2022-09-06T04:00:00Z,17332,165.95
163.56,165.7,157.0,9918,160.0,2022-09-07T04:00:00Z,24571,160.73
167.8,175.0,159.8,8876,164.0,2022-09-08T04:00:00Z,20508,168.81
175.4,182.0,167.94,8569,168.0,2022-09-09T04:00:00Z,26784,177.14
180.6,189.99,170.14,9694,177.34,2022-09-12T04:00:00Z,24179,180.59
164.1,174.0,160.04,8645,172.34,2022-09-13T04:00:00Z,26944,168.09
164.14,164.14,158.0,9438,163.2,2022-09-14T04:00:00Z,41014,161.55
165.0,171.0,160.2,8923,160.2,2022-09-15T04:00:00Z,24188,166.03
145.68,162.98,145.36,13109,162.0,2022-09-16T04:00:00Z,40909,151.76
131.22,145.32,131.0,14784,141.7,2022-09-19T04:00:00Z,35657,134.27
123.88,131.9,122.6,8369,130.92,2022-09-20T04:00:00Z,18822,126.12
112.98,125.8,112.0,10625,125.8,2022-09-21T04:00:00Z,31613,116.09
103.4,113.96,102.84,8040,112.04,2022-09-22T04:00:00Z,24085,105.97
98.0,102.0,94.48,8845,101.6,2022-09-23T04:00:00Z,24022,97.89
100.16,109.96,98.5,11545,101.0,2022-09-26T04:00:00Z,36379,104.34
98.22,104.4,96.4,8568,102.24,2022-09-27T04:00:00Z,19612,100.65
102.24,103.64,96.5,8500,98.0,2022-09-28T04:00:00Z,18403,100.97
90.52,101.0,90.16,9473,100.0,2022-09-29T04:00:00Z,23600,93.35
90.62,110.0,86.02,10622,89.34,2022-09-30T04:00:00Z,44196,92.79
86.68,92.24,85.54,8093,92.0,2022-10-03T04:00:00Z,24555,87.36
91.34,93.0,87.2,8841,88.9,2022-10-04T04:00:00Z,25482,90.34
88.0,90.06,86.7,6672,87.82,2022-10-05T04:00:00Z,20411,87.79
83.88,90.84,82.52,8787,88.0,2022-10-06T04:00:00Z,45451,86.24
74.54,83.1,73.34,10682,83.0,2022-10-07T04:00:00Z,30772,77.28
85.14,98.0,77.9,43617,80.78,2022-10-10T04:00:00Z,217017,88.55
74.86,82.0,73.6,13608,82.0,2022-10-11T04:00:00Z,63639,75.82
76.22,80.02,74.0,9639,75.36,2022-10-12T04:00:00Z,28660,77.26
77.92,78.0,72.0,9398,74.0,2022-10-13T04:00:00Z,32099,75.05
72.0,79.66,71.28,7709,78.0,2022-10-14T04:00:00Z,24110,74.37
69.88,72.6,66.5,9536,72.0,2022-10-17T04:00:00Z,28816,70.31
66.62,71.6,66.5,12048,71.02,2022-10-18T04:00:00Z,44779,68.74
58.06,64.0,57.7,17131,64.0,2022-10-19T04:00:00Z,56516,60.35
58.02,61.52,57.0,17457,58.16,2022-10-20T04:00:00Z,78087,59.26
55.66,57.96,54.12,11935,57.2,2022-10-21T04:00:00Z,40125,55.84
51.5,55.8,50.3,13728,55.8,2022-10-24T04:00:00Z,64927,52.06
53.84,60.0,51.2,22391,51.3,2022-10-25T04:00:00Z,135355,56.64
51.7,55.38,51.2,13536,54.0,2022-10-26T04:00:00Z,72829,52.84
51.64,52.94,50.0,11849,52.9,2022-10-27T04:00:00Z,40980,51.92
48.7,52.86,48.34,14684,52.86,2022-10-28T04:00:00Z,51828,49.42
47.5,48.82,46.2,13038,48.8,2022-10-31T04:00:00Z,45230,47.58
46.0,50.0,45.1,12995,48.2,2022-11-01T04:00:00Z,59106,47.53
42.88,46.7,42.5,13327,46.4,2022-11-02T04:00:00Z,57264,43.56
40.42,42.8,40.4,13393,42.0,2022-11-03T04:00:00Z,49399,41.26
38.56,41.44,38.4,15610,41.36,2022-11-04T04:00:00Z,65135,39.31
34.48,38.4,34.06,18181,37.12,2022-11-07T05:00:00Z,87185,35.77
38.48,45.52,34.0,26977,34.5,2022-11-08T05:00:00Z,189087,40.07
34.36,38.04,34.0,15330,38.04,2022-11-09T05:00:00Z,56664,35.42
37.0,38.92,35.06,13555,35.6,2022-11-10T05:00:00Z,59289,37.27
55.6,59.96,36.7,47283,38.0,2022-11-11T05:00:00Z,345556,50.7
80.96,96.96,55.78,123845,56.0,2022-11-14T05:00:00Z,854335,80.46
55.56,70.0,52.5,46509,68.0,2022-11-15T05:00:00Z,236881,60.45
52.2,56.26,47.4,26711,56.12,2022-11-16T05:00:00Z,114132,51.48
46.58,51.98,46.0,17937,50.2,2022-11-17T05:00:00Z,69760,48.48
45.2,51.0,44.0,18026,47.5,2022-11-18T05:00:00Z,86619,47.19
38.22,45.18,37.98,20967,45.0,2022-11-21T05:00:00Z,110076,40.5
35.46,38.86,35.46,18186,38.74,2022-11-22T05:00:00Z,81736,36.7
35.12,36.36,34.52,14126,36.0,2022-11-23T05:00:00Z,88009,35.48
34.84,36.36,34.6,7492,36.2,2022-11-25T05:00:00Z,42790,35.18
35.1,42.0,34.54,21903,34.82,2022-11-28T05:00:00Z,153100,37.42
35.8,36.52,34.12,15872,36.38,2022-11-29T05:00:00Z,99088,35.55
35.4,36.54,34.3,17694,36.0,2022-11-30T05:00:00Z,116289,35.29
35.4,36.58,34.5,14637,35.42,2022-12-01T05:00:00Z,87773,35.44
35.64,36.8,35.06,12711,35.06,2022-12-02T05:00:00Z,80491,35.73
34.4,36.28,34.16,11811,36.14,2022-12-05T05:00:00Z,64696,35.11
30.4,34.58,30.0,16852,34.26,2022-12-06T05:00:00Z,117398,31.36
28.0,29.5,27.4,12011,29.5,2022-12-07T05:00:00Z,75067,28.2
28.14,29.36,27.84,7097,28.56,2022-12-08T05:00:00Z,34498,28.43
27.06,28.12,26.8,10185,28.0,2022-12-09T05:00:00Z,54285,27.34
25.78,28.06,25.5,13396,27.5,2022-12-12T05:00:00Z,72528,26.33
26.08,26.8,25.0,12228,26.0,2022-12-13T05:00:00Z,90104,25.93
23.32,26.04,23.0,15425,26.04,2022-12-14T05:00:00Z,87006,24.63
22.02,24.52,22.02,13985,23.7,2022-12-15T05:00:00Z,90010,23.18
22.2,26.98,22.2,43902,26.1,2022-12-16T05:00:00Z,330953,23.92
20.36,23.26,20.06,28014,23.26,2022-12-19T05:00:00Z,177180,20.96
18.58,20.32,18.1,22592,20.26,2022-12-20T05:00:00Z,163444,18.94
18.18,20.2,18.1,22406,20.0,2022-12-21T05:00:00Z,185481,18.79
17.06,18.52,16.52,22049,18.22,2022-12-22T05:00:00Z,180673,17.17
18.2,21.5,16.7,38398,17.22,2022-12-23T05:00:00Z,452133,19.27
17.82,18.9,17.08,14978,18.02,2022-12-27T05:00:00Z,140232,17.76
16.56,17.94,16.42,16385,17.94,2022-12-28T05:00:00Z,152575,16.92
17.14,18.98,16.28,27767,16.8,2022-12-29T05:00:00Z,243220,17.4
16.4,17.28,16.24,21558,17.02,2022-12-30T05:00:00Z,193697,16.57
16.28,16.88,15.88,23893,16.78,2023-01-03T05:00:00Z,193818,16.26
16.28,16.66,15.9,18794,16.22,2023-01-04T05:00:00Z,169163,16.23
16.26,16.46,15.62,25090,16.46,2023-01-05T05:00:00Z,254066,15.94
14.34,15.5,14.0,30029,15.48,2023-01-06T05:00:00Z,353293,14.47
14.1,15.46,14.0,30160,15.22,2023-01-09T05:00:00Z,310272,14.86
16.18,19.3,14.1,84326,14.5,2023-01-10T05:00:00Z,1100244,16.32
16.5,19.74,16.0,104401,19.38,2023-01-11T05:00:00Z,1177721,16.95
14.9,15.96,14.12,53007,15.86,2023-01-12T05:00:00Z,717831,15.0
14.26,15.4,14.0,51079,15.1,2023-01-13T05:00:00Z,596590,14.65
18.48,18.6,14.28,75841,14.44,2023-01-17T05:00:00Z,1246872,16.31
16.1,18.8,15.4,46329,17.88,2023-01-18T05:00:00Z,746680,16.57
14.68,16.0,14.5,43594,15.8,2023-01-19T05:00:00Z,641272,14.94
14.88,16.8,14.6,56544,15.16,2023-01-20T05:00:00Z,1018017,15.23
15.66,16.4,15.0,70764,15.98,2023-01-23T05:00:00Z,1113384,15.54
15.88,17.8,15.26,98599,16.0,2023-01-24T05:00:00Z,1826266,16.27
14.9,16.06,14.4,60331,16.0,2023-01-25T05:00:00Z,1285704,15.18
14.36,15.06,14.0,74788,15.0,2023-01-26T05:00:00Z,1292864,14.42
12.98,14.7,12.9,95167,14.18,2023-01-27T05:00:00Z,2049786,13.57
12.4,13.06,12.39,53520,13.06,2023-01-30T05:00:00Z,931527,12.6
12.18,13.0,11.38,82249,12.0,2023-01-31T05:00:00Z,1696879,11.97
11.46,12.58,11.1,75064,11.88,2023-02-01T05:00:00Z,1293970,11.79
12.86,13.8,11.48,57937,11.94,2023-02-02T05:00:00Z,1423417,12.26
11.96,12.5,11.86,42345,12.28,2023-02-03T05:00:00Z,788453,12.16
13.2,14.8,12.0,104567,12.1,2023-02-06T05:00:00Z,2077426,13.39
14.04,14.8,13.6,63622,14.2,2023-02-07T05:00:00Z,1137295,14.11
13.68,15.38,13.02,64790,14.76,2023-02-08T05:00:00Z,1292487,14.25
12.48,13.56,12.1,48019,13.24,2023-02-09T05:00:00Z,886549,12.61
12.58,13.4,11.8,48580,12.0,2023-02-10T05:00:00Z,727290,12.27
12.36,12.6,12.2,28108,12.22,2023-02-13T05:00:00Z,402224,12.32
12.7,13.08,12.32,27345,12.62,2023-02-14T05:00:00Z,401509,12.68
12.3,12.6,12.2,25935,12.5,2023-02-15T05:00:00Z,377246,12.36
12.1,12.44,11.82,24858,12.2,2023-02-16T05:00:00Z,395302,12.22
12.26,12.8,12.04,25096,12.4,2023-02-17T05:00:00Z,440692,12.33
11.94,12.6,11.76,30717,12.6,2023-02-21T05:00:00Z,455646,11.98
11.38,12.58,11.2,25848,12.0,2023-02-22T05:00:00Z,504271,11.42
10.46,12.0,10.12,35306,11.48,2023-02-23T05:00:00Z,604614,10.55
9.88,10.34,9.32,33359,10.28,2023-02-24T05:00:00Z,582204,9.823
9.9,10.52,9.9,23643,10.16,2023-02-27T05:00:00Z,314144,10.18
10.0,10.3,9.44,24778,10.0,2023-02-28T05:00:00Z,375936,9.908
9.7,10.1,8.0,19805,10.0,2023-03-01T05:00:00Z,324281,9.794
13.58,15.0,11.64,221130,13.58,2023-03-02T05:00:00Z,4205532,13.31
13.72,16.4,13.04,141206,15.02,2023-03-03T05:00:00Z,2445827,14.87
12.78,14.0,12.0,53379,14.0,2023-03-06T05:00:00Z,860876,13.12
12.3,12.88,11.62,48968,12.6,2023-03-07T05:00:00Z,676844,12.09
13.78,13.78,10.16,47637,10.68,2023-03-08T05:00:00Z,950010,11.75
11.78,12.88,11.78,34281,12.6,2023-03-09T05:00:00Z,599851,12.27
10.5,11.84,10.5,32059,11.82,2023-03-10T05:00:00Z,489568,10.89
10.1,10.26,8.48,31455,10.24,2023-03-13T04:00:00Z,508220,9.907
9.54,10.2,9.4,27345,10.0,2023-03-14T04:00:00Z,514602,9.769
9.12,9.66,8.62,35431,9.56,2023-03-15T04:00:00Z,567585,8.994
9.4,9.8,8.92,21733,9.0,2023-03-16T04:00:00Z,362715,9.381
9.2,10.84,9.2,45897,10.0,2023-03-17T04:00:00Z,955592,10.08
9.16,9.56,8.82,26406,9.12,2023-03-20T04:00:00Z,433192,9.041
8.94,9.3,8.82,21573,9.0,2023-03-21T04:00:00Z,368569,9.028
8.24,9.2,8.2,42690,8.88,2023-03-22T04:00:00Z,570905,8.477
7.76,8.48,7.7,36873,8.48,2023-03-23T04:00:00Z,603595,7.889
7.76,8.2,7.46,33230,7.86,2023-03-24T04:00:00Z,504768,7.79
7.12,7.98,7.0,39356,7.88,2023-03-27T04:00:00Z,576813,7.264
6.7,7.12,6.6,24755,7.06,2023-03-28T04:00:00Z,443002,6.797
7.14,7.96,6.44,38401,6.44,2023-03-29T04:00:00Z,670645,7.133
7.8,8.24,7.16,30834,7.22,2023-03-30T04:00:00Z,625537,7.667
7.78,8.3,7.64,24453,7.86,2023-03-31T04:00:00Z,416693,7.981
7.76,8.0,7.02,30075,7.78,2023-04-03T04:00:00Z,570359,7.413
7.12,7.5,6.8,29605,7.08,2023-04-04T04:00:00Z,320526,7.189
7.26,7.3,7.0,22024,7.2,2023-04-05T04:00:00Z,230513,7.157
7.08,7.28,6.9,18813,6.9,2023-04-06T04:00:00Z,254570,7.093
7.78,8.0,6.9,27343,7.0,2023-04-10T04:00:00Z,477719,7.554
8.74,8.8,7.6,33021,7.78,2023-04-11T04:00:00Z,645012,8.432
8.18,9.64,8.0,20534,8.74,2023-04-12T04:00:00Z,270486,8.255
10.06,10.98,8.0,57100,8.12,2023-04-13T04:00:00Z,1236285,9.737
10.4,11.9,9.52,67448,10.5,2023-04-14T04:00:00Z,1287256,10.82
9.1,10.36,8.84,35418,10.0,2023-04-17T04:00:00Z,644710,9.362
9.0,9.72,8.9,24519,9.2,2023-04-18T04:00:00Z,316269,9.204
8.5,8.76,8.04,22883,8.5,2023-04-19T04:00:00Z,307069,8.403
7.88,8.8,7.74,21200,8.4,2023-04-20T04:00:00Z,298836,8.032
8.22,8.88,7.8,23680,8.14,2023-04-21T04:00:00Z,328148,8.238
7.94,8.2,7.66,18944,8.06,2023-04-24T04:00:00Z,253405,7.924
7.3,8.24,7.22,23501,7.9,2023-04-25T04:00:00Z,324928,7.473
7.14,7.58,6.6,22141,7.3,2023-04-26T04:00:00Z,358824,6.996
6.72,7.26,6.64,23790,7.26,2023-04-27T04:00:00Z,284755,6.794
6.8,7.58,6.66,24457,7.16,2023-04-28T04:00:00Z,429468,6.988
6.9,6.92,6.6,29404,6.8,2023-05-01T04:00:00Z,359821,6.719
7.3,7.7,6.8,37454,6.96,2023-05-02T04:00:00Z,481721,7.12
6.5,7.1,6.48,33527,7.1,2023-05-03T04:00:00Z,488609,6.719
6.04,6.56,6.0,33951,6.56,2023-05-04T04:00:00Z,490447,6.195
6.24,6.6,6.06,30390,6.06,2023-05-05T04:00:00Z,372577,6.218
6.42,6.58,6.22,23671,6.34,2023-05-08T04:00:00Z,249091,6.409
6.34,6.6,6.26,22494,6.48,2023-05-09T04:00:00Z,203784,6.353
6.34,6.38,6.18,18313,6.34,2023-05-10T04:00:00Z,180500,6.287
6.12,6.48,6.06,20607,6.2,2023-05-11T04:00:00Z,229711,6.24
5.0,6.42,5.0,42768,6.14,2023-05-12T04:00:00Z,837657,5.404
3.08,4.5,2.62,29274,4.5,2023-05-15T04:00:00Z,4934945,3.128853
6.28,7.8859,2.66,247321,2.95,2023-05-16T04:00:00Z,54838888,5.792741
6.65,8.85,5.7,215065,6.51,2023-05-17T04:00:00Z,47452786,7.555733
6.35,7.96,6.0,58117,7.1,2023-05-18T04:00:00Z,10085915,6.897361
4.91,6.45,4.9,26090,6.38,2023-05-19T04:00:00Z,4197509,5.351399
4.61,5.17,4.4,16295,4.89,2023-05-22T04:00:00Z,2469019,4.674541
4.86,5.64,4.56,18232,4.56,2023-05-23T04:00:00Z,3326487,5.099587
4.6,4.8369,4.44,7141,4.75,2023-05-24T04:00:00Z,895799,4.598603
4.0,4.68,3.95,8699,4.58,2023-05-25T04:00:00Z,1148528,4.185551
4.68,4.88,4.03,11511,4.03,2023-05-26T04:00:00Z,1899313,4.554289
4.73,4.85,4.26,6883,4.67,2023-05-30T04:00:00Z,1053334,4.545574
5.15,5.6699,4.5708,13146,4.61,2023-05-31T04:00:00Z,2680845,5.314744
5.23,5.4593,4.85,6327,5.15,2023-06-01T04:00:00Z,1316110,5.20245
5.26,5.35,5.02,4802,5.24,2023-06-02T04:00:00Z,636165,5.187647
5.06,5.2999,4.9114,3984,5.28,2023-06-05T04:00:00Z,595334,5.078983
5.05,5.35,4.96,4505,5.02,2023-06-06T04:00:00Z,665189,5.150161
4.85,5.2,4.75,3703,5.09,2023-06-07T04:00:00Z,413123,4.921721
4.69,5.0,4.56,4141,4.86,2023-06-08T04:00:00Z,653131,4.741685
5.03,5.74,4.9,11541,4.91,2023-06-09T04:00:00Z,2397687,5.289429
4.98,5.199,4.95,3972,5.05,2023-06-12T04:00:00Z,538441,5.068116
4.99,5.09,4.8,3788,5.01,2023-06-13T04:00:00Z,537450,4.937419
5.07,5.25,4.91,4238,5.01,2023-06-14T04:00:00Z,641331,5.103775
5.0,5.14,4.85,2829,4.94,2023-06-15T04:00:00Z,373240,4.982221
4.98,5.14,4.8799,4045,5.1,2023-06-16T04:00:00Z,672777,5.004163
4.77,5.1,4.68,4519,4.92,2023-06-20T04:00:00Z,551259,4.826676
4.46,4.77,4.32,4877,4.77,2023-06-21T04:00:00Z,647626,4.469099
4.6,4.63,4.25,3426,4.4,2023-06-22T04:00:00Z,418310,4.452334
4.8,4.8438,4.4988,3891,4.5,2023-06-23T04:00:00Z,441925,4.700372
4.87,5.07,4.7775,4473,4.82,2023-06-26T04:00:00Z,492466,4.95228
4.69,4.9399,4.66,2387,4.87,2023-06-27T04:00:00Z,265169,4.754567
4.64,4.71,4.53,2609,4.71,2023-06-28T04:00:00Z,237860,4.616398
4.65,4.73,4.55,1865,4.58,2023-06-29T04:00:00Z,186272,4.638494
4.65,4.75,4.56,1979,4.69,2023-06-30T04:00:00Z,205883,4.627807
4.83,4.88,4.59,1906,4.59,2023-07-03T04:00:00Z,172046,4.775747
4.61,4.83,4.61,2104,4.83,2023-07-05T04:00:00Z,230270,4.70587
4.48,4.6,4.35,2442,4.6,2023-07-06T04:00:00Z,277067,4.448989
4.71,4.75,4.4,2975,4.42,2023-07-07T04:00:00Z,255370,4.622863
4.82,4.88,4.61,2354,4.69,2023-07-10T04:00:00Z,178553,4.81582
4.99,5.1389,4.72,3810,4.78,2023-07-11T04:00:00Z,369832,5.006057
5.2,5.53,5.1,4551,5.15,2023-07-12T04:00:00Z,601585,5.304394
5.1,5.29,5.014,2098,5.29,2023-07-13T04:00:00Z,178166,5.13542
4.83,5.13,4.807,2497,5.09,2023-07-14T04:00:00Z,215451,4.958894
4.94,5.07,4.76,2559,4.83,2023-07-17T04:00:00Z,243749,4.911537
5.09,5.2185,4.76,2640,4.96,2023-07-18T04:00:00Z,266869,5.039639
5.23,5.26,5.01,2499,5.1,2023-07-19T04:00:00Z,221938,5.15767
5.13,5.4,5.1,2885,5.27,2023-07-20T04:00:00Z,311961,5.257848
5.26,5.27,4.99,2518,5.14,2023-07-21T04:00:00Z,218354,5.141246
5.25,5.34,5.02,2445,5.27,2023-07-24T04:00:00Z,234204,5.138519
5.52,5.78,5.15,5784,5.25,2023-07-25T04:00:00Z,591561,5.567393
6.03,6.18,5.4065,7195,5.5,2023-07-26T04:00:00Z,828379,5.935775
6.12,6.42,5.8202,6763,6.1,2023-07-27T04:00:00Z,816143,6.189402
6.09,6.48,5.9221,3975,6.11,2023-07-28T04:00:00Z,402841,6.234164
6.34,6.59,5.83,4217,6.12,2023-07-31T04:00:00Z,499334,6.308738
6.5,6.57,6.2514,2775,6.37,2023-08-01T04:00:00Z,267233,6.452264
5.7,6.459,5.64,4485,6.37,2023-08-02T04:00:00Z,434924,5.945107
5.88,5.925,5.58,2939,5.7,2023-08-03T04:00:00Z,249503,5.797091
5.49,5.96,5.46,2710,5.92,2023-08-04T04:00:00Z,253394,5.697501
5.57,5.68,5.29,2877,5.63,2023-08-07T04:00:00Z,236392,5.51252
5.37,5.5,5.2,2333,5.41,2023-08-08T04:00:00Z,153834,5.354906
5.07,5.36,4.99,2974,5.31,2023-08-09T04:00:00Z,225449,5.123104
4.92,5.72,4.66,17013,5.56,2023-08-10T04:00:00Z,1938593,5.088061
4.705,4.84,4.5715,4019,4.73,2023-08-11T04:00:00Z,358144,4.68385
4.65,4.96,4.55,3189,4.66,2023-08-14T04:00:00Z,395964,4.688112
4.47,4.6496,4.2253,3874,4.53,2023-08-15T04:00:00Z,341005,4.385397
4.45,4.63,4.3504,2066,4.42,2023-08-16T04:00:00Z,207234,4.489185
4.45,4.5,4.33,2266,4.44,2023-08-17T04:00:00Z,177830,4.404534
4.18,4.4399,4.17,2841,4.35,2023-08-18T04:00:00Z,251886,4.253122
4.04,4.25,4.0,2156,4.2,2023-08-21T04:00:00Z,163774,4.082114
3.97,4.1,3.823,2160,4.05,2023-08-22T04:00:00Z,233352,3.943492
4.23,4.26,3.902,2382,3.94,2023-08-23T04:00:00Z,327085,4.142861
4.1,4.23,4.0111,1343,4.22,2023-08-24T04:00:00Z,114618,4.087991
4.12,4.125,3.91,1470,4.1,2023-08-25T04:00:00Z,118635,4.045376
4.19,4.24,4.1,1416,4.2,2023-08-28T04:00:00Z,112721,4.177322
4.23,4.37,4.09,2227,4.19,2023-08-29T04:00:00Z,166093,4.25528
4.22,4.2866,4.16,1513,4.16,2023-08-30T04:00:00Z,98905,4.206961
4.38,4.45,4.1371,1915,4.22,2023-08-31T04:00:00Z,157183,4.354326
4.3,4.46,4.25,1654,4.43,2023-09-01T04:00:00Z,106380,4.374638
4.34,4.5,4.3,1160,4.5,2023-09-05T04:00:00Z,89416,4.364779
4.08,4.3546,4.06,1857,4.31,2023-09-06T04:00:00Z,133039,4.138491
4.02,4.053,3.91,1216,3.96,2023-09-07T04:00:00Z,96500,3.98746
3.88,4.0,3.84,1613,3.98,2023-09-08T04:00:00Z,129983,3.900458
3.78,3.9652,3.75,1653,3.9,2023-09-11T04:00:00Z,154561,3.827781
3.75,3.8397,3.72,1545,3.76,2023-09-12T04:00:00Z,121228,3.761494
3.93,3.93,3.65,2173,3.77,2023-09-13T04:00:00Z,341405,3.840429
3.8,3.8954,3.7646,1475,3.83,2023-09-14T04:00:00Z,145841,3.836843
3.71,3.87,3.7,1144,3.81,2023-09-15T04:00:00Z,122682,3.756972
3.59,3.7894,3.5201,1673,3.69,2023-09-18T04:00:00Z,170900,3.599712
3.52,3.63,3.5,1257,3.58,2023-09-19T04:00:00Z,104673,3.523564
3.54,3.79,3.46,1927,3.55,2023-09-20T04:00:00Z,246741,3.66783
3.56,3.63,3.4317,1138,3.5,2023-09-21T04:00:00Z,116886,3.533077
3.58,3.6318,3.55,791,3.6,2023-09-22T04:00:00Z,66205,3.591493
3.82,3.87,3.51,1502,3.51,2023-09-25T04:00:00Z,147921,3.73604
4.09,4.2359,3.72,2175,3.72,2023-09-26T04:00:00Z,227633,4.075223
4.3,4.4,4.1166,1772,4.12,2023-09-27T04:00:00Z,237237,4.284671
4.24,4.47,4.16,1373,4.3,2023-09-28T04:00:00Z,100380,4.289522
4.22,4.49,4.18,1513,4.32,2023-09-29T04:00:00Z,165318,4.352531
4.14,4.325,4.05,788,4.21,2023-10-02T04:00:00Z,55872,4.13976
3.9,4.13,3.8735,1045,4.04,2023-10-03T04:00:00Z,67074,3.955362
3.89,3.9,3.77,661,3.85,2023-10-04T04:00:00Z,51388,3.849112
3.72,3.89,3.71,879,3.89,2023-10-05T04:00:00Z,73254,3.760572
3.78,3.82,3.65,1037,3.71,2023-10-06T04:00:00Z,79756,3.739673
3.65,3.755,3.56,1032,3.69,2023-10-09T04:00:00Z,69164,3.651396
3.94,3.98,3.65,1068,3.65,2023-10-10T04:00:00Z,90986,3.858411
3.82,3.97,3.71,1086,3.97,2023-10-11T04:00:00Z,194843,3.802768
3.65,3.83,3.63,1332,3.75,2023-10-12T04:00:00Z,149837,3.684338
3.34,3.72,3.28,2454,3.66,2023-10-13T04:00:00Z,240236,3.445896
3.32,3.3768,3.25,1895,3.33,2023-10-16T04:00:00Z,103853,3.293615
3.4,3.45,3.195,1423,3.26,2023-10-17T04:00:00Z,91171,3.374392
3.2,3.43,3.13,1525,3.43,2023-10-18T04:00:00Z,105237,3.23547
3.01,3.18,3.0,1344,3.18,2023-10-19T04:00:00Z,113400,3.067971
3.04,3.1927,3.0,799,3.04,2023-10-20T04:00:00Z,72437,3.073793
3.1,3.15,3.0025,831,3.06,2023-10-23T04:00:00Z,60901,3.065462
3.16,3.2358,3.05,851,3.1,2023-10-24T04:00:00Z,59965,3.140109
3.04,3.16,3.01,884,3.13,2023-10-25T04:00:00Z,69837,3.05242
2.85,3.1,2.8,1753,3.01,2023-10-26T04:00:00Z,170408,2.925767
2.9,3.02,2.83,905,2.91,2023-10-27T04:00:00Z,63412,2.92247
3.07,3.13,2.89,1185,2.94,2023-10-30T04:00:00Z,99293,3.02965
3.02,3.12,2.96,635,3.12,2023-10-31T04:00:00Z,53781,3.03552
3.0,3.0842,2.96,807,3.06,2023-11-01T04:00:00Z,76021,3.011036
3.15,3.18,2.94,1356,3.03,2023-11-02T04:00:00Z,139775,3.098232
3.31,3.41,3.07,1516,3.07,2023-11-03T04:00:00Z,146887,3.295155
3.25,3.3654,3.16,580,3.36,2023-11-06T05:00:00Z,49241,3.262481
3.24,3.34,3.16,737,3.16,2023-11-07T05:00:00Z,80089,3.260037
2.96,3.24,2.94,1198,3.21,2023-11-08T05:00:00Z,94707,3.06585
2.69,3.08,2.65,1985,3.08,2023-11-09T05:00:00Z,203207,2.768595
2.61,2.72,2.59,1469,2.7,2023-11-10T05:00:00Z,119415,2.626968
2.75,2.875,2.6135,1417,2.77,2023-11-13T05:00:00Z,139895,2.75814
3.13,3.2,2.72,2254,2.72,2023-11-14T05:00:00Z,209883,3.026665
3.31,3.5,3.1638,1682,3.19,2023-11-15T05:00:00Z,144701,3.356801
3.14,3.35,3.06,1180,3.35,2023-11-16T05:00:00Z,105827,3.192392
3.22,3.29,3.04,1041,3.07,2023-11-17T05:00:00Z,97012,3.138902
3.28,3.48,3.23,1384,3.23,2023-11-20T05:00:00Z,116834,3.378818
3.06,3.275,3.0,1119,3.2,2023-11-21T05:00:00Z,98879,3.092723
3.06,3.16,3.02,688,3.09,2023-11-22T05:00:00Z,48199,3.071139
3.22,3.22,3.077,497,3.08,2023-11-24T05:00:00Z,45082,3.142513
3.22,3.23,3.03,991,3.12,2023-11-27T05:00:00Z,78982,3.140053
3.08,3.24,3.0,1071,3.24,2023-11-28T05:00:00Z,91304,3.108897
3.25,3.33,3.1154,1452,3.12,2023-11-29T05:00:00Z,135143,3.226557
3.34,3.49,3.15,1535,3.2,2023-11-30T05:00:00Z,174760,3.346422
3.62,3.71,3.3,2107,3.3,2023-12-01T05:00:00Z,167919,3.539697
3.86,4.11,3.6559,2522,3.69,2023-12-04T05:00:00Z,245477,3.953156
3.665,4.3416,3.59,2269,3.86,2023-12-05T05:00:00Z,306860,4.024332
3.515,3.7882,3.5,1058,3.72,2023-12-06T05:00:00Z,104386,3.644828
3.35,3.6101,3.3016,1245,3.56,2023-12-07T05:00:00Z,82375,3.389516
3.47,3.6338,3.31,1097,3.31,2023-12-08T05:00:00Z,79715,3.44096
3.42,3.6454,3.4,837,3.47,2023-12-11T05:00:00Z,79791,3.526664
3.31,3.63,3.25,947,3.41,2023-12-12T05:00:00Z,63882,3.310425
3.4,3.43,3.1397,970,3.29,2023-12-13T05:00:00Z,51279,3.294097
3.61,3.729,3.5,1676,3.5,2023-12-14T05:00:00Z,139966,3.635045
3.41,3.82,3.41,1173,3.66,2023-12-15T05:00:00Z,87417,3.510751
3.24,3.4776,3.21,1080,3.43,2023-12-18T05:00:00Z,82052,3.300978
3.39,3.4062,3.2055,1113,3.32,2023-12-19T05:00:00Z,79771,3.298124
3.16,3.4494,3.08,1338,3.43,2023-12-20T05:00:00Z,104622,3.294424
3.28,3.36,3.2,1027,3.2,2023-12-21T05:00:00Z,119523,3.296334
3.37,3.5999,3.29,1288,3.29,2023-12-22T05:00:00Z,142178,3.452785
3.42,3.6312,3.37,1474,3.44,2023-12-26T05:00:00Z,139766,3.508373
3.48,3.6,3.375,1153,3.48,2023-12-27T05:00:00Z,86756,3.480435
3.43,3.85,3.43,2265,3.54,2023-12-28T05:00:00Z,237619,3.66589
3.36,3.57,3.23,1508,3.57,2023-12-29T05:00:00Z,130846,3.360635
3.24,3.415,3.17,1134,3.38,2024-01-02T05:00:00Z,114808,3.266
3.08,3.23,3.03,1203,3.23,2024-01-03T05:00:00Z,84133,3.109517
3.04,3.13,3.01,896,3.08,2024-01-04T05:00:00Z,77453,3.066067
3.01,3.1,2.95,1173,3.03,2024-01-05T05:00:00Z,80938,3.029654
2.97,3.07,2.9,1466,3.07,2024-01-08T05:00:00Z,128750,2.955518
2.97,3.03,2.9,1080,2.92,2024-01-09T05:00:00Z,65020,2.985614
2.95,3.01,2.91,928,2.99,2024-01-10T05:00:00Z,86490,2.951662
2.8,2.975,2.75,1341,2.95,2024-01-11T05:00:00Z,121482,2.832154
2.75,2.9,2.71,1167,2.8,2024-01-12T05:00:00Z,99150,2.795447
2.52,2.76,2.41,2435,2.74,2024-01-16T05:00:00Z,208596,2.564077
2.45,2.5588,2.35,1168,2.5,2024-01-17T05:00:00Z,90951,2.412218
2.39,2.45,2.26,1450,2.38,2024-01-18T05:00:00Z,140526,2.353804
2.24,2.3868,2.1301,1808,2.38,2024-01-19T05:00:00Z,196949,2.209391
2.46,2.48,2.1637,1416,2.24,2024-01-22T05:00:00Z,129692,2.377831
2.5,2.68,2.48,1419,2.55,2024-01-23T05:00:00Z,161932,2.595991
2.43,2.66,2.39,1104,2.66,2024-01-24T05:00:00Z,102078,2.468704
2.4,2.5,2.3645,755,2.5,2024-01-25T05:00:00Z,68097,2.417378
2.35,2.49,2.31,920,2.4,2024-01-26T05:00:00Z,91315,2.37634
2.48,2.55,2.3001,971,2.34,2024-01-29T05:00:00Z,76247,2.463355
2.315,2.53,2.29,994,2.47,2024-01-30T05:00:00Z,97335,2.365013
2.23,2.31,2.2,950,2.3,2024-01-31T05:00:00Z,171612,2.262847
2.15,2.3,2.11,1245,2.3,2024-02-01T05:00:00Z,134029,2.178004
2.13,2.16,2.02,1160,2.09,2024-02-02T05:00:00Z,105386,2.0776
2.08,2.17,2.04,875,2.08,2024-02-05T05:00:00Z,80800,2.080957
2.14,2.15,2.0151,735,2.08,2024-02-06T05:00:00Z,87509,2.084242
2.1,2.15,2.1,630,2.11,2024-02-07T05:00:00Z,57203,2.126201
2.24,2.3,2.094,936,2.13,2024-02-08T05:00:00Z,96699,2.217982
2.25,2.34,2.15,882,2.26,2024-02-09T05:00:00Z,110001,2.24451
2.26,2.39,2.255,1059,2.28,2024-02-12T05:00:00Z,92839,2.325474
2.185,2.259,2.12,973,2.25,2024-02-13T05:00:00Z,84874,2.189955
2.23,2.31,2.17,752,2.17,2024-02-14T05:00:00Z,64299,2.22607
2.31,2.34,2.18,1068,2.23,2024-02-15T05:00:00Z,107599,2.268944
2.24,2.3321,2.21,834,2.32,2024-02-16T05:00:00Z,59744,2.248366
2.23,2.25,2.16,802,2.22,2024-02-20T05:00:00Z,69021,2.205537
2.23,2.24,2.16,579,2.18,2024-02-21T05:00:00Z,46524,2.19148
2.13,2.24,2.11,996,2.23,2024-02-22T05:00:00Z,127211,2.176323
2.1,2.14,2.07,789,2.1,2024-02-23T05:00:00Z,81588,2.093009
2.22,2.24,2.11,827,2.11,2024-02-26T05:00:00Z,76911,2.177977
2.32,2.36,2.17,902,2.19,2024-02-27T05:00:00Z,104200,2.264635
2.32,2.33,2.25,749,2.32,2024-02-28T05:00:00Z,59467,2.283812
2.23,2.3,2.19,730,2.3,2024-02-29T05:00:00Z,53622,2.252096
2.26,2.3,2.18,805,2.25,2024-03-01T05:00:00Z,75256,2.246641
2.21,2.33,2.1,1383,2.33,2024-03-04T05:00:00Z,137917,2.191222
2.19,2.2423,2.1361,783,2.23,2024-03-05T05:00:00Z,59832,2.189294
2.2,2.28,2.14,736,2.28,2024-03-06T05:00:00Z,66057,2.188711
2.19,2.23,2.177,570,2.18,2024-03-07T05:00:00Z,34947,2.199878
2.175,2.21,2.15,597,2.18,2024-03-08T05:00:00Z,45667,2.186294
2.125,2.19,2.1,791,2.17,2024-03-11T04:00:00Z,71012,2.147459
2.14,2.18,2.1001,489,2.18,2024-03-12T04:00:00Z,52130,2.138203
1.83,2.18,1.83,1897,2.14,2024-03-13T04:00:00Z,363496,1.90851
2.07,2.15,1.915,1819,1.95,2024-03-14T04:00:00Z,226204,2.046286
2.53,2.58,2.15,3510,2.15,2024-03-15T04:00:00Z,674806,2.403447
2.29,2.85,2.21,2776,2.6,2024-03-18T04:00:00Z,434844,2.506698
2.21,2.43,2.2,1086,2.3,2024-03-19T04:00:00Z,147860,2.311152
2.41,2.42,2.15,1182,2.17,2024-03-20T04:00:00Z,229695,2.319927
2.75,2.97,2.45,3428,2.45,2024-03-21T04:00:00Z,499722,2.758379
2.66,2.75,2.42,1273,2.75,2024-03-22T04:00:00Z,210851,2.574996
3.05,3.21,2.61,2920,2.61,2024-03-25T04:00:00Z,474504,3.029588
3.07,3.58,3.05,3212,3.14,2024-03-26T04:00:00Z,531481,3.294939
3.055,3.31,3.01,1463,3.1,2024-03-27T04:00:00Z,186251,3.130345
3.25,3.35,3.05,1595,3.09,2024-03-28T04:00:00Z,246489,3.212153
3.02,3.29,2.92,1509,3.28,2024-04-01T04:00:00Z,194387,3.068122
2.92,3.0208,2.825,1063,2.97,2024-04-02T04:00:00Z,108939,2.908239
2.41,2.88,2.4,2208,2.87,2024-04-03T04:00:00Z,292683,2.58374
2.4,2.51,2.3501,1339,2.5,2024-04-04T04:00:00Z,179405,2.440629
2.29,2.39,2.21,1049,2.21,2024-04-05T04:00:00Z,153435,2.248985
2.58,2.66,2.26,1340,2.29,2024-04-08T04:00:00Z,158270,2.477824
2.49,2.6,2.41,806,2.58,2024-04-09T04:00:00Z,86017,2.499651
2.43,2.555,2.35,662,2.43,2024-04-10T04:00:00Z,142777,2.436766
2.49,2.55,2.43,594,2.43,2024-04-11T04:00:00Z,38719,2.489517
2.36,2.6,2.3,1023,2.59,2024-04-12T04:00:00Z,98396,2.407451
2.33,2.4804,2.2,938,2.34,2024-04-15T04:00:00Z,84959,2.285264
2.35,2.35,2.2,648,2.33,2024-04-16T04:00:00Z,80042,2.276043
2.34,2.35,2.2401,597,2.35,2024-04-17T04:00:00Z,97592,2.295508
2.0,2.3197,1.95,1540,2.16,2024-04-18T04:00:00Z,317217,2.089891
1.98,2.08,1.95,964,2.0,2024-04-19T04:00:00Z,102484,1.995603
2.01,2.05,1.87,1280,2.05,2024-04-22T04:00:00Z,193854,1.951899
1.95,2.065,1.93,858,1.99,2024-04-23T04:00:00Z,92174,1.991914
1.96,2.01,1.9018,831,1.93,2024-04-24T04:00:00Z,152085,1.961303
1.99,2.0385,1.9002,545,1.99,2024-04-25T04:00:00Z,85603,1.960661
2.02,2.07,2.0,599,2.04,2024-04-26T04:00:00Z,69020,2.037047
2.31,2.35,2.04,1376,2.04,2024-04-29T04:00:00Z,198551,2.244173
2.2,2.3747,2.17,728,2.35,2024-04-30T04:00:00Z,81341,2.281813
2.085,2.25,2.07,628,2.21,2024-05-01T04:00:00Z,79185,2.148227
2.13,2.14,1.99,737,2.1,2024-05-02T04:00:00Z,108918,2.067763
2.11,2.26,2.11,804,2.15,2024-05-03T04:00:00Z,89310,2.17509
2.59,2.87,2.28,5304,2.28,2024-05-06T04:00:00Z,819249,2.636645
2.49,2.75,2.3794,1175,2.75,2024-05-07T04:00:00Z,188084,2.529919
2.47,2.52,2.35,734,2.43,2024-05-08T04:00:00Z,73478,2.433038
2.42,2.525,2.36,729,2.47,2024-05-09T04:00:00Z,83596,2.428608
2.38,2.48,2.35,544,2.42,2024-05-10T04:00:00Z,45722,2.414618
2.65,2.79,2.31,1850,2.38,2024-05-13T04:00:00Z,273149,2.597245
2.89,3.15,2.6608,2388,2.69,2024-05-14T04:00:00Z,319720,2.956061
2.79,3.072,2.75,1317,2.9,2024-05-15T04:00:00Z,146074,2.84644
2.59,2.7,2.31,1420,2.7,2024-05-16T04:00:00Z,220655,2.532656
2.55,2.78,2.5001,875,2.56,2024-05-17T04:00:00Z,109294,2.604335
2.66,2.7,2.53,681,2.53,2024-05-20T04:00:00Z,47445,2.612746
2.75,2.79,2.6301,690,2.66,2024-05-21T04:00:00Z,54347,2.715241
2.78,2.94,2.57,1561,2.74,2024-05-22T04:00:00Z,265582,2.775805
2.61,2.74,2.5748,796,2.61,2024-05-23T04:00:00Z,57712,2.646789
2.78,2.88,2.63,725,2.63,2024-05-24T04:00:00Z,94231,2.772236
2.66,2.85,2.62,611,2.78,2024-05-28T04:00:00Z,63379,2.725017
2.54,2.73,2.5,797,2.65,2024-05-29T04:00:00Z,109314,2.581776
2.51,2.62,2.38,903,2.38,2024-05-30T04:00:00Z,115811,2.484973
2.4,2.6444,2.4,909,2.47,2024-05-31T04:00:00Z,88007,2.476581
2.55,2.56,2.38,1229,2.43,2024-06-03T04:00:00Z,104386,2.446398
2.52,2.58,2.4505,698,2.51,2024-06-04T04:00:00Z,47796,2.502295
2.4925,2.62,2.45,599,2.5,2024-06-05T04:00:00Z,65233,2.520394
2.47,2.56,2.35,838,2.45,2024-06-06T04:00:00Z,68048,2.45003
2.35,2.4869,2.35,574,2.41,2024-06-07T04:00:00Z,33857,2.402087
2.42,2.49,2.36,642,2.42,2024-06-10T04:00:00Z,48622,2.415542
2.31,2.42,2.2677,597,2.38,2024-06-11T04:00:00Z,43924,2.355876
2.36,2.41,2.3135,519,2.38,2024-06-12T04:00:00Z,33709,2.373528
2.4,2.498,2.29,664,2.49,2024-06-13T04:00:00Z,61005,2.376453
2.27,2.36,2.2109,652,2.36,2024-06-14T04:00:00Z,66827,2.268033
2.26,2.3,2.2101,527,2.26,2024-06-17T04:00:00Z,22190,2.241385
2.18,2.35,2.16,715,2.23,2024-06-18T04:00:00Z,75316,2.233013
2.05,2.18,2.05,749,2.18,2024-06-20T04:00:00Z,66015,2.132589
2.04,2.19,2.04,626,2.09,2024-06-21T04:00:00Z,48966,2.08047
2.31,2.7399,2.27,42019,2.52,2024-06-24T04:00:00Z,8080179,2.440186
2.25,2.4,2.1,2928,2.31,2024-06-25T04:00:00Z,479758,2.281602
2.27,2.31,2.16,778,2.2,2024-06-26T04:00:00Z,117979,2.25685
2.41,2.42,2.194,1125,2.25,2024-06-27T04:00:00Z,145077,2.301208
2.43,2.45,2.3145,640,2.4,2024-06-28T04:00:00Z,78868,2.380933
2.25,2.4399,2.2001,1313,2.41,2024-07-01T04:00:00Z,186082,2.291731
2.26,2.3,2.22,554,2.23,2024-07-02T04:00:00Z,76144,2.256403
2.35,2.3594,2.26,410,2.26,2024-07-03T04:00:00Z,59144,2.307107
2.34,2.35,2.2501,584,2.3,2024-07-05T04:00:00Z,58010,2.298055
2.25,2.34,2.21,822,2.26,2024-07-08T04:00:00Z,105522,2.269397
2.25,2.3,2.2,581,2.2,2024-07-09T04:00:00Z,42431,2.244709
2.29,2.3343,2.23,729,2.23,2024-07-10T04:00:00Z,64745,2.281689
2.37,2.4,2.2757,835,2.29,2024-07-11T04:00:00Z,55445,2.337522
2.45,2.5,2.3033,779,2.33,2024-07-12T04:00:00Z,75326,2.429519
2.32,2.44,2.31,816,2.42,2024-07-15T04:00:00Z,62468,2.388419
2.43,2.44,2.3101,573,2.32,2024-07-16T04:00:00Z,75129,2.375451
2.49,2.55,2.33,749,2.43,2024-07-17T04:00:00Z,109717,2.450185
2.44,2.65,2.44,828,2.52,2024-07-18T04:00:00Z,100508,2.560583
2.47,2.49,2.3801,476,2.44,2024-07-19T04:00:00Z,41732,2.450815
2.42,2.59,2.35,648,2.59,2024-07-22T04:00:00Z,74048,2.455872
2.49,2.5818,2.38,734,2.38,2024-07-23T04:00:00Z,96514,2.499318
2.42,2.505,2.41,439,2.46,2024-07-24T04:00:00Z,42749,2.443105
2.4,2.51,2.35,517,2.51,2024-07-25T04:00:00Z,47451,2.411833
2.5,2.53,2.42,455,2.53,2024-07-26T04:00:00Z,41277,2.491641
2.45,2.54,2.4314,437,2.48,2024-07-29T04:00:00Z,58092,2.482107
2.42,2.505,2.4037,275,2.505,2024-07-30T04:00:00Z,24655,2.446376
2.45,2.5,2.37,404,2.5,2024-07-31T04:00:00Z,52173,2.427489
2.3,2.4635,2.2535,531,2.43,2024-08-01T04:00:00Z,58930,2.366079
2.19,2.27,2.17,595,2.2,2024-08-02T04:00:00Z,48861,2.210368
2.12,2.15,1.9692,618,2.08,2024-08-05T04:00:00Z,74679,2.072909
2.2,2.28,2.1201,586,2.2,2024-08-06T04:00:00Z,47178,2.215559
2.17,2.3299,2.1501,434,2.27,2024-08-07T04:00:00Z,39253,2.227758
2.17,2.2015,2.1,377,2.19,2024-08-08T04:00:00Z,46956,2.158534
2.07,2.19,2.07,398,2.16,2024-08-09T04:00:00Z,31910,2.136907
2.06,2.13,2.01,468,2.06,2024-08-12T04:00:00Z,40750,2.06817
2.17,2.18,2.0201,429,2.03,2024-08-13T04:00:00Z,59227,2.129462
2.17,2.2019,2.1,370,2.2,2024-08-14T04:00:00Z,22055,2.15324
2.13,2.2099,2.11,496,2.17,2024-08-15T04:00:00Z,32490,2.152761
2.15,2.2065,2.09,453,2.125,2024-08-16T04:00:00Z,30468,2.148868
2.17,2.2,2.11,453,2.15,2024-08-19T04:00:00Z,49455,2.163037
2.06,2.2255,2.04,670,2.15,2024-08-20T04:00:00Z,68778,2.096095
2.2,2.2,2.11,426,2.11,2024-08-21T04:00:00Z,63442,2.166436
2.15,2.2498,2.15,345,2.21,2024-08-22T04:00:00Z,27604,2.19094
2.15,2.23,2.14,438,2.18,2024-08-23T04:00:00Z,30407,2.174019
2.26,2.3195,2.16,552,2.16,2024-08-26T04:00:00Z,62943,2.24353
2.15,2.25,2.11,463,2.25,2024-08-27T04:00:00Z,35874,2.156595
2.13,2.18,2.1,432,2.12,2024-08-28T04:00:00Z,32210,2.128329
2.15,2.16,2.09,346,2.12,2024-08-29T04:00:00Z,28715,2.127185
2.07,2.1487,2.0,524,2.14,2024-08-30T04:00:00Z,62101,2.062645
2.0,2.0873,1.9701,576,2.08,2024-09-03T04:00:00Z,46751,2.021317
1.97,2.0786,1.96,497,1.97,2024-09-04T04:00:00Z,48228,1.999463
1.9904,2.05,1.96,566,1.96,2024-09-05T04:00:00Z,45948,1.99363
1.99,2.0692,1.94,470,2.02,2024-09-06T04:00:00Z,46918,1.969219
1.92,2.0,1.92,416,1.96,2024-09-09T04:00:00Z,49005,1.966621
1.96,2.0,1.91,454,1.91,2024-09-10T04:00:00Z,52900,1.965232
1.99,2.02,1.9274,398,1.96,2024-09-11T04:00:00Z,28273,1.982002
2.05,2.07,1.98,389,1.99,2024-09-12T04:00:00Z,35821,2.048399
2.07,2.1428,2.02,538,2.06,2024-09-13T04:00:00Z,68096,2.058366
2.04,2.12,2.01,435,2.05,2024-09-16T04:00:00Z,39841,2.062125
2.06,2.0956,2.04,385,2.05,2024-09-17T04:00:00Z,17154,2.06434
2.01,2.08,2.0,355,2.06,2024-09-18T04:00:00Z,37575,2.040464
2.03,2.1,2.0,474,2.01,2024-09-19T04:00:00Z,38002,2.042224
2.02,2.0522,2.0001,360,2.02,2024-09-20T04:00:00Z,32285,2.024871
1.98,2.0299,1.95,382,2.0,2024-09-23T04:00:00Z,44477,1.981259
2.09,2.19,1.96,656,1.96,2024-09-24T04:00:00Z,94007,2.058636
2.127,2.19,2.01,606,2.02,2024-09-25T04:00:00Z,100405,2.089967
2.17,2.1892,2.0501,668,2.16,2024-09-26T04:00:00Z,87042,2.120096
2.12,2.1886,2.07,592,2.15,2024-09-27T04:00:00Z,41465,2.118985
2.06,2.139,2.0,409,2.08,2024-09-30T04:00:00Z,34279,2.092301
2.02,2.08,1.97,414,2.08,2024-10-01T04:00:00Z,36157,2.006072
2.0,2.07,1.96,411,2.02,2024-10-02T04:00:00Z,31272,1.99561
1.97,2.01,1.95,372,2.01,2024-10-03T04:00:00Z,48053,1.970552
2.06,2.15,1.979,602,1.98,2024-10-04T04:00:00Z,79170,2.055552
2.09,2.0995,2.0512,438,2.06,2024-10-07T04:00:00Z,16534,2.075234
2.02,2.11,2.02,427,2.09,2024-10-08T04:00:00Z,25838,2.062299
2.03,2.0499,2.0,388,2.03,2024-10-09T04:00:00Z,21953,2.018083
1.97,2.0421,1.96,395,2.03,2024-10-10T04:00:00Z,33178,1.999867
2.04,2.17,1.95,1165,1.98,2024-10-11T04:00:00Z,265263,2.080052
2.07,2.1,2.0201,396,2.06,2024-10-14T04:00:00Z,40907,2.068696
2.08,2.0966,2.03,412,2.07,2024-10-15T04:00:00Z,35579,2.067251
2.09,2.09,2.0298,351,2.09,2024-10-16T04:00:00Z,23984,2.057772
1.98,2.075,1.98,468,2.07,2024-10-17T04:00:00Z,48845,2.024337
1.97,2.0597,1.97,465,1.99,2024-10-18T04:00:00Z,77760,1.992836
1.97,2.0199,1.96,523,2.0,2024-10-21T04:00:00Z,58307,1.982081
1.99,2.02,1.9514,501,1.98,2024-10-22T04:00:00Z,62711,1.978423
1.98,2.05,1.95,437,1.95,2024-10-23T04:00:00Z,73884,1.986966
1.98,2.0033,1.95,380,1.97,2024-10-24T04:00:00Z,40293,1.969189
1.98,2.0,1.9501,445,1.96,2024-10-25T04:00:00Z,45879,1.973502
1.97,2.0297,1.97,557,2.0,2024-10-28T04:00:00Z,54971,1.989974
1.97,1.99,1.95,471,1.95,2024-10-29T04:00:00Z,67638,1.961616
1.93,1.9615,1.92,449,1.95,2024-10-30T04:00:00Z,50781,1.943208
1.92,1.96,1.91,439,1.93,2024-10-31T04:00:00Z,62142,1.92891
1.89,1.93,1.89,441,1.92,2024-11-01T04:00:00Z,46969,1.906244
1.96,2.0,1.8515,1002,1.87,2024-11-04T05:00:00Z,190675,1.932776
1.99,2.0,1.93,501,1.98,2024-11-05T05:00:00Z,67782,1.979292
1.98,2.02,1.95,913,2.0,2024-11-06T05:00:00Z,169150,1.984997
1.15,1.5,1.12,11538,1.5,2024-11-07T05:00:00Z,2595151,1.255522
1.15,1.15,1.15,0,1.15,2024-11-08T05:00:00Z,0,0.0
1.15,1.15,1.15,0,1.15,2024-11-11T05:00:00Z,0,0.0
1.15,1.15,1.15,0,1.15,2024-11-12T05:00:00Z,0,0.0
1.15,1.15,1.15,0,1.15,2024-11-13T05:00:00Z,0,0.0
1.15,1.15,1.15,0,1.15,2024-11-14T05:00:00Z,0,0.0
1.15,1.15,1.15,0,1.15,2024-11-15T05:00:00Z,0,0.0
1.15,1.15,1.15,0,1.15,2024-11-18T05:00:00Z,0,0.0
1.15,1.15,1.15,0,1.15,2024-11-19T05:00:00Z,0,0.0
1.15,1.15,1.15,0,1.15,2024-11-20T05:00:00Z,0,0.0
1.15,1.15,1.15,0,1.15,2024-11-21T05:00:00Z,0,0.0
1.15,1.15,1.15,0,1.15,2024-11-22T05:00:00Z,0,0.0
1.15,1.15,1.15,0,1.15,2024-11-25T05:00:00Z,0,0.0
1.15,1.15,1.15,0,1.15,2024-11-26T05:00:00Z,0,0.0
1.15,1.15,1.15,0,1.15,2024-11-27T05:00:00Z,0,0.0
1.15,1.15,1.15,0,1.15,2024-11-29T05:00:00Z,0,0.0
1.15,1.15,1.15,0,1.15,2024-12-02T05:00:00Z,0,0.0
1.15,1.15,1.15,0,1.15,2024-12-03T05:00:00Z,0,0.0
1.15,1.15,1.15,0,1.15,2024-12-04T05:00:00Z,0,0.0
1.15,1.15,1.15,0,1.15,2024-12-05T05:00:00Z,0,0.0
1.15,1.15,1.15,0,1.15,2024-12-06T05:00:00Z,0,0.0
1.15,1.15,1.15,0,1.15,2024-12-09T05:00:00Z,0,0.0
1.15,1.15,1.15,0,1.15,2024-12-10T05:00:00Z,0,0.0
1.15,1.15,1.15,0,1.15,2024-12-11T05:00:00Z,0,0.0
1.15,1.15,1.15,0,1.15,2024-12-12T05:00:00Z,0,0.0
1.15,1.15,1.15,0,1.15,2024-12-13T05:00:00Z,0,0.0
1.15,1.15,1.15,0,1.15,2024-12-16T05:00:00Z,0,0.0
1.15,1.15,1.15,0,1.15,2024-12-17T05:00:00Z,0,0.0
1.15,1.15,1.15,0,1.15,2024-12-18T05:00:00Z,0,0.0
1.15,1.15,1.15,0,1.15,2024-12-19T05:00:00Z,0,0.0
1.15,1.15,1.15,0,1.15,2024-12-20T05:00:00Z,0,0.0
1.15,1.15,1.15,0,1.15,2024-12-23T05:00:00Z,0,0.0
1.15,1.15,1.15,0,1.15,2024-12-24T05:00:00Z,0,0.0
1.15,1.15,1.15,0,1.15,2024-12-26T05:00:00Z,0,0.0
1.15,1.15,1.15,0,1.15,2024-12-27T05:00:00Z,0,0.0
1.15,1.15,1.15,0,1.15,2024-12-30T05:00:00Z,0,0.0
1.15,1.15,1.15,0,1.15,2024-12-31T05:00:00Z,0,0.0
1.15,1.15,1.15,0,1.15,2025-01-02T05:00:00Z,0,0.0
